store_id,model_id,eol_status,current_stock,forecast_units,excess_units,price,excess_inventory_value,transfer_destination,transfer_demand_gap,hold_cost,transfer_cost,markdown_rate,markdown_loss,markdown_recovery,recommended_action,recommended_cost,reason
BLR04,MOD035,post_successor,8.0,2.0027657608695653,5.997234239130435,29000.0,173919.79293478263,DAV02,0.4237722321428572,6956.791717391306,3298.4788315217393,0.3,52175.93788043479,121743.85505434783,TRANSFER,3298.4788315217393,"TRANSFER 6 units to DAV02: destination has 0.4 units of demand gap; transfer cost is ₹3,298, below the estimated markdown loss of ₹52,176."
BLR08,MOD040,post_successor,7.0,1.366241517857143,5.6337584821428575,35000.0,197181.546875,TUM01,0.5706589285714286,7887.261875,3098.5671651785715,0.3,59154.464062499996,138027.0828125,TRANSFER,3098.5671651785715,"TRANSFER 6 units to TUM01: destination has 0.6 units of demand gap; transfer cost is ₹3,099, below the estimated markdown loss of ₹59,154."
BLR03,MOD046,post_successor,7.0,1.6209964285714287,5.379003571428571,50000.0,268950.1785714286,MYS01,0.5664865178571428,10758.007142857143,2958.451964285714,0.3,80685.05357142857,188265.125,TRANSFER,2958.451964285714,"TRANSFER 5 units to MYS01: destination has 0.6 units of demand gap; transfer cost is ₹2,958, below the estimated markdown loss of ₹80,685."
CHI01,MOD004,post_successor,12.0,3.1008301435406693,8.89916985645933,8000.0,71193.35885167464,BLR02,0.46045366883116867,2847.734354066986,4894.543421052632,0.3,21358.00765550239,49835.35119617225,HOLD,2847.734354066986,"HOLD 9 units: estimated carrying/opportunity cost is ₹2,848, lower than available liquidation alternatives."
HUB02,MOD023,post_successor,6.0,1.096025892857143,4.903974107142857,13500.0,66203.65044642857,BEL01,0.37616666666666665,2648.146017857143,2697.1857589285714,0.3,19861.09513392857,46342.5553125,HOLD,2648.146017857143,"HOLD 5 units: estimated carrying/opportunity cost is ₹2,648, lower than available liquidation alternatives."
BLR01,MOD035,post_successor,6.0,1.2675583333333331,4.732441666666666,29000.0,137240.80833333332,DAV02,0.4237722321428572,5489.632333333333,2602.8429166666665,0.3,41172.24249999999,96068.56583333333,TRANSFER,2602.8429166666665,"TRANSFER 5 units to DAV02: destination has 0.4 units of demand gap; transfer cost is ₹2,603, below the estimated markdown loss of ₹41,172."
HUB02,MOD004,post_successor,10.0,3.576268636363636,6.423731363636364,8000.0,51389.85090909091,BLR02,0.46045366883116867,2055.5940363636364,3533.05225,0.3,15416.955272727271,35972.89563636364,HOLD,2055.5940363636364,"HOLD 6 units: estimated carrying/opportunity cost is ₹2,056, lower than available liquidation alternatives."
TUM01,MOD032,post_successor,5.0,1.4423392857142858,3.5576607142857144,27000.0,96056.83928571429,KAL01,0.5660504464285714,3842.273571428572,1956.713392857143,0.3,28817.051785714288,67239.7875,TRANSFER,1956.713392857143,"TRANSFER 4 units to KAL01: destination has 0.6 units of demand gap; transfer cost is ₹1,957, below the estimated markdown loss of ₹28,817."
TUM01,MOD016,post_successor,5.0,1.5059825892857144,3.4940174107142856,14000.0,48916.24375,BLR07,0.8825798214285716,1956.64975,1921.7095758928572,0.3,14674.873125,34241.370625,TRANSFER,1921.7095758928572,"TRANSFER 3 units to BLR07: destination has 0.9 units of demand gap; transfer cost is ₹1,922, below the estimated markdown loss of ₹14,675."
BLR04,MOD038,post_successor,4.0,0.7394879464285714,3.2605120535714285,33500.0,109227.15379464286,HOS01,0.925769732142857,4369.086151785715,1793.2816294642857,0.3,32768.146138392854,76459.00765625,TRANSFER,1793.2816294642857,"TRANSFER 3 units to HOS01: destination has 0.9 units of demand gap; transfer cost is ₹1,793, below the estimated markdown loss of ₹32,768."
BLR06,MOD053,post_successor,4.0,0.8242741071428572,3.175725892857143,88500.0,281051.7415178571,BLR04,0.9461768750000001,11242.069660714285,1746.6492410714286,0.3,84315.52245535713,196736.2190625,TRANSFER,1746.6492410714286,"TRANSFER 3 units to BLR04: destination has 0.9 units of demand gap; transfer cost is ₹1,747, below the estimated markdown loss of ₹84,316."
BLR04,MOD044,post_successor,4.0,0.8297745535714286,3.1702254464285713,36500.0,115713.22879464286,HOS01,0.6473458333333334,4628.529151785714,1743.6239955357141,0.3,34713.96863839286,80999.26015625,TRANSFER,1743.6239955357141,"TRANSFER 3 units to HOS01: destination has 0.6 units of demand gap; transfer cost is ₹1,744, below the estimated markdown loss of ₹34,714."
HUB01,MOD004,post_successor,8.0,2.635745454545454,5.364254545454546,8000.0,42914.03636363637,BLR02,0.46045366883116867,1716.5614545454548,2950.3400000000006,0.3,12874.21090909091,30039.82545454546,HOLD,1716.5614545454548,"HOLD 5 units: estimated carrying/opportunity cost is ₹1,717, lower than available liquidation alternatives."
KAL01,MOD023,post_successor,4.0,0.832153125,3.167846875,13500.0,42765.9328125,BEL01,0.37616666666666665,1710.6373125000002,1742.3157812499999,0.3,12829.77984375,29936.15296875,HOLD,1710.6373125000002,"HOLD 3 units: estimated carrying/opportunity cost is ₹1,711, lower than available liquidation alternatives."
BLR02,MOD026,post_successor,4.0,0.9228361607142856,3.0771638392857144,25000.0,76929.09598214286,BLR01,0.8357705357142857,3077.1638392857144,1692.4401116071429,0.3,23078.728794642855,53850.3671875,TRANSFER,1692.4401116071429,"TRANSFER 3 units to BLR01: destination has 0.8 units of demand gap; transfer cost is ₹1,692, below the estimated markdown loss of ₹23,079."
BLR07,MOD034,post_successor,4.0,0.9255120535714285,3.0744879464285715,28000.0,86085.6625,MYS01,0.4537125,3443.4265000000005,1690.9683705357143,0.3,25825.69875,60259.96375000001,TRANSFER,1690.9683705357143,"TRANSFER 3 units to MYS01: destination has 0.5 units of demand gap; transfer cost is ₹1,691, below the estimated markdown loss of ₹25,826."
HUB02,MOD016,post_successor,4.0,0.9545455882352942,3.0454544117647058,14000.0,42636.36176470588,BLR07,0.8825798214285716,1705.4544705882352,1674.9999264705882,0.3,12790.908529411763,29845.453235294117,TRANSFER,1674.9999264705882,"TRANSFER 3 units to BLR07: destination has 0.9 units of demand gap; transfer cost is ₹1,675, below the estimated markdown loss of ₹12,791."
TUM01,MOD022,post_successor,5.0,1.8301124999999998,3.1698875,13000.0,41208.537500000006,BLR06,0.48583410714285713,1648.3415000000002,1743.4381250000001,0.3,12362.56125,28845.976250000007,HOLD,1648.3415000000002,"HOLD 3 units: estimated carrying/opportunity cost is ₹1,648, lower than available liquidation alternatives."
BLR04,MOD052,post_successor,4.0,1.0705553571428572,2.929444642857143,85000.0,249002.79464285713,SHI01,0.5274184821428572,9960.111785714285,1611.1945535714285,0.3,74700.83839285714,174301.95625,TRANSFER,1611.1945535714285,"TRANSFER 3 units to SHI01: destination has 0.5 units of demand gap; transfer cost is ₹1,611, below the estimated markdown loss of ₹74,701."
KOP01,MOD022,post_successor,4.0,0.9221424107142859,3.0778575892857143,13000.0,40012.14866071429,BLR06,0.48583410714285713,1600.4859464285714,1692.8216741071428,0.3,12003.644598214285,28008.504062500004,HOLD,1600.4859464285714,"HOLD 3 units: estimated carrying/opportunity cost is ₹1,600, lower than available liquidation alternatives."
MYS02,MOD031,post_successor,4.0,1.0908596153846155,2.9091403846153847,26000.0,75637.65000000001,CHI01,0.7522826785714285,3025.5060000000003,1600.0272115384616,0.3,22691.295000000002,52946.35500000001,TRANSFER,1600.0272115384616,"TRANSFER 3 units to CHI01: destination has 0.8 units of demand gap; transfer cost is ₹1,600, below the estimated markdown loss of ₹22,691."
BLR01,MOD031,post_successor,4.0,1.1052428571428572,2.894757142857143,26000.0,75263.68571428572,CHI01,0.7522826785714285,3010.547428571429,1592.1164285714285,0.3,22579.105714285713,52684.58,TRANSFER,1592.1164285714285,"TRANSFER 3 units to CHI01: destination has 0.8 units of demand gap; transfer cost is ₹1,592, below the estimated markdown loss of ₹22,579."
BLR08,MOD013,post_successor,4.0,0.7448397321428571,3.2551602678571427,12000.0,39061.923214285714,UDU01,0.5251885714285714,1562.4769285714285,1790.3381473214286,0.3,11718.576964285714,27343.346250000002,HOLD,1562.4769285714285,"HOLD 3 units: estimated carrying/opportunity cost is ₹1,562, lower than available liquidation alternatives."
HUB01,MOD003,post_successor,7.0,1.7918751623376619,5.208124837662338,7500.0,39060.93628246754,BLR03,0.35000000000000003,1562.4374512987017,2864.468660714286,0.3,11718.280884740261,27342.655397727278,HOLD,1562.4374512987017,"HOLD 5 units: estimated carrying/opportunity cost is ₹1,562, lower than available liquidation alternatives."
MYS02,MOD005,post_successor,8.0,2.0638157608695655,5.9361842391304345,6500.0,38585.197554347826,HOS01,0.8836690178571429,1543.407902173913,3264.901331521739,0.3,11575.559266304348,27009.638288043476,HOLD,1543.407902173913,"HOLD 6 units: estimated carrying/opportunity cost is ₹1,543, lower than available liquidation alternatives."
BLR04,MOD046,post_successor,5.0,2.2196531250000002,2.7803468749999998,50000.0,139017.34375,MYS01,0.5664865178571428,5560.69375,1529.1907812499999,0.3,41705.203125,97312.140625,TRANSFER,1529.1907812499999,"TRANSFER 3 units to MYS01: destination has 0.6 units of demand gap; transfer cost is ₹1,529, below the estimated markdown loss of ₹41,705."
TUM01,MOD025,post_successor,4.0,1.3164173076923078,2.6835826923076924,24000.0,64405.984615384616,KOP01,0.5733017857142857,2576.2393846153846,1475.9704807692308,0.3,19321.795384615383,45084.18923076923,TRANSFER,1475.9704807692308,"TRANSFER 3 units to KOP01: destination has 0.6 units of demand gap; transfer cost is ₹1,476, below the estimated markdown loss of ₹19,322."
TUM02,MOD004,post_successor,6.0,1.4333595779220778,4.566640422077922,8000.0,36533.12337662338,BLR02,0.46045366883116867,1461.324935064935,2511.6522321428574,0.3,10959.937012987013,25573.186363636363,HOLD,1461.324935064935,"HOLD 5 units: estimated carrying/opportunity cost is ₹1,461, lower than available liquidation alternatives."
UDU01,MOD016,post_successor,4.0,1.4030598214285717,2.5969401785714283,14000.0,36357.1625,BLR07,0.8825798214285716,1454.2865,1428.3170982142856,0.3,10907.148749999998,25450.01375,TRANSFER,1428.3170982142856,"TRANSFER 3 units to BLR07: destination has 0.9 units of demand gap; transfer cost is ₹1,428, below the estimated markdown loss of ₹10,907."
TUM01,MOD031,post_successor,4.0,1.4106415178571428,2.589358482142857,26000.0,67323.32053571429,CHI01,0.7522826785714285,2692.9328214285715,1424.1471651785714,0.3,20196.996160714287,47126.324375,TRANSFER,1424.1471651785714,"TRANSFER 3 units to CHI01: destination has 0.8 units of demand gap; transfer cost is ₹1,424, below the estimated markdown loss of ₹20,197."
SHI01,MOD011,post_successor,6.0,1.6073691964285712,4.3926308035714285,8000.0,35141.046428571426,BLR03,0.613314642857143,1405.6418571428571,2415.9469419642855,0.3,10542.313928571428,24598.7325,HOLD,1405.6418571428571,"HOLD 4 units: estimated carrying/opportunity cost is ₹1,406, lower than available liquidation alternatives."
TUM01,MOD013,post_successor,5.0,2.144026666666667,2.855973333333333,12000.0,34271.67999999999,UDU01,0.5251885714285714,1370.8671999999997,1570.7853333333333,0.3,10281.503999999997,23990.175999999996,HOLD,1370.8671999999997,"HOLD 3 units: estimated carrying/opportunity cost is ₹1,371, lower than available liquidation alternatives."
MAN01,MOD032,post_successor,5.0,2.5238129464285715,2.4761870535714285,27000.0,66857.05044642858,KAL01,0.5660504464285714,2674.2820178571433,1361.9028794642857,0.3,20057.11513392857,46799.935312500005,TRANSFER,1361.9028794642857,"TRANSFER 2 units to KAL01: destination has 0.6 units of demand gap; transfer cost is ₹1,362, below the estimated markdown loss of ₹20,057."
KOP01,MOD017,post_successor,4.0,1.52416875,2.4758312499999997,14500.0,35899.553125,TUM02,0.41681491071428567,1435.982125,1361.7071875,0.3,10769.865937499999,25129.6871875,TRANSFER,1361.7071875,"TRANSFER 2 units to TUM02: destination has 0.4 units of demand gap; transfer cost is ₹1,362, below the estimated markdown loss of ₹10,770."
HOS01,MOD004,post_successor,9.0,4.758613246753247,4.241386753246753,8000.0,33931.094025974024,BLR02,0.46045366883116867,1357.2437610389609,2332.7627142857145,0.3,10179.328207792207,23751.76581818182,HOLD,1357.2437610389609,"HOLD 4 units: estimated carrying/opportunity cost is ₹1,357, lower than available liquidation alternatives."
BLR08,MOD016,post_successor,3.0,0.5323044642857143,2.467695535714286,14000.0,34547.7375,BLR07,0.8825798214285716,1381.9095000000002,1357.2325446428572,0.3,10364.32125,24183.416250000002,TRANSFER,1357.2325446428572,"TRANSFER 2 units to BLR07: destination has 0.9 units of demand gap; transfer cost is ₹1,357, below the estimated markdown loss of ₹10,364."
BLR06,MOD038,post_successor,3.0,0.5456839285714286,2.4543160714285714,33500.0,82219.58839285714,HOS01,0.925769732142857,3288.783535714286,1349.8738392857142,0.3,24665.87651785714,57553.711875,TRANSFER,1349.8738392857142,"TRANSFER 2 units to HOS01: destination has 0.9 units of demand gap; transfer cost is ₹1,350, below the estimated markdown loss of ₹24,666."
BLR02,MOD013,post_successor,4.0,1.2136000000000002,2.7863999999999995,12000.0,33436.799999999996,UDU01,0.5251885714285714,1337.4719999999998,1532.5199999999998,0.3,10031.039999999999,23405.759999999995,HOLD,1337.4719999999998,"HOLD 3 units: estimated carrying/opportunity cost is ₹1,337, lower than available liquidation alternatives."
HOS01,MOD035,post_successor,3.0,0.568875,2.4311249999999998,29000.0,70502.625,DAV02,0.4237722321428572,2820.105,1337.1187499999999,0.3,21150.7875,49351.8375,TRANSFER,1337.1187499999999,"TRANSFER 2 units to DAV02: destination has 0.4 units of demand gap; transfer cost is ₹1,337, below the estimated markdown loss of ₹21,151."
BLR01,MOD025,post_successor,5.0,2.5714119047619044,2.4285880952380956,24000.0,58286.11428571429,KOP01,0.5733017857142857,2331.4445714285716,1335.7234523809525,0.3,17485.834285714285,40800.280000000006,TRANSFER,1335.7234523809525,"TRANSFER 2 units to KOP01: destination has 0.6 units of demand gap; transfer cost is ₹1,336, below the estimated markdown loss of ₹17,486."
BLR08,MOD052,post_successor,4.0,1.5776172321428572,2.422382767857143,85000.0,205902.53526785717,SHI01,0.5274184821428572,8236.101410714287,1332.3105223214286,0.3,61770.76058035715,144131.77468750003,TRANSFER,1332.3105223214286,"TRANSFER 2 units to SHI01: destination has 0.5 units of demand gap; transfer cost is ₹1,332, below the estimated markdown loss of ₹61,771."
BLR06,MOD032,post_successor,3.0,0.5835924107142858,2.416407589285714,27000.0,65243.00491071428,KAL01,0.5660504464285714,2609.720196428571,1329.0241741071427,0.3,19572.901473214282,45670.103437499994,TRANSFER,1329.0241741071427,"TRANSFER 2 units to KAL01: destination has 0.6 units of demand gap; transfer cost is ₹1,329, below the estimated markdown loss of ₹19,573."
BLR07,MOD050,post_successor,3.0,0.618940625,2.381059375,43500.0,103576.0828125,BLR05,0.3880936607142858,4143.0433125,1309.58265625,0.3,31072.824843749997,72503.25796875,TRANSFER,1309.58265625,"TRANSFER 2 units to BLR05: destination has 0.4 units of demand gap; transfer cost is ₹1,310, below the estimated markdown loss of ₹31,073."
CHI01,MOD002,post_successor,6.0,1.637695982142857,4.362304017857143,7500.0,32717.280133928576,DAV01,0.4020975,1308.691205357143,2399.267209821429,0.3,9815.184040178572,22902.096093750006,HOLD,1308.691205357143,"HOLD 4 units: estimated carrying/opportunity cost is ₹1,309, lower than available liquidation alternatives."
MYS02,MOD040,post_successor,3.0,0.6236041666666665,2.3763958333333335,35000.0,83173.85416666667,TUM01,0.5706589285714286,3326.954166666667,1307.0177083333333,0.3,24952.15625,58221.69791666667,TRANSFER,1307.0177083333333,"TRANSFER 2 units to TUM01: destination has 0.6 units of demand gap; transfer cost is ₹1,307, below the estimated markdown loss of ₹24,952."
KAL01,MOD019,post_successor,4.0,1.0333901785714286,2.9666098214285714,11000.0,32632.708035714284,BLR02,0.5594267857142857,1305.3083214285714,1631.6354017857143,0.3,9789.812410714285,22842.895624999997,HOLD,1305.3083214285714,"HOLD 3 units: estimated carrying/opportunity cost is ₹1,305, lower than available liquidation alternatives."
SHI01,MOD017,post_successor,3.0,0.6312133928571428,2.368786607142857,14500.0,34347.405803571426,TUM02,0.41681491071428567,1373.8962321428571,1302.8326339285713,0.3,10304.221741071427,24043.184062499997,TRANSFER,1302.8326339285713,"TRANSFER 2 units to TUM02: destination has 0.4 units of demand gap; transfer cost is ₹1,303, below the estimated markdown loss of ₹10,304."
DAV02,MOD017,post_successor,3.0,0.6325458333333333,2.3674541666666666,14500.0,34328.08541666667,TUM02,0.41681491071428567,1373.1234166666668,1302.0997916666668,0.3,10298.425625,24029.65979166667,TRANSFER,1302.0997916666668,"TRANSFER 2 units to TUM02: destination has 0.4 units of demand gap; transfer cost is ₹1,302, below the estimated markdown loss of ₹10,298."
CHI01,MOD013,post_successor,4.0,1.3121480769230771,2.6878519230769227,12000.0,32254.223076923074,UDU01,0.5251885714285714,1290.168923076923,1478.3185576923074,0.3,9676.266923076922,22577.95615384615,HOLD,1290.168923076923,"HOLD 3 units: estimated carrying/opportunity cost is ₹1,290, lower than available liquidation alternatives."
BLR02,MOD003,post_successor,7.0,2.712724675324675,4.287275324675325,7500.0,32154.564935064936,BLR03,0.35000000000000003,1286.1825974025976,2358.0014285714287,0.3,9646.369480519481,22508.195454545457,HOLD,1286.1825974025976,"HOLD 4 units: estimated carrying/opportunity cost is ₹1,286, lower than available liquidation alternatives."
BEL01,MOD037,post_successor,3.0,0.6790160714285715,2.3209839285714287,32000.0,74271.48571428572,TUM01,0.4394410714285715,2970.859428571429,1276.5411607142858,0.3,22281.445714285717,51990.04000000001,TRANSFER,1276.5411607142858,"TRANSFER 2 units to TUM01: destination has 0.4 units of demand gap; transfer cost is ₹1,277, below the estimated markdown loss of ₹22,281."
KAL01,MOD016,post_successor,3.0,0.6954843749999999,2.304515625,14000.0,32263.21875,BLR07,0.8825798214285716,1290.52875,1267.48359375,0.3,9678.965624999999,22584.253125000003,TRANSFER,1267.48359375,"TRANSFER 2 units to BLR07: destination has 0.9 units of demand gap; transfer cost is ₹1,267, below the estimated markdown loss of ₹9,679."
BLR07,MOD052,post_successor,3.0,0.70693125,2.2930687499999998,85000.0,194910.84374999997,SHI01,0.5274184821428572,7796.433749999999,1261.1878124999998,0.3,58473.25312499999,136437.59062499998,TRANSFER,1261.1878124999998,"TRANSFER 2 units to SHI01: destination has 0.5 units of demand gap; transfer cost is ₹1,261, below the estimated markdown loss of ₹58,473."
BLR04,MOD016,post_successor,3.0,0.7281897321428571,2.271810267857143,14000.0,31805.343750000004,BLR07,0.8825798214285716,1272.2137500000001,1249.4956473214286,0.3,9541.603125000001,22263.740625000002,TRANSFER,1249.4956473214286,"TRANSFER 2 units to BLR07: destination has 0.9 units of demand gap; transfer cost is ₹1,249, below the estimated markdown loss of ₹9,542."
BLR08,MOD035,post_successor,3.0,0.7332441964285714,2.266755803571429,29000.0,65735.91830357144,DAV02,0.4237722321428572,2629.4367321428576,1246.715691964286,0.3,19720.775491071432,46015.14281250001,TRANSFER,1246.715691964286,"TRANSFER 2 units to DAV02: destination has 0.4 units of demand gap; transfer cost is ₹1,247, below the estimated markdown loss of ₹19,721."
BLR05,MOD034,post_successor,4.0,1.734028125,2.265971875,28000.0,63447.2125,MYS01,0.4537125,2537.8885,1246.2845312499999,0.3,19034.16375,44413.04875,TRANSFER,1246.2845312499999,"TRANSFER 2 units to MYS01: destination has 0.5 units of demand gap; transfer cost is ₹1,246, below the estimated markdown loss of ₹19,034."
UDU01,MOD040,post_successor,3.0,0.7430558035714285,2.2569441964285715,35000.0,78993.046875,TUM01,0.5706589285714286,3159.721875,1241.3193080357144,0.3,23697.9140625,55295.1328125,TRANSFER,1241.3193080357144,"TRANSFER 2 units to TUM01: destination has 0.6 units of demand gap; transfer cost is ₹1,241, below the estimated markdown loss of ₹23,698."
BLR05,MOD022,post_successor,3.0,0.62645625,2.37354375,13000.0,30856.068750000002,BLR06,0.48583410714285713,1234.2427500000001,1305.4490625,0.3,9256.820625,21599.248125000002,HOLD,1234.2427500000001,"HOLD 2 units: estimated carrying/opportunity cost is ₹1,234, lower than available liquidation alternatives."
HUB01,MOD023,post_successor,3.0,0.7231352678571429,2.2768647321428572,13500.0,30737.67388392857,BEL01,0.37616666666666665,1229.506955357143,1252.2756026785714,0.3,9221.302165178571,21516.37171875,HOLD,1229.506955357143,"HOLD 2 units: estimated carrying/opportunity cost is ₹1,230, lower than available liquidation alternatives."
BLR03,MOD025,post_successor,3.0,0.7653549107142859,2.2346450892857144,24000.0,53631.482142857145,KOP01,0.5733017857142857,2145.259285714286,1229.0547991071428,0.3,16089.444642857143,37542.037500000006,TRANSFER,1229.0547991071428,"TRANSFER 2 units to KOP01: destination has 0.6 units of demand gap; transfer cost is ₹1,229, below the estimated markdown loss of ₹16,089."
BLR06,MOD044,post_successor,3.0,0.7659495535714287,2.2340504464285713,36500.0,81542.84129464286,HOS01,0.6473458333333334,3261.7136517857143,1228.7277455357141,0.3,24462.852388392857,57079.98890625,TRANSFER,1228.7277455357141,"TRANSFER 2 units to HOS01: destination has 0.6 units of demand gap; transfer cost is ₹1,229, below the estimated markdown loss of ₹24,463."
HUB02,MOD022,post_successor,3.0,0.6438495535714286,2.3561504464285714,13000.0,30629.95580357143,BLR06,0.48583410714285713,1225.1982321428573,1295.8827455357143,0.3,9188.986741071429,21440.9690625,HOLD,1225.1982321428573,"HOLD 2 units: estimated carrying/opportunity cost is ₹1,225, lower than available liquidation alternatives."
BLR07,MOD040,post_successor,3.0,0.7961772321428571,2.203822767857143,35000.0,77133.796875,TUM01,0.5706589285714286,3085.3518750000003,1212.1025223214285,0.3,23140.1390625,53993.6578125,TRANSFER,1212.1025223214285,"TRANSFER 2 units to TUM01: destination has 0.6 units of demand gap; transfer cost is ₹1,212, below the estimated markdown loss of ₹23,140."
MYS01,MOD004,post_successor,5.0,1.2599509090909091,3.740049090909091,8000.0,29920.392727272727,BLR02,0.46045366883116867,1196.8157090909092,2057.027,0.3,8976.117818181818,20944.27490909091,HOLD,1196.8157090909092,"HOLD 4 units: estimated carrying/opportunity cost is ₹1,197, lower than available liquidation alternatives."
HUB01,MOD025,post_successor,4.0,1.827684375,2.172315625,24000.0,52135.575,KOP01,0.5733017857142857,2085.423,1194.77359375,0.3,15640.672499999999,36494.9025,TRANSFER,1194.77359375,"TRANSFER 2 units to KOP01: destination has 0.6 units of demand gap; transfer cost is ₹1,195, below the estimated markdown loss of ₹15,641."
HUB01,MOD013,post_successor,4.0,1.5123749999999998,2.4876250000000004,12000.0,29851.500000000004,UDU01,0.5251885714285714,1194.0600000000002,1368.1937500000001,0.3,8955.45,20896.050000000003,HOLD,1194.0600000000002,"HOLD 2 units: estimated carrying/opportunity cost is ₹1,194, lower than available liquidation alternatives."
BLR05,MOD046,post_successor,3.0,0.839536607142857,2.160463392857143,50000.0,108023.16964285714,MYS01,0.5664865178571428,4320.926785714286,1188.2548660714285,0.3,32406.95089285714,75616.21875,TRANSFER,1188.2548660714285,"TRANSFER 2 units to MYS01: destination has 0.6 units of demand gap; transfer cost is ₹1,188, below the estimated markdown loss of ₹32,407."
CHI01,MOD028,post_successor,3.0,0.8433026785714285,2.1566973214285716,28000.0,60387.52500000001,DAV01,0.7562965178571429,2415.501,1186.1835267857143,0.3,18116.257500000003,42271.2675,TRANSFER,1186.1835267857143,"TRANSFER 2 units to DAV01: destination has 0.8 units of demand gap; transfer cost is ₹1,186, below the estimated markdown loss of ₹18,116."
HUB02,MOD025,post_successor,4.0,1.844314553571429,2.155685446428571,24000.0,51736.450714285704,KOP01,0.5733017857142857,2069.4580285714283,1185.626995535714,0.3,15520.93521428571,36215.515499999994,TRANSFER,1185.626995535714,"TRANSFER 2 units to KOP01: destination has 0.6 units of demand gap; transfer cost is ₹1,186, below the estimated markdown loss of ₹15,521."
KOP01,MOD031,post_successor,3.0,0.8538575892857144,2.1461424107142855,26000.0,55799.70267857142,CHI01,0.7522826785714285,2231.9881071428567,1180.378325892857,0.3,16739.910803571423,39059.791874999995,TRANSFER,1180.378325892857,"TRANSFER 2 units to CHI01: destination has 0.8 units of demand gap; transfer cost is ₹1,180, below the estimated markdown loss of ₹16,740."
MYS02,MOD037,post_successor,3.0,0.8550468750000001,2.144953125,32000.0,68638.5,TUM01,0.4394410714285715,2745.54,1179.7242187499999,0.3,20591.55,48046.95,TRANSFER,1179.7242187499999,"TRANSFER 2 units to TUM01: destination has 0.4 units of demand gap; transfer cost is ₹1,180, below the estimated markdown loss of ₹20,592."
KAL01,MOD003,post_successor,8.0,4.0743597902097894,3.9256402097902106,7500.0,29442.30157342658,BLR03,0.35000000000000003,1177.6920629370632,2159.102115384616,0.3,8832.690472027973,20609.61110139861,HOLD,1177.6920629370632,"HOLD 4 units: estimated carrying/opportunity cost is ₹1,178, lower than available liquidation alternatives."
BLR08,MOD017,post_successor,3.0,0.887207142857143,2.112792857142857,14500.0,30635.496428571427,TUM02,0.41681491071428567,1225.4198571428572,1162.0360714285714,0.3,9190.648928571427,21444.8475,TRANSFER,1162.0360714285714,"TRANSFER 2 units to TUM02: destination has 0.4 units of demand gap; transfer cost is ₹1,162, below the estimated markdown loss of ₹9,191."
BLR04,MOD029,post_successor,3.0,0.8911714285714285,2.1088285714285715,29000.0,61156.02857142857,KAL01,0.57317625,2446.2411428571427,1159.8557142857144,0.3,18346.80857142857,42809.22,TRANSFER,1159.8557142857144,"TRANSFER 2 units to KAL01: destination has 0.6 units of demand gap; transfer cost is ₹1,160, below the estimated markdown loss of ₹18,347."
BLR02,MOD044,post_successor,3.0,0.8932416666666669,2.106758333333333,36500.0,76896.67916666665,HOS01,0.6473458333333334,3075.8671666666664,1158.7170833333332,0.3,23069.003749999996,53827.67541666666,TRANSFER,1158.7170833333332,"TRANSFER 2 units to HOS01: destination has 0.6 units of demand gap; transfer cost is ₹1,159, below the estimated markdown loss of ₹23,069."
CHI01,MOD016,post_successor,3.0,0.9058888392857143,2.0941111607142857,14000.0,29317.55625,BLR07,0.8825798214285716,1172.70225,1151.7611383928572,0.3,8795.266875,20522.289375,TRANSFER,1151.7611383928572,"TRANSFER 2 units to BLR07: destination has 0.9 units of demand gap; transfer cost is ₹1,152, below the estimated markdown loss of ₹8,795."
BLR08,MOD029,post_successor,3.0,0.9176825892857143,2.0823174107142854,29000.0,60387.20491071428,KAL01,0.57317625,2415.4881964285714,1145.274575892857,0.3,18116.161473214284,42271.0434375,TRANSFER,1145.274575892857,"TRANSFER 2 units to KAL01: destination has 0.6 units of demand gap; transfer cost is ₹1,145, below the estimated markdown loss of ₹18,116."
MAN01,MOD029,post_successor,3.0,0.9533611607142858,2.0466388392857144,29000.0,59352.526339285716,KAL01,0.57317625,2374.1010535714286,1125.651361607143,0.3,17805.757901785713,41546.7684375,TRANSFER,1125.651361607143,"TRANSFER 2 units to KAL01: destination has 0.6 units of demand gap; transfer cost is ₹1,126, below the estimated markdown loss of ₹17,806."
CHI01,MOD023,post_successor,3.0,0.9248183035714286,2.0751816964285714,13500.0,28014.952901785713,BEL01,0.37616666666666665,1120.5981160714286,1141.3499330357142,0.3,8404.485870535713,19610.467031250002,HOLD,1120.5981160714286,"HOLD 2 units: estimated carrying/opportunity cost is ₹1,121, lower than available liquidation alternatives."
BLR05,MOD049,post_successor,3.0,0.9982566964285716,2.0017433035714283,42000.0,84073.21874999999,BLR03,0.4594680555555555,3362.9287499999996,1100.9588169642855,0.3,25221.965624999993,58851.25312499999,TRANSFER,1100.9588169642855,"TRANSFER 2 units to BLR03: destination has 0.5 units of demand gap; transfer cost is ₹1,101, below the estimated markdown loss of ₹25,222."
BLR05,MOD035,post_successor,3.0,1.019482142857143,1.980517857142857,29000.0,57435.017857142855,DAV02,0.4237722321428572,2297.4007142857145,1089.2848214285714,0.3,17230.505357142854,40204.5125,TRANSFER,1089.2848214285714,"TRANSFER 2 units to DAV02: destination has 0.4 units of demand gap; transfer cost is ₹1,089, below the estimated markdown loss of ₹17,231."
BLR03,MOD055,post_successor,3.0,1.023975,1.976025,120000.0,237123.0,BLR06,0.5702327678571429,9484.92,1086.81375,0.3,71136.9,165986.1,TRANSFER,1086.81375,"TRANSFER 2 units to BLR06: destination has 0.6 units of demand gap; transfer cost is ₹1,087, below the estimated markdown loss of ₹71,137."
MAN01,MOD028,post_successor,3.0,1.0240245535714287,1.9759754464285713,28000.0,55327.31249999999,DAV01,0.7562965178571429,2213.0924999999997,1086.7864955357143,0.3,16598.19375,38729.118749999994,TRANSFER,1086.7864955357143,"TRANSFER 2 units to DAV01: destination has 0.8 units of demand gap; transfer cost is ₹1,087, below the estimated markdown loss of ₹16,598."
TUM01,MOD026,post_successor,3.0,1.0339848214285716,1.9660151785714284,25000.0,49150.37946428571,BLR01,0.8357705357142857,1966.0151785714284,1081.3083482142856,0.3,14745.113839285712,34405.265625,TRANSFER,1081.3083482142856,"TRANSFER 2 units to BLR01: destination has 0.8 units of demand gap; transfer cost is ₹1,081, below the estimated markdown loss of ₹14,745."
BLR02,MOD050,post_successor,3.0,1.036809375,1.963190625,43500.0,85398.7921875,BLR05,0.3880936607142858,3415.9516875000004,1079.75484375,0.3,25619.63765625,59779.15453125,TRANSFER,1079.75484375,"TRANSFER 2 units to BLR05: destination has 0.4 units of demand gap; transfer cost is ₹1,080, below the estimated markdown loss of ₹25,620."
HUB01,MOD019,post_successor,3.0,0.547021875,2.452978125,11000.0,26982.759375,BLR02,0.5594267857142857,1079.310375,1349.13796875,0.3,8094.8278125,18887.9315625,HOLD,1079.310375,"HOLD 2 units: estimated carrying/opportunity cost is ₹1,079, lower than available liquidation alternatives."
MAN01,MOD034,post_successor,4.0,2.044025357142857,1.955974642857143,28000.0,54767.29,MYS01,0.4537125,2190.6916,1075.7860535714285,0.3,16430.186999999998,38337.103,TRANSFER,1075.7860535714285,"TRANSFER 2 units to MYS01: destination has 0.5 units of demand gap; transfer cost is ₹1,076, below the estimated markdown loss of ₹16,430."
UDU01,MOD014,post_successor,3.0,0.8772808823529412,2.122719117647059,12500.0,26533.988970588234,HOS01,0.4306215178571431,1061.3595588235294,1167.4955147058824,0.3,7960.19669117647,18573.792279411762,HOLD,1061.3595588235294,"HOLD 2 units: estimated carrying/opportunity cost is ₹1,061, lower than available liquidation alternatives."
HUB01,MOD026,post_successor,3.0,1.0793326923076922,1.9206673076923078,25000.0,48016.682692307695,BLR01,0.8357705357142857,1920.6673076923078,1056.3670192307693,0.3,14405.004807692309,33611.67788461539,TRANSFER,1056.3670192307693,"TRANSFER 2 units to BLR01: destination has 0.8 units of demand gap; transfer cost is ₹1,056, below the estimated markdown loss of ₹14,405."
HUB01,MOD016,post_successor,3.0,1.1102279464285716,1.8897720535714284,14000.0,26456.808749999997,BLR07,0.8825798214285716,1058.27235,1039.3746294642856,0.3,7937.042624999998,18519.766125,TRANSFER,1039.3746294642856,"TRANSFER 2 units to BLR07: destination has 0.9 units of demand gap; transfer cost is ₹1,039, below the estimated markdown loss of ₹7,937."
BLR07,MOD028,post_successor,3.0,1.1409214285714286,1.8590785714285714,28000.0,52054.2,DAV01,0.7562965178571429,2082.168,1022.4932142857142,0.3,15616.259999999998,36437.94,TRANSFER,1022.4932142857142,"TRANSFER 2 units to DAV01: destination has 0.8 units of demand gap; transfer cost is ₹1,022, below the estimated markdown loss of ₹15,616."
UDU01,MOD004,post_successor,5.0,1.8900452922077915,3.1099547077922085,8000.0,24879.637662337667,BLR02,0.46045366883116867,995.1855064935068,1710.4750892857146,0.3,7463.8912987013,17415.74636363637,HOLD,995.1855064935068,"HOLD 3 units: estimated carrying/opportunity cost is ₹995, lower than available liquidation alternatives."
BLR08,MOD003,post_successor,5.0,1.7234912337662338,3.276508766233766,7500.0,24573.815746753244,BLR03,0.35000000000000003,982.9526298701297,1802.0798214285712,0.3,7372.144724025973,17201.67102272727,HOLD,982.9526298701297,"HOLD 3 units: estimated carrying/opportunity cost is ₹983, lower than available liquidation alternatives."
SHI01,MOD014,post_successor,3.0,1.0423098214285713,1.9576901785714287,12500.0,24471.12723214286,HOS01,0.4306215178571431,978.8450892857144,1076.7295982142857,0.3,7341.338169642858,17129.7890625,HOLD,978.8450892857144,"HOLD 2 units: estimated carrying/opportunity cost is ₹979, lower than available liquidation alternatives."
UDU01,MOD023,post_successor,3.0,1.2060249107142857,1.7939750892857143,13500.0,24218.663705357143,BEL01,0.37616666666666665,968.7465482142858,986.6862991071429,0.3,7265.599111607143,16953.06459375,HOLD,968.7465482142858,"HOLD 2 units: estimated carrying/opportunity cost is ₹969, lower than available liquidation alternatives."
CHI01,MOD044,post_successor,3.0,1.242238660714286,1.757761339285714,36500.0,64158.288883928566,HOS01,0.6473458333333334,2566.331555357143,966.7687366071427,0.3,19247.48666517857,44910.802218749996,TRANSFER,966.7687366071427,"TRANSFER 2 units to HOS01: destination has 0.6 units of demand gap; transfer cost is ₹967, below the estimated markdown loss of ₹19,247."
BLR05,MOD004,post_successor,4.0,0.9828905844155844,3.0171094155844154,8000.0,24136.875324675322,BLR02,0.46045366883116867,965.4750129870129,1659.4101785714286,0.3,7241.062597402596,16895.812727272725,HOLD,965.4750129870129,"HOLD 3 units: estimated carrying/opportunity cost is ₹965, lower than available liquidation alternatives."
BLR02,MOD040,post_successor,3.0,1.2503357142857143,1.7496642857142857,35000.0,61238.25,TUM01,0.5706589285714286,2449.53,962.3153571428571,0.3,18371.475,42866.775,TRANSFER,962.3153571428571,"TRANSFER 2 units to TUM01: destination has 0.6 units of demand gap; transfer cost is ₹962, below the estimated markdown loss of ₹18,371."
DAV01,MOD032,post_successor,3.0,1.2540125892857146,1.7459874107142854,27000.0,47141.66008928571,KAL01,0.5660504464285714,1885.6664035714284,960.293075892857,0.3,14142.498026785712,32999.1620625,TRANSFER,960.293075892857,"TRANSFER 2 units to KAL01: destination has 0.6 units of demand gap; transfer cost is ₹960, below the estimated markdown loss of ₹14,142."
HUB01,MOD011,post_successor,4.0,1.0346785714285713,2.9653214285714284,8000.0,23722.571428571428,BLR03,0.613314642857143,948.9028571428571,1630.9267857142856,0.3,7116.771428571428,16605.8,HOLD,948.9028571428571,"HOLD 3 units: estimated carrying/opportunity cost is ₹949, lower than available liquidation alternatives."
BLR08,MOD037,post_successor,3.0,1.27996875,1.72003125,32000.0,55041.0,TUM01,0.4394410714285715,2201.64,946.0171875,0.3,16512.3,38528.7,TRANSFER,946.0171875,"TRANSFER 2 units to TUM01: destination has 0.4 units of demand gap; transfer cost is ₹946, below the estimated markdown loss of ₹16,512."
BLR05,MOD028,post_successor,4.0,2.284441666666667,1.715558333333333,28000.0,48035.633333333324,DAV01,0.7562965178571429,1921.425333333333,943.5570833333331,0.3,14410.689999999997,33624.94333333333,TRANSFER,943.5570833333331,"TRANSFER 2 units to DAV01: destination has 0.8 units of demand gap; transfer cost is ₹944, below the estimated markdown loss of ₹14,411."
TUM01,MOD004,post_successor,5.0,2.1259022727272727,2.8740977272727273,8000.0,22992.78181818182,BLR02,0.46045366883116867,919.7112727272728,1580.75375,0.3,6897.834545454545,16094.947272727273,HOLD,919.7112727272728,"HOLD 3 units: estimated carrying/opportunity cost is ₹920, lower than available liquidation alternatives."
BLR02,MOD002,post_successor,4.0,0.9389410714285715,3.0610589285714287,7500.0,22957.941964285714,DAV01,0.4020975,918.3176785714286,1683.5824107142857,0.3,6887.382589285714,16070.559375,HOLD,918.3176785714286,"HOLD 3 units: estimated carrying/opportunity cost is ₹918, lower than available liquidation alternatives."
MAN01,MOD055,post_successor,2.0,0.35000000000000003,1.65,120000.0,198000.0,BLR06,0.5702327678571429,7920.0,907.5,0.3,59400.0,138600.0,TRANSFER,907.5,"TRANSFER 2 units to BLR06: destination has 0.6 units of demand gap; transfer cost is ₹908, below the estimated markdown loss of ₹59,400."
BLR06,MOD050,post_successor,2.0,0.350575,1.649425,43500.0,71749.9875,BLR05,0.3880936607142858,2869.9995000000004,907.1837499999999,0.3,21524.99625,50224.99125000001,TRANSFER,907.1837499999999,"TRANSFER 2 units to BLR05: destination has 0.4 units of demand gap; transfer cost is ₹907, below the estimated markdown loss of ₹21,525."
TUM02,MOD025,post_successor,2.0,0.35226250000000003,1.6477374999999999,24000.0,39545.7,KOP01,0.5733017857142857,1581.828,906.2556249999999,0.3,11863.71,27681.989999999998,TRANSFER,906.2556249999999,"TRANSFER 2 units to KOP01: destination has 0.6 units of demand gap; transfer cost is ₹906, below the estimated markdown loss of ₹11,864."
HUB01,MOD037,post_successor,2.0,0.35409464285714287,1.645905357142857,32000.0,52668.97142857142,TUM01,0.4394410714285715,2106.758857142857,905.2479464285714,0.3,15800.691428571427,36868.28,TRANSFER,905.2479464285714,"TRANSFER 2 units to TUM01: destination has 0.4 units of demand gap; transfer cost is ₹905, below the estimated markdown loss of ₹15,801."
BLR08,MOD005,post_successor,5.0,1.5193124999999998,3.4806875,6500.0,22624.46875,HOS01,0.8836690178571429,904.97875,1914.3781250000002,0.3,6787.340625,15837.128125,HOLD,904.97875,"HOLD 3 units: estimated carrying/opportunity cost is ₹905, lower than available liquidation alternatives."
BLR05,MOD053,post_successor,3.0,1.3547450892857145,1.6452549107142855,88500.0,145605.05959821428,BLR04,0.9461768750000001,5824.202383928571,904.890200892857,0.3,43681.517879464285,101923.54171875,TRANSFER,904.890200892857,"TRANSFER 2 units to BLR04: destination has 0.9 units of demand gap; transfer cost is ₹905, below the estimated markdown loss of ₹43,682."
BLR02,MOD034,post_successor,3.0,1.358957142857143,1.641042857142857,28000.0,45949.2,MYS01,0.4537125,1837.9679999999998,902.5735714285713,0.3,13784.759999999998,32164.44,TRANSFER,902.5735714285713,"TRANSFER 2 units to MYS01: destination has 0.5 units of demand gap; transfer cost is ₹903, below the estimated markdown loss of ₹13,785."
MYS01,MOD026,post_successor,2.0,0.3593017857142857,1.6406982142857143,25000.0,41017.455357142855,BLR01,0.8357705357142857,1640.6982142857141,902.3840178571428,0.3,12305.236607142857,28712.21875,TRANSFER,902.3840178571428,"TRANSFER 2 units to BLR01: destination has 0.8 units of demand gap; transfer cost is ₹902, below the estimated markdown loss of ₹12,305."
MAN01,MOD004,post_successor,4.0,1.180713986013986,2.819286013986014,8000.0,22554.288111888112,BLR02,0.46045366883116867,902.1715244755245,1550.6073076923078,0.3,6766.2864335664335,15788.001678321678,HOLD,902.1715244755245,"HOLD 3 units: estimated carrying/opportunity cost is ₹902, lower than available liquidation alternatives."
MYS02,MOD004,post_successor,6.0,3.1927636363636362,2.8072363636363638,8000.0,22457.89090909091,BLR02,0.46045366883116867,898.3156363636365,1543.98,0.3,6737.367272727273,15720.523636363638,HOLD,898.3156363636365,"HOLD 3 units: estimated carrying/opportunity cost is ₹898, lower than available liquidation alternatives."
DAV02,MOD031,post_successor,2.0,0.3700165178571429,1.6299834821428572,26000.0,42379.57053571429,CHI01,0.7522826785714285,1695.1828214285715,896.4909151785714,0.3,12713.871160714285,29665.699375000004,TRANSFER,896.4909151785714,"TRANSFER 2 units to CHI01: destination has 0.8 units of demand gap; transfer cost is ₹896, below the estimated markdown loss of ₹12,714."
BLR06,MOD031,post_successor,2.0,0.37700357142857144,1.6229964285714287,26000.0,42197.90714285715,CHI01,0.7522826785714285,1687.916285714286,892.6480357142858,0.3,12659.372142857144,29538.535000000003,TRANSFER,892.6480357142858,"TRANSFER 2 units to CHI01: destination has 0.8 units of demand gap; transfer cost is ₹893, below the estimated markdown loss of ₹12,659."
BLR01,MOD028,post_successor,3.0,1.3796953125,1.6203046875,28000.0,45368.53125,DAV01,0.7562965178571429,1814.74125,891.167578125,0.3,13610.559374999999,31757.971875000003,TRANSFER,891.167578125,"TRANSFER 2 units to DAV01: destination has 0.8 units of demand gap; transfer cost is ₹891, below the estimated markdown loss of ₹13,611."
HOS01,MOD023,post_successor,2.0,0.3535642857142857,1.6464357142857142,13500.0,22226.882142857143,BEL01,0.37616666666666665,889.0752857142858,905.5396428571428,0.3,6668.064642857143,15558.817500000001,HOLD,889.0752857142858,"HOLD 2 units: estimated carrying/opportunity cost is ₹889, lower than available liquidation alternatives."
BLR04,MOD028,post_successor,3.0,1.3919568181818183,1.6080431818181817,28000.0,45025.20909090909,DAV01,0.7562965178571429,1801.0083636363636,884.4237499999999,0.3,13507.562727272727,31517.646363636362,TRANSFER,884.4237499999999,"TRANSFER 2 units to DAV01: destination has 0.8 units of demand gap; transfer cost is ₹884, below the estimated markdown loss of ₹13,508."
HOS01,MOD028,post_successor,2.0,0.39206785714285713,1.607932142857143,28000.0,45022.1,DAV01,0.7562965178571429,1800.884,884.3626785714287,0.3,13506.63,31515.47,TRANSFER,884.3626785714287,"TRANSFER 2 units to DAV01: destination has 0.8 units of demand gap; transfer cost is ₹884, below the estimated markdown loss of ₹13,507."
CHI01,MOD040,post_successor,2.0,0.4066366071428571,1.593363392857143,35000.0,55767.71875,TUM01,0.5706589285714286,2230.7087500000002,876.3498660714286,0.3,16730.315625,39037.403125,TRANSFER,876.3498660714286,"TRANSFER 2 units to TUM01: destination has 0.6 units of demand gap; transfer cost is ₹876, below the estimated markdown loss of ₹16,730."
BLR05,MOD023,post_successor,3.0,1.3781343750000001,1.6218656249999999,13500.0,21895.1859375,BEL01,0.37616666666666665,875.8074375,892.02609375,0.3,6568.555781249999,15326.63015625,HOLD,875.8074375,"HOLD 2 units: estimated carrying/opportunity cost is ₹876, lower than available liquidation alternatives."
CHI01,MOD005,post_successor,5.0,1.639268181818182,3.3607318181818178,6500.0,21844.756818181817,HOS01,0.8836690178571429,873.7902727272727,1848.4024999999997,0.3,6553.427045454545,15291.329772727273,HOLD,873.7902727272727,"HOLD 3 units: estimated carrying/opportunity cost is ₹874, lower than available liquidation alternatives."
TUM02,MOD023,post_successor,2.0,0.38344553571428563,1.6165544642857144,13500.0,21823.485267857144,BEL01,0.37616666666666665,872.9394107142858,889.1049553571429,0.3,6547.045580357143,15276.439687500002,HOLD,872.9394107142858,"HOLD 2 units: estimated carrying/opportunity cost is ₹873, lower than available liquidation alternatives."
BLR08,MOD031,post_successor,2.0,0.413475,1.586525,26000.0,41249.65,CHI01,0.7522826785714285,1649.986,872.58875,0.3,12374.895,28874.755,TRANSFER,872.58875,"TRANSFER 2 units to CHI01: destination has 0.8 units of demand gap; transfer cost is ₹873, below the estimated markdown loss of ₹12,375."
KAL01,MOD035,post_successor,2.0,0.41674553571428574,1.5832544642857143,29000.0,45914.37946428571,DAV02,0.4237722321428572,1836.5751785714285,870.7899553571428,0.3,13774.313839285713,32140.065624999996,TRANSFER,870.7899553571428,"TRANSFER 2 units to DAV02: destination has 0.4 units of demand gap; transfer cost is ₹871, below the estimated markdown loss of ₹13,774."
HUB02,MOD019,post_successor,3.0,1.02096875,1.97903125,11000.0,21769.34375,BLR02,0.5594267857142857,870.7737500000001,1088.4671875,0.3,6530.803124999999,15238.540625000001,HOLD,870.7737500000001,"HOLD 2 units: estimated carrying/opportunity cost is ₹871, lower than available liquidation alternatives."
DAV01,MOD006,post_successor,4.0,0.9132227678571428,3.086777232142857,7000.0,21607.440625,TUM02,0.7140174107142857,864.297625,1697.7274776785714,0.3,6482.2321875,15125.2084375,HOLD,864.297625,"HOLD 3 units: estimated carrying/opportunity cost is ₹864, lower than available liquidation alternatives."
BLR02,MOD007,post_successor,5.0,1.9178333333333333,3.0821666666666667,7000.0,21575.166666666668,BEL01,0.6874368750000002,863.0066666666668,1695.1916666666666,0.3,6472.55,15102.616666666669,HOLD,863.0066666666668,"HOLD 3 units: estimated carrying/opportunity cost is ₹863, lower than available liquidation alternatives."
MYS02,MOD038,post_successor,2.0,0.43458482142857147,1.5654151785714285,33500.0,52441.408482142855,HOS01,0.925769732142857,2097.6563392857142,860.9783482142857,0.3,15732.422544642855,36708.9859375,TRANSFER,860.9783482142857,"TRANSFER 2 units to HOS01: destination has 0.9 units of demand gap; transfer cost is ₹861, below the estimated markdown loss of ₹15,732."
UDU01,MOD017,post_successor,2.0,0.4424638392857143,1.5575361607142857,14500.0,22584.274330357144,TUM02,0.41681491071428567,903.3709732142858,856.6448883928572,0.3,6775.282299107143,15808.99203125,TRANSFER,856.6448883928572,"TRANSFER 2 units to TUM02: destination has 0.4 units of demand gap; transfer cost is ₹857, below the estimated markdown loss of ₹6,775."
MYS02,MOD011,post_successor,4.0,1.3322973214285716,2.6677026785714286,8000.0,21341.62142857143,BLR03,0.613314642857143,853.6648571428573,1467.2364732142858,0.3,6402.486428571429,14939.135000000002,HOLD,853.6648571428573,"HOLD 3 units: estimated carrying/opportunity cost is ₹854, lower than available liquidation alternatives."
BLR08,MOD011,post_successor,4.0,1.334775,2.665225,8000.0,21321.8,BLR03,0.613314642857143,852.872,1465.87375,0.3,6396.54,14925.259999999998,HOLD,852.872,"HOLD 3 units: estimated carrying/opportunity cost is ₹853, lower than available liquidation alternatives."
DAV02,MOD038,post_successor,2.0,0.45268472222222217,1.5473152777777779,33500.0,51835.06180555556,HOS01,0.925769732142857,2073.4024722222225,851.0234027777778,0.3,15550.518541666668,36284.54326388889,TRANSFER,851.0234027777778,"TRANSFER 2 units to HOS01: destination has 0.9 units of demand gap; transfer cost is ₹851, below the estimated markdown loss of ₹15,551."
BLR02,MOD037,post_successor,2.0,0.4527214285714286,1.5472785714285715,32000.0,49512.91428571429,TUM01,0.4394410714285715,1980.5165714285715,851.0032142857143,0.3,14853.874285714286,34659.04,TRANSFER,851.0032142857143,"TRANSFER 2 units to TUM01: destination has 0.4 units of demand gap; transfer cost is ₹851, below the estimated markdown loss of ₹14,854."
BLR07,MOD019,post_successor,3.0,1.0673955882352946,1.9326044117647054,11000.0,21258.64852941176,BLR02,0.5594267857142857,850.3459411764704,1062.932426470588,0.3,6377.594558823527,14881.053970588233,HOLD,850.3459411764704,"HOLD 2 units: estimated carrying/opportunity cost is ₹850, lower than available liquidation alternatives."
BLR04,MOD055,post_successor,4.0,2.4667523148148147,1.5332476851851853,120000.0,183989.72222222225,BLR06,0.5702327678571429,7359.58888888889,843.2862268518519,0.3,55196.91666666667,128792.80555555558,TRANSFER,843.2862268518519,"TRANSFER 2 units to BLR06: destination has 0.6 units of demand gap; transfer cost is ₹843, below the estimated markdown loss of ₹55,197."
MYS02,MOD028,post_successor,2.0,0.4669928571428571,1.533007142857143,28000.0,42924.200000000004,DAV01,0.7562965178571429,1716.9680000000003,843.1539285714287,0.3,12877.26,30046.940000000002,TRANSFER,843.1539285714287,"TRANSFER 2 units to DAV01: destination has 0.8 units of demand gap; transfer cost is ₹843, below the estimated markdown loss of ₹12,877."
BLR02,MOD053,post_successor,2.0,0.46922276785714284,1.5307772321428572,88500.0,135473.78504464286,BLR04,0.9461768750000001,5418.951401785715,841.9274776785714,0.3,40642.13551339286,94831.64953125,TRANSFER,841.9274776785714,"TRANSFER 2 units to BLR04: destination has 0.9 units of demand gap; transfer cost is ₹842, below the estimated markdown loss of ₹40,642."
MAN01,MOD022,post_successor,2.0,0.38463482142857147,1.6153651785714285,13000.0,20999.74732142857,BLR06,0.48583410714285713,839.9898928571429,888.4508482142857,0.3,6299.924196428571,14699.823124999999,HOLD,839.9898928571429,"HOLD 2 units: estimated carrying/opportunity cost is ₹840, lower than available liquidation alternatives."
UDU01,MOD019,post_successor,4.0,2.0913886607142858,1.9086113392857142,11000.0,20994.724732142855,BLR02,0.5594267857142857,839.7889892857143,1049.736236607143,0.3,6298.417419642857,14696.307312499997,HOLD,839.7889892857143,"HOLD 2 units: estimated carrying/opportunity cost is ₹840, lower than available liquidation alternatives."
KOP01,MOD040,post_successor,2.0,0.4815616071428571,1.518438392857143,35000.0,53145.34375000001,TUM01,0.5706589285714286,2125.8137500000003,835.1411160714287,0.3,15943.603125000001,37201.740625000006,TRANSFER,835.1411160714287,"TRANSFER 2 units to TUM01: destination has 0.6 units of demand gap; transfer cost is ₹835, below the estimated markdown loss of ₹15,944."
TUM01,MOD005,post_successor,5.0,1.7911138392857144,3.2088861607142856,6500.0,20857.760044642855,HOS01,0.8836690178571429,834.3104017857142,1764.887388392857,0.3,6257.3280133928565,14600.432031249999,HOLD,834.3104017857142,"HOLD 3 units: estimated carrying/opportunity cost is ₹834, lower than available liquidation alternatives."
CHI01,MOD007,post_successor,5.0,2.022727232142857,2.977272767857143,7000.0,20840.909375,BEL01,0.6874368750000002,833.636375,1637.5000223214286,0.3,6252.272812499999,14588.6365625,HOLD,833.636375,"HOLD 3 units: estimated carrying/opportunity cost is ₹834, lower than available liquidation alternatives."
BLR06,MOD017,post_successor,3.0,1.484995,1.515005,14500.0,21967.5725,TUM02,0.41681491071428567,878.7029,833.25275,0.3,6590.271749999999,15377.300749999999,TRANSFER,833.25275,"TRANSFER 2 units to TUM02: destination has 0.4 units of demand gap; transfer cost is ₹833, below the estimated markdown loss of ₹6,590."
KAL01,MOD017,post_successor,3.0,1.4863692857142858,1.5136307142857142,14500.0,21947.645357142854,TUM02,0.41681491071428567,877.9058142857142,832.4968928571428,0.3,6584.293607142856,15363.351749999998,TRANSFER,832.4968928571428,"TRANSFER 2 units to TUM02: destination has 0.4 units of demand gap; transfer cost is ₹832, below the estimated markdown loss of ₹6,584."
HUB02,MOD007,post_successor,5.0,2.0571403225806453,2.9428596774193547,7000.0,20600.017741935484,BEL01,0.6874368750000002,824.0007096774194,1618.5728225806452,0.3,6180.005322580645,14420.01241935484,HOLD,824.0007096774194,"HOLD 3 units: estimated carrying/opportunity cost is ₹824, lower than available liquidation alternatives."
MAN02,MOD016,post_successor,2.0,0.5104513392857143,1.4895486607142856,14000.0,20853.681249999998,BLR07,0.8825798214285716,834.14725,819.2517633928571,0.3,6256.104374999999,14597.576874999999,TRANSFER,819.2517633928571,"TRANSFER 1 units to BLR07: destination has 0.9 units of demand gap; transfer cost is ₹819, below the estimated markdown loss of ₹6,256."
DAV02,MOD020,post_successor,3.0,1.2256481250000002,1.7743518749999998,11500.0,20405.046562499996,KAL01,0.7586156250000001,816.2018624999998,975.8935312499999,0.3,6121.513968749999,14283.532593749998,HOLD,816.2018624999998,"HOLD 2 units: estimated carrying/opportunity cost is ₹816, lower than available liquidation alternatives."
BLR06,MOD014,post_successor,3.0,1.3704139285714287,1.6295860714285713,12500.0,20369.82589285714,HOS01,0.4306215178571431,814.7930357142857,896.2723392857142,0.3,6110.947767857142,14258.878125,HOLD,814.7930357142857,"HOLD 2 units: estimated carrying/opportunity cost is ₹815, lower than available liquidation alternatives."
BLR03,MOD044,post_successor,2.0,0.5201142857142858,1.4798857142857142,36500.0,54015.82857142857,HOS01,0.6473458333333334,2160.6331428571425,813.9371428571428,0.3,16204.748571428569,37811.08,TRANSFER,813.9371428571428,"TRANSFER 1 units to HOS01: destination has 0.6 units of demand gap; transfer cost is ₹814, below the estimated markdown loss of ₹16,205."
HUB01,MOD017,post_successor,2.0,0.5290339285714286,1.4709660714285713,14500.0,21329.008035714283,TUM02,0.41681491071428567,853.1603214285714,809.0313392857142,0.3,6398.702410714285,14930.305624999997,TRANSFER,809.0313392857142,"TRANSFER 1 units to TUM02: destination has 0.4 units of demand gap; transfer cost is ₹809, below the estimated markdown loss of ₹6,399."
CHI01,MOD035,post_successor,2.0,0.5324531250000001,1.467546875,29000.0,42558.859375,DAV02,0.4237722321428572,1702.3543750000001,807.15078125,0.3,12767.6578125,29791.2015625,TRANSFER,807.15078125,"TRANSFER 1 units to DAV02: destination has 0.4 units of demand gap; transfer cost is ₹807, below the estimated markdown loss of ₹12,768."
MYS01,MOD037,post_successor,2.0,0.5351785714285715,1.4648214285714285,32000.0,46874.28571428571,TUM01,0.4394410714285715,1874.9714285714285,805.6517857142857,0.3,14062.285714285712,32812.0,TRANSFER,805.6517857142857,"TRANSFER 1 units to TUM01: destination has 0.4 units of demand gap; transfer cost is ₹806, below the estimated markdown loss of ₹14,062."
DAV01,MOD004,post_successor,5.0,2.4884722402597403,2.5115277597402597,8000.0,20092.222077922077,BLR02,0.46045366883116867,803.6888831168831,1381.3402678571429,0.3,6027.666623376623,14064.555454545454,HOLD,803.6888831168831,"HOLD 3 units: estimated carrying/opportunity cost is ₹804, lower than available liquidation alternatives."
SHI01,MOD006,post_successor,4.0,1.133917857142857,2.866082142857143,7000.0,20062.575,TUM02,0.7140174107142857,802.503,1576.3451785714287,0.3,6018.7725,14043.802500000002,HOLD,802.503,"HOLD 3 units: estimated carrying/opportunity cost is ₹803, lower than available liquidation alternatives."
BLR05,MOD016,post_successor,2.0,0.5416007142857144,1.4583992857142856,14000.0,20417.589999999997,BLR07,0.8825798214285716,816.7035999999998,802.119607142857,0.3,6125.276999999999,14292.312999999998,TRANSFER,802.119607142857,"TRANSFER 1 units to BLR07: destination has 0.9 units of demand gap; transfer cost is ₹802, below the estimated markdown loss of ₹6,125."
BLR03,MOD047,post_successor,2.0,0.5450892857142857,1.4549107142857143,52000.0,75655.35714285714,BLR08,0.35000000000000003,3026.214285714286,800.2008928571429,0.3,22696.60714285714,52958.75,TRANSFER,800.2008928571429,"TRANSFER 1 units to BLR08: destination has 0.4 units of demand gap; transfer cost is ₹800, below the estimated markdown loss of ₹22,697."
MAN01,MOD043,post_successor,2.0,0.5450892857142857,1.4549107142857143,35000.0,50921.875,BLR08,0.6523826785714286,2036.875,800.2008928571429,0.3,15276.5625,35645.3125,TRANSFER,800.2008928571429,"TRANSFER 1 units to BLR08: destination has 0.7 units of demand gap; transfer cost is ₹800, below the estimated markdown loss of ₹15,277."
MYS01,MOD035,post_successor,2.0,0.5456839285714286,1.4543160714285714,29000.0,42175.166071428575,DAV02,0.4237722321428572,1687.006642857143,799.8738392857143,0.3,12652.549821428573,29522.616250000003,TRANSFER,799.8738392857143,"TRANSFER 1 units to DAV02: destination has 0.4 units of demand gap; transfer cost is ₹800, below the estimated markdown loss of ₹12,653."
BLR07,MOD025,post_successor,2.0,0.5500152777777778,1.4499847222222222,24000.0,34799.63333333333,KOP01,0.5733017857142857,1391.9853333333333,797.4915972222223,0.3,10439.89,24359.743333333332,TRANSFER,797.4915972222223,"TRANSFER 1 units to KOP01: destination has 0.6 units of demand gap; transfer cost is ₹797, below the estimated markdown loss of ₹10,440."
HUB02,MOD034,post_successor,2.0,0.5522250000000001,1.447775,28000.0,40537.700000000004,MYS01,0.4537125,1621.5080000000003,796.27625,0.3,12161.310000000001,28376.390000000003,TRANSFER,796.27625,"TRANSFER 1 units to MYS01: destination has 0.5 units of demand gap; transfer cost is ₹796, below the estimated markdown loss of ₹12,161."
KOP01,MOD006,post_successor,4.0,1.1564132352941177,2.8435867647058823,7000.0,19905.107352941177,TUM02,0.7140174107142857,796.2042941176471,1563.9727205882352,0.3,5971.532205882353,13933.575147058824,HOLD,796.2042941176471,"HOLD 3 units: estimated carrying/opportunity cost is ₹796, lower than available liquidation alternatives."
BLR01,MOD053,post_successor,2.0,0.5622017857142857,1.4377982142857144,88500.0,127245.14196428572,BLR04,0.9461768750000001,5089.805678571429,790.7890178571429,0.3,38173.54258928572,89071.599375,TRANSFER,790.7890178571429,"TRANSFER 1 units to BLR04: destination has 0.9 units of demand gap; transfer cost is ₹791, below the estimated markdown loss of ₹38,174."
TUM01,MOD020,post_successor,3.0,1.2922670454545455,1.7077329545454545,11500.0,19638.928977272728,KAL01,0.7586156250000001,785.5571590909092,939.253125,0.3,5891.678693181818,13747.250284090911,HOLD,785.5571590909092,"HOLD 2 units: estimated carrying/opportunity cost is ₹786, lower than available liquidation alternatives."
TUM01,MOD014,post_successor,3.0,1.4322964285714286,1.5677035714285714,12500.0,19596.29464285714,HOS01,0.4306215178571431,783.8517857142857,862.2369642857143,0.3,5878.888392857142,13717.40625,HOLD,783.8517857142857,"HOLD 2 units: estimated carrying/opportunity cost is ₹784, lower than available liquidation alternatives."
SHI01,MOD002,post_successor,4.0,1.39651875,2.6034812499999997,7500.0,19526.109374999996,DAV01,0.4020975,781.0443749999998,1431.9146875,0.3,5857.832812499999,13668.276562499997,HOLD,781.0443749999998,"HOLD 3 units: estimated carrying/opportunity cost is ₹781, lower than available liquidation alternatives."
HUB02,MOD029,post_successor,2.0,0.5804011607142858,1.4195988392857142,29000.0,41168.36633928571,KAL01,0.57317625,1646.7346535714285,780.7793616071428,0.3,12350.509901785714,28817.8564375,TRANSFER,780.7793616071428,"TRANSFER 1 units to KAL01: destination has 0.6 units of demand gap; transfer cost is ₹781, below the estimated markdown loss of ₹12,351."
UDU01,MOD022,post_successor,2.0,0.504240625,1.495759375,13000.0,19444.871875,BLR06,0.48583410714285713,777.794875,822.66765625,0.3,5833.4615625,13611.4103125,HOLD,777.794875,"HOLD 1 units: estimated carrying/opportunity cost is ₹778, lower than available liquidation alternatives."
MAN01,MOD044,post_successor,2.0,0.5861691964285715,1.4138308035714284,36500.0,51604.824330357136,HOS01,0.6473458333333334,2064.1929732142853,777.6069419642856,0.3,15481.44729910714,36123.37703125,TRANSFER,777.6069419642856,"TRANSFER 1 units to HOS01: destination has 0.6 units of demand gap; transfer cost is ₹778, below the estimated markdown loss of ₹15,481."
BLR04,MOD007,post_successor,4.0,1.2316795454545453,2.7683204545454547,7000.0,19378.243181818183,BEL01,0.6874368750000002,775.1297272727273,1522.57625,0.3,5813.472954545455,13564.77022727273,HOLD,775.1297272727273,"HOLD 3 units: estimated carrying/opportunity cost is ₹775, lower than available liquidation alternatives."
HOS01,MOD040,post_successor,2.0,0.5977944642857143,1.4022055357142857,35000.0,49077.19375,TUM01,0.5706589285714286,1963.08775,771.2130446428572,0.3,14723.158125,34354.035625,TRANSFER,771.2130446428572,"TRANSFER 1 units to TUM01: destination has 0.6 units of demand gap; transfer cost is ₹771, below the estimated markdown loss of ₹14,723."
MYS02,MOD007,post_successor,5.0,2.2462633928571427,2.7537366071428573,7000.0,19276.15625,BEL01,0.6874368750000002,771.04625,1514.5551339285714,0.3,5782.846875,13493.309375,HOLD,771.04625,"HOLD 3 units: estimated carrying/opportunity cost is ₹771, lower than available liquidation alternatives."
CHI01,MOD022,post_successor,2.0,0.526209375,1.473790625,13000.0,19159.278124999997,BLR06,0.48583410714285713,766.3711249999999,810.58484375,0.3,5747.783437499999,13411.494687499999,HOLD,766.3711249999999,"HOLD 1 units: estimated carrying/opportunity cost is ₹766, lower than available liquidation alternatives."
UDU01,MOD055,post_successor,2.0,0.6071468750000001,1.3928531249999998,120000.0,167142.37499999997,BLR06,0.5702327678571429,6685.694999999999,766.0692187499999,0.3,50142.71249999999,116999.66249999998,TRANSFER,766.0692187499999,"TRANSFER 1 units to BLR06: destination has 0.6 units of demand gap; transfer cost is ₹766, below the estimated markdown loss of ₹50,143."
DAV01,MOD038,post_successor,2.0,0.6074276785714287,1.3925723214285712,33500.0,46651.17276785713,HOS01,0.925769732142857,1866.0469107142853,765.9147767857141,0.3,13995.35183035714,32655.820937499993,TRANSFER,765.9147767857141,"TRANSFER 1 units to HOS01: destination has 0.9 units of demand gap; transfer cost is ₹766, below the estimated markdown loss of ₹13,995."
BLR02,MOD049,post_successor,2.0,0.6092116071428572,1.390788392857143,42000.0,58413.1125,BLR03,0.4594680555555555,2336.5245,764.9336160714287,0.3,17523.93375,40889.17875000001,TRANSFER,764.9336160714287,"TRANSFER 1 units to BLR03: destination has 0.5 units of demand gap; transfer cost is ₹765, below the estimated markdown loss of ₹17,524."
BLR03,MOD041,post_successor,2.0,0.61026875,1.38973125,36500.0,50725.190625,BEL01,0.41681491071428567,2029.0076250000002,764.3521875,0.3,15217.5571875,35507.6334375,TRANSFER,764.3521875,"TRANSFER 1 units to BEL01: destination has 0.4 units of demand gap; transfer cost is ₹764, below the estimated markdown loss of ₹15,218."
BLR06,MOD043,post_successor,2.0,0.6135822321428572,1.3864177678571428,35000.0,48524.621875,BLR08,0.6523826785714286,1940.9848749999999,762.5297723214285,0.3,14557.386562499998,33967.2353125,TRANSFER,762.5297723214285,"TRANSFER 1 units to BLR08: destination has 0.7 units of demand gap; transfer cost is ₹763, below the estimated markdown loss of ₹14,557."
DAV01,MOD026,post_successor,2.0,0.615125,1.384875,25000.0,34621.875,BLR01,0.8357705357142857,1384.875,761.6812500000001,0.3,10386.5625,24235.3125,TRANSFER,761.6812500000001,"TRANSFER 1 units to BLR01: destination has 0.8 units of demand gap; transfer cost is ₹762, below the estimated markdown loss of ₹10,387."
BLR06,MOD058,post_successor,2.0,0.6174374999999999,1.3825625000000001,95000.0,131343.4375,BLR07,0.5268833035714285,5253.7375,760.4093750000001,0.3,39403.03125,91940.40625,TRANSFER,760.4093750000001,"TRANSFER 1 units to BLR07: destination has 0.5 units of demand gap; transfer cost is ₹760, below the estimated markdown loss of ₹39,403."
BLR05,MOD059,post_successor,2.0,0.6193205357142858,1.380679464285714,99000.0,136687.2669642857,BLR06,0.3863097321428572,5467.490678571427,759.3737053571427,0.3,41006.180089285706,95681.08687499998,TRANSFER,759.3737053571427,"TRANSFER 1 units to BLR06: destination has 0.4 units of demand gap; transfer cost is ₹759, below the estimated markdown loss of ₹41,006."
BEL01,MOD013,post_successor,2.0,0.42700312500000004,1.5729968749999999,12000.0,18875.962499999998,UDU01,0.5251885714285714,755.0384999999999,865.14828125,0.3,5662.788749999999,13213.173749999998,HOLD,755.0384999999999,"HOLD 2 units: estimated carrying/opportunity cost is ₹755, lower than available liquidation alternatives."
SHI01,MOD020,post_successor,3.0,1.3599779464285713,1.6400220535714287,11500.0,18860.25361607143,KAL01,0.7586156250000001,754.4101446428572,902.0121294642857,0.3,5658.076084821429,13202.177531250001,HOLD,754.4101446428572,"HOLD 2 units: estimated carrying/opportunity cost is ₹754, lower than available liquidation alternatives."
MYS02,MOD035,post_successor,2.0,0.6349299107142857,1.3650700892857142,29000.0,39587.03258928571,DAV02,0.4237722321428572,1583.4813035714283,750.7885491071428,0.3,11876.109776785712,27710.922812499994,TRANSFER,750.7885491071428,"TRANSFER 1 units to DAV02: destination has 0.4 units of demand gap; transfer cost is ₹751, below the estimated markdown loss of ₹11,876."
TUM01,MOD011,post_successor,4.0,1.6538504464285715,2.3461495535714283,8000.0,18769.196428571428,BLR03,0.613314642857143,750.7678571428571,1290.3822544642856,0.3,5630.758928571428,13138.4375,HOLD,750.7678571428571,"HOLD 2 units: estimated carrying/opportunity cost is ₹751, lower than available liquidation alternatives."
DAV02,MOD014,post_successor,2.0,0.5028696428571429,1.4971303571428571,12500.0,18714.129464285714,HOS01,0.4306215178571431,748.5651785714285,823.4216964285714,0.3,5614.238839285714,13099.890625,HOLD,748.5651785714285,"HOLD 1 units: estimated carrying/opportunity cost is ₹749, lower than available liquidation alternatives."
DAV01,MOD023,post_successor,2.0,0.61396875,1.38603125,13500.0,18711.421875,BEL01,0.37616666666666665,748.456875,762.3171875,0.3,5613.4265625,13097.9953125,HOLD,748.456875,"HOLD 1 units: estimated carrying/opportunity cost is ₹748, lower than available liquidation alternatives."
MYS01,MOD003,post_successor,4.0,1.5120146103896102,2.48798538961039,7500.0,18659.890422077922,BLR03,0.35000000000000003,746.3956168831169,1368.3919642857145,0.3,5597.967126623376,13061.923295454546,HOLD,746.3956168831169,"HOLD 2 units: estimated carrying/opportunity cost is ₹746, lower than available liquidation alternatives."
HUB01,MOD046,post_successor,2.0,0.6454958333333333,1.3545041666666666,50000.0,67725.20833333333,MYS01,0.5664865178571428,2709.008333333333,744.9772916666666,0.3,20317.562499999996,47407.64583333333,TRANSFER,744.9772916666666,"TRANSFER 1 units to MYS01: destination has 0.6 units of demand gap; transfer cost is ₹745, below the estimated markdown loss of ₹20,318."
MAN01,MOD049,post_successor,2.0,0.6492013392857143,1.3507986607142857,42000.0,56733.54375,BLR03,0.4594680555555555,2269.34175,742.9392633928571,0.3,17020.063124999997,39713.480625,TRANSFER,742.9392633928571,"TRANSFER 1 units to BLR03: destination has 0.5 units of demand gap; transfer cost is ₹743, below the estimated markdown loss of ₹17,020."
BLR02,MOD035,post_successor,2.0,0.650390625,1.349609375,29000.0,39138.671875,DAV02,0.4237722321428572,1565.546875,742.28515625,0.3,11741.6015625,27397.0703125,TRANSFER,742.28515625,"TRANSFER 1 units to DAV02: destination has 0.4 units of demand gap; transfer cost is ₹742, below the estimated markdown loss of ₹11,742."
BLR04,MOD026,post_successor,3.0,1.6542369642857142,1.3457630357142858,25000.0,33644.075892857145,BLR01,0.8357705357142857,1345.763035714286,740.1696696428572,0.3,10093.222767857143,23550.853125,TRANSFER,740.1696696428572,"TRANSFER 1 units to BLR01: destination has 0.8 units of demand gap; transfer cost is ₹740, below the estimated markdown loss of ₹10,093."
MYS02,MOD001,post_successor,4.0,1.3729312500000002,2.62706875,7000.0,18389.481249999997,TUM02,0.5611347321428573,735.5792499999999,1444.8878124999999,0.3,5516.844374999999,12872.636874999998,HOLD,735.5792499999999,"HOLD 3 units: estimated carrying/opportunity cost is ₹736, lower than available liquidation alternatives."
DAV01,MOD003,post_successor,5.0,2.5516341233766235,2.4483658766233765,7500.0,18362.744074675324,BLR03,0.35000000000000003,734.509762987013,1346.601232142857,0.3,5508.823222402597,12853.920852272728,HOLD,734.509762987013,"HOLD 2 units: estimated carrying/opportunity cost is ₹735, lower than available liquidation alternatives."
CHI01,MOD020,post_successor,3.0,1.404397767857143,1.595602232142857,11500.0,18349.425669642853,KAL01,0.7586156250000001,733.9770267857141,877.5812276785713,0.3,5504.827700892855,12844.597968749997,HOLD,733.9770267857141,"HOLD 2 units: estimated carrying/opportunity cost is ₹734, lower than available liquidation alternatives."
BLR05,MOD010,post_successor,3.0,0.7219459821428572,2.278054017857143,8000.0,18224.432142857142,UDU01,0.6118874999999999,728.9772857142857,1252.9297098214286,0.3,5467.329642857142,12757.1025,HOLD,728.9772857142857,"HOLD 2 units: estimated carrying/opportunity cost is ₹729, lower than available liquidation alternatives."
BLR02,MOD056,post_successor,2.0,0.6753821428571429,1.324617857142857,125000.0,165577.23214285713,HUB01,0.5868233035714285,6623.089285714285,728.5398214285714,0.3,49673.16964285714,115904.0625,TRANSFER,728.5398214285714,"TRANSFER 1 units to HUB01: destination has 0.6 units of demand gap; transfer cost is ₹729, below the estimated markdown loss of ₹49,673."
BLR08,MOD026,post_successor,2.0,0.6753953571428573,1.3246046428571427,25000.0,33115.116071428565,BLR01,0.8357705357142857,1324.6046428571426,728.5325535714285,0.3,9934.53482142857,23180.581249999996,TRANSFER,728.5325535714285,"TRANSFER 1 units to BLR01: destination has 0.8 units of demand gap; transfer cost is ₹729, below the estimated markdown loss of ₹9,935."
TUM01,MOD002,post_successor,4.0,1.5719978571428572,2.4280021428571428,7500.0,18210.01607142857,DAV01,0.4020975,728.4006428571428,1335.4011785714285,0.3,5463.004821428571,12747.01125,HOLD,728.4006428571428,"HOLD 2 units: estimated carrying/opportunity cost is ₹728, lower than available liquidation alternatives."
BLR05,MOD026,post_successor,3.0,1.6769671875000003,1.3230328124999997,25000.0,33075.82031249999,BLR01,0.8357705357142857,1323.0328124999996,727.6680468749998,0.3,9922.746093749998,23153.074218749993,TRANSFER,727.6680468749998,"TRANSFER 1 units to BLR01: destination has 0.8 units of demand gap; transfer cost is ₹728, below the estimated markdown loss of ₹9,923."
BLR02,MOD028,post_successor,3.0,1.6774874999999998,1.3225125000000002,28000.0,37030.350000000006,DAV01,0.7562965178571429,1481.2140000000002,727.3818750000002,0.3,11109.105000000001,25921.245000000003,TRANSFER,727.3818750000002,"TRANSFER 1 units to DAV01: destination has 0.8 units of demand gap; transfer cost is ₹727, below the estimated markdown loss of ₹11,109."
BLR04,MOD032,post_successor,2.0,0.6802714285714285,1.3197285714285716,27000.0,35632.67142857143,KAL01,0.5660504464285714,1425.3068571428573,725.8507142857144,0.3,10689.801428571429,24942.870000000003,TRANSFER,725.8507142857144,"TRANSFER 1 units to KAL01: destination has 0.6 units of demand gap; transfer cost is ₹726, below the estimated markdown loss of ₹10,690."
KAL01,MOD037,post_successor,2.0,0.6841696428571429,1.3158303571428571,32000.0,42106.57142857143,TUM01,0.4394410714285715,1684.2628571428572,723.7066964285714,0.3,12631.971428571427,29474.6,TRANSFER,723.7066964285714,"TRANSFER 1 units to TUM01: destination has 0.4 units of demand gap; transfer cost is ₹724, below the estimated markdown loss of ₹12,632."
BLR01,MOD034,post_successor,2.0,0.685325892857143,1.314674107142857,28000.0,36810.87499999999,MYS01,0.4537125,1472.4349999999997,723.0707589285713,0.3,11043.262499999997,25767.612499999996,TRANSFER,723.0707589285713,"TRANSFER 1 units to MYS01: destination has 0.5 units of demand gap; transfer cost is ₹723, below the estimated markdown loss of ₹11,043."
HUB02,MOD028,post_successor,2.0,0.6862674107142859,1.3137325892857141,28000.0,36784.5125,DAV01,0.7562965178571429,1471.3805,722.5529241071428,0.3,11035.353749999998,25749.15875,TRANSFER,722.5529241071428,"TRANSFER 1 units to DAV01: destination has 0.8 units of demand gap; transfer cost is ₹723, below the estimated markdown loss of ₹11,035."
KAL01,MOD007,post_successor,4.0,1.4212459821428571,2.578754017857143,7000.0,18051.278125,BEL01,0.6874368750000002,722.0511250000001,1418.3147098214286,0.3,5415.3834375,12635.8946875,HOLD,722.0511250000001,"HOLD 3 units: estimated carrying/opportunity cost is ₹722, lower than available liquidation alternatives."
MAN01,MOD025,post_successor,3.0,1.6911642857142857,1.3088357142857143,24000.0,31412.057142857142,KOP01,0.5733017857142857,1256.4822857142858,719.8596428571428,0.3,9423.617142857142,21988.440000000002,TRANSFER,719.8596428571428,"TRANSFER 1 units to KOP01: destination has 0.6 units of demand gap; transfer cost is ₹720, below the estimated markdown loss of ₹9,424."
CHI01,MOD003,post_successor,4.0,1.6023462662337662,2.3976537337662336,7500.0,17982.403003246753,BLR03,0.35000000000000003,719.2961201298701,1318.7095535714284,0.3,5394.720900974025,12587.682102272727,HOLD,719.2961201298701,"HOLD 2 units: estimated carrying/opportunity cost is ₹719, lower than available liquidation alternatives."
BLR04,MOD040,post_successor,2.0,0.6975160714285713,1.3024839285714287,35000.0,45586.93750000001,TUM01,0.5706589285714286,1823.4775000000004,716.3661607142858,0.3,13676.081250000001,31910.856250000004,TRANSFER,716.3661607142858,"TRANSFER 1 units to TUM01: destination has 0.6 units of demand gap; transfer cost is ₹716, below the estimated markdown loss of ₹13,676."
BLR01,MOD022,post_successor,2.0,0.6260708333333332,1.3739291666666666,13000.0,17861.079166666666,BLR06,0.48583410714285713,714.4431666666667,755.6610416666666,0.3,5358.32375,12502.755416666667,HOLD,714.4431666666667,"HOLD 1 units: estimated carrying/opportunity cost is ₹714, lower than available liquidation alternatives."
KOP01,MOD003,post_successor,5.0,2.627768831168831,2.372231168831169,7500.0,17791.733766233767,BLR03,0.35000000000000003,711.6693506493507,1304.7271428571428,0.3,5337.5201298701295,12454.213636363638,HOLD,711.6693506493507,"HOLD 2 units: estimated carrying/opportunity cost is ₹712, lower than available liquidation alternatives."
MYS02,MOD020,post_successor,2.0,0.4650602678571429,1.534939732142857,11500.0,17651.806919642855,KAL01,0.7586156250000001,706.0722767857142,844.2168526785714,0.3,5295.542075892857,12356.26484375,HOLD,706.0722767857142,"HOLD 2 units: estimated carrying/opportunity cost is ₹706, lower than available liquidation alternatives."
BLR05,MOD037,post_successor,2.0,0.7236583333333334,1.2763416666666667,32000.0,40842.933333333334,TUM01,0.4394410714285715,1633.7173333333335,701.9879166666667,0.3,12252.88,28590.053333333337,TRANSFER,701.9879166666667,"TRANSFER 1 units to TUM01: destination has 0.4 units of demand gap; transfer cost is ₹702, below the estimated markdown loss of ₹12,253."
BLR05,MOD011,post_successor,3.0,0.8077232142857143,2.1922767857142857,8000.0,17538.214285714286,BLR03,0.613314642857143,701.5285714285715,1205.752232142857,0.3,5261.464285714285,12276.75,HOLD,701.5285714285715,"HOLD 2 units: estimated carrying/opportunity cost is ₹702, lower than available liquidation alternatives."
BLR03,MOD028,post_successor,2.0,0.7278924107142858,1.272107589285714,28000.0,35619.0125,DAV01,0.7562965178571429,1424.7604999999999,699.6591741071428,0.3,10685.703749999999,24933.308749999997,TRANSFER,699.6591741071428,"TRANSFER 1 units to DAV01: destination has 0.8 units of demand gap; transfer cost is ₹700, below the estimated markdown loss of ₹10,686."
MYS02,MOD017,post_successor,2.0,0.7302709821428571,1.2697290178571428,14500.0,18411.07075892857,TUM02,0.41681491071428567,736.4428303571428,698.3509598214285,0.3,5523.321227678571,12887.74953125,TRANSFER,698.3509598214285,"TRANSFER 1 units to TUM02: destination has 0.4 units of demand gap; transfer cost is ₹698, below the estimated markdown loss of ₹5,523."
BLR03,MOD053,post_successor,2.0,0.7322035714285715,1.2677964285714285,88500.0,112199.98392857143,BLR04,0.9461768750000001,4487.999357142857,697.2880357142857,0.3,33659.99517857143,78539.98874999999,TRANSFER,697.2880357142857,"TRANSFER 1 units to BLR04: destination has 0.9 units of demand gap; transfer cost is ₹697, below the estimated markdown loss of ₹33,660."
BLR01,MOD043,post_successor,2.0,0.7387446428571429,1.261255357142857,35000.0,44143.9375,BLR08,0.6523826785714286,1765.7575,693.6904464285714,0.3,13243.18125,30900.75625,TRANSFER,693.6904464285714,"TRANSFER 1 units to BLR08: destination has 0.7 units of demand gap; transfer cost is ₹694, below the estimated markdown loss of ₹13,243."
BLR02,MOD011,post_successor,3.0,0.8348290178571429,2.165170982142857,8000.0,17321.367857142857,BLR03,0.613314642857143,692.8547142857143,1190.8440401785715,0.3,5196.410357142857,12124.9575,HOLD,692.8547142857143,"HOLD 2 units: estimated carrying/opportunity cost is ₹693, lower than available liquidation alternatives."
UDU01,MOD038,post_successor,2.0,0.7533133928571428,1.2466866071428573,33500.0,41764.00133928572,HOS01,0.925769732142857,1670.5600535714289,685.6776339285715,0.3,12529.200401785716,29234.800937500004,TRANSFER,685.6776339285715,"TRANSFER 1 units to HOS01: destination has 0.9 units of demand gap; transfer cost is ₹686, below the estimated markdown loss of ₹12,529."
BLR07,MOD041,post_successor,2.0,0.7611131250000002,1.238886875,36500.0,45219.370937499996,BEL01,0.41681491071428567,1808.7748374999999,681.38778125,0.3,13565.811281249999,31653.55965625,TRANSFER,681.38778125,"TRANSFER 1 units to BEL01: destination has 0.4 units of demand gap; transfer cost is ₹681, below the estimated markdown loss of ₹13,566."
MAN01,MOD056,post_successor,2.0,0.7626294642857143,1.2373705357142857,125000.0,154671.3169642857,HUB01,0.5868233035714285,6186.852678571428,680.5537946428572,0.3,46401.39508928571,108269.921875,TRANSFER,680.5537946428572,"TRANSFER 1 units to HUB01: destination has 0.6 units of demand gap; transfer cost is ₹681, below the estimated markdown loss of ₹46,401."
MYS02,MOD014,post_successor,3.0,1.6399655357142857,1.3600344642857143,12500.0,17000.430803571428,HOS01,0.4306215178571431,680.0172321428571,748.0189553571429,0.3,5100.129241071428,11900.3015625,HOLD,680.0172321428571,"HOLD 1 units: estimated carrying/opportunity cost is ₹680, lower than available liquidation alternatives."
BLR07,MOD013,post_successor,3.0,1.5896587500000001,1.4103412499999999,12000.0,16924.094999999998,UDU01,0.5251885714285714,676.9637999999999,775.6876874999999,0.3,5077.228499999999,11846.866499999998,HOLD,676.9637999999999,"HOLD 1 units: estimated carrying/opportunity cost is ₹677, lower than available liquidation alternatives."
BLR05,MOD003,post_successor,4.0,1.761224025974026,2.238775974025974,7500.0,16790.819805194806,BLR03,0.35000000000000003,671.6327922077922,1231.3267857142857,0.3,5037.245941558442,11753.573863636364,HOLD,671.6327922077922,"HOLD 2 units: estimated carrying/opportunity cost is ₹672, lower than available liquidation alternatives."
BLR07,MOD017,post_successor,2.0,0.7794776785714286,1.2205223214285714,14500.0,17697.573660714286,TUM02,0.41681491071428567,707.9029464285715,671.2872767857143,0.3,5309.2720982142855,12388.3015625,TRANSFER,671.2872767857143,"TRANSFER 1 units to TUM02: destination has 0.4 units of demand gap; transfer cost is ₹671, below the estimated markdown loss of ₹5,309."
SHI01,MOD025,post_successor,2.0,0.7799291666666668,1.2200708333333332,24000.0,29281.699999999997,KOP01,0.5733017857142857,1171.2679999999998,671.0389583333333,0.3,8784.509999999998,20497.19,TRANSFER,671.0389583333333,"TRANSFER 1 units to KOP01: destination has 0.6 units of demand gap; transfer cost is ₹671, below the estimated markdown loss of ₹8,785."
MYS02,MOD013,post_successor,2.0,0.6096575892857143,1.3903424107142857,12000.0,16684.10892857143,UDU01,0.5251885714285714,667.3643571428572,764.6883258928572,0.3,5005.232678571429,11678.876250000001,HOLD,667.3643571428572,"HOLD 1 units: estimated carrying/opportunity cost is ₹667, lower than available liquidation alternatives."
SHI01,MOD035,post_successor,2.0,0.78921,1.21079,29000.0,35112.91,DAV02,0.4237722321428572,1404.5164000000002,665.9345000000001,0.3,10533.873000000001,24579.037000000004,TRANSFER,665.9345000000001,"TRANSFER 1 units to DAV02: destination has 0.4 units of demand gap; transfer cost is ₹666, below the estimated markdown loss of ₹10,534."
KOP01,MOD007,post_successor,4.0,1.629024107142857,2.370975892857143,7000.0,16596.83125,BEL01,0.6874368750000002,663.87325,1304.0367410714287,0.3,4979.049375,11617.781875,HOLD,663.87325,"HOLD 2 units: estimated carrying/opportunity cost is ₹664, lower than available liquidation alternatives."
KOP01,MOD014,post_successor,2.0,0.6786361607142857,1.3213638392857143,12500.0,16517.047991071428,HOS01,0.4306215178571431,660.6819196428571,726.7501116071429,0.3,4955.114397321428,11561.93359375,HOLD,660.6819196428571,"HOLD 1 units: estimated carrying/opportunity cost is ₹661, lower than available liquidation alternatives."
DAV01,MOD016,post_successor,2.0,0.8045517857142859,1.1954482142857141,14000.0,16736.274999999998,BLR07,0.8825798214285716,669.4509999999999,657.4965178571427,0.3,5020.882499999999,11715.392499999998,TRANSFER,657.4965178571427,"TRANSFER 1 units to BLR07: destination has 0.9 units of demand gap; transfer cost is ₹657, below the estimated markdown loss of ₹5,021."
BLR07,MOD007,post_successor,4.0,1.6626135000000002,2.3373865,7000.0,16361.7055,BEL01,0.6874368750000002,654.46822,1285.562575,0.3,4908.5116499999995,11453.19385,HOLD,654.46822,"HOLD 2 units: estimated carrying/opportunity cost is ₹654, lower than available liquidation alternatives."
BLR02,MOD025,post_successor,2.0,0.8134218749999998,1.186578125,24000.0,28477.875,KOP01,0.5733017857142857,1139.115,652.61796875,0.3,8543.3625,19934.5125,TRANSFER,652.61796875,"TRANSFER 1 units to KOP01: destination has 0.6 units of demand gap; transfer cost is ₹653, below the estimated markdown loss of ₹8,543."
SHI01,MOD026,post_successor,2.0,0.8215982142857143,1.1784017857142857,25000.0,29460.04464285714,BLR01,0.8357705357142857,1178.4017857142858,648.1209821428571,0.3,8838.013392857141,20622.03125,TRANSFER,648.1209821428571,"TRANSFER 1 units to BLR01: destination has 0.8 units of demand gap; transfer cost is ₹648, below the estimated markdown loss of ₹8,838."
KOP01,MOD043,post_successor,2.0,0.8221234821428571,1.1778765178571429,35000.0,41225.678125,BLR08,0.6523826785714286,1649.027125,647.8320848214286,0.3,12367.703437499998,28857.9746875,TRANSFER,647.8320848214286,"TRANSFER 1 units to BLR08: destination has 0.7 units of demand gap; transfer cost is ₹648, below the estimated markdown loss of ₹12,368."
CHI01,MOD014,post_successor,2.0,0.7076250000000001,1.2923749999999998,12500.0,16154.687499999998,HOS01,0.4306215178571431,646.1874999999999,710.8062499999999,0.3,4846.406249999999,11308.28125,HOLD,646.1874999999999,"HOLD 1 units: estimated carrying/opportunity cost is ₹646, lower than available liquidation alternatives."
BEL01,MOD019,post_successor,2.0,0.53946,1.46054,11000.0,16065.939999999999,BLR02,0.5594267857142857,642.6375999999999,803.297,0.3,4819.781999999999,11246.158,HOLD,642.6375999999999,"HOLD 1 units: estimated carrying/opportunity cost is ₹643, lower than available liquidation alternatives."
KOP01,MOD016,post_successor,2.0,0.8437486607142857,1.1562513392857143,14000.0,16187.518750000001,BLR07,0.8825798214285716,647.50075,635.9382366071429,0.3,4856.255625,11331.263125000001,TRANSFER,635.9382366071429,"TRANSFER 1 units to BLR07: destination has 0.9 units of demand gap; transfer cost is ₹636, below the estimated markdown loss of ₹4,856."
DAV01,MOD020,post_successor,2.0,0.6221450892857143,1.3778549107142857,11500.0,15845.331473214284,KAL01,0.7586156250000001,633.8132589285714,757.8202008928571,0.3,4753.599441964285,11091.73203125,HOLD,633.8132589285714,"HOLD 1 units: estimated carrying/opportunity cost is ₹634, lower than available liquidation alternatives."
MYS02,MOD023,post_successor,2.0,0.8272473214285714,1.1727526785714286,13500.0,15832.161160714286,BEL01,0.37616666666666665,633.2864464285715,645.0139732142858,0.3,4749.648348214286,11082.512812500001,HOLD,633.2864464285715,"HOLD 1 units: estimated carrying/opportunity cost is ₹633, lower than available liquidation alternatives."
MAN02,MOD006,post_successor,3.0,0.741866517857143,2.258133482142857,7000.0,15806.934375,TUM02,0.7140174107142857,632.277375,1241.9734151785715,0.3,4742.0803125,11064.8540625,HOLD,632.277375,"HOLD 2 units: estimated carrying/opportunity cost is ₹632, lower than available liquidation alternatives."
SHI01,MOD019,post_successor,2.0,0.5654558035714286,1.4345441964285714,11000.0,15779.986160714287,BLR02,0.5594267857142857,631.1994464285715,788.9993080357143,0.3,4733.995848214286,11045.990312500002,HOLD,631.1994464285715,"HOLD 1 units: estimated carrying/opportunity cost is ₹631, lower than available liquidation alternatives."
BLR01,MOD020,post_successor,2.0,0.6353208333333333,1.3646791666666667,11500.0,15693.810416666667,KAL01,0.7586156250000001,627.7524166666667,750.5735416666666,0.3,4708.143125,10985.667291666668,HOLD,627.7524166666667,"HOLD 1 units: estimated carrying/opportunity cost is ₹628, lower than available liquidation alternatives."
BLR02,MOD023,post_successor,2.0,0.8443433035714285,1.1556566964285715,13500.0,15601.365401785715,BEL01,0.37616666666666665,624.0546160714287,635.6111830357144,0.3,4680.409620535715,10920.95578125,HOLD,624.0546160714287,"HOLD 1 units: estimated carrying/opportunity cost is ₹624, lower than available liquidation alternatives."
HUB02,MOD038,post_successor,2.0,0.8747416666666668,1.1252583333333332,33500.0,37696.15416666667,HOS01,0.925769732142857,1507.8461666666667,618.8920833333333,0.3,11308.84625,26387.307916666665,TRANSFER,618.8920833333333,"TRANSFER 1 units to HOS01: destination has 0.9 units of demand gap; transfer cost is ₹619, below the estimated markdown loss of ₹11,309."
HOS01,MOD013,post_successor,2.0,0.7130263392857142,1.2869736607142856,12000.0,15443.683928571429,UDU01,0.5251885714285714,617.7473571428571,707.8355133928571,0.3,4633.105178571428,10810.57875,HOLD,617.7473571428571,"HOLD 1 units: estimated carrying/opportunity cost is ₹618, lower than available liquidation alternatives."
BEL01,MOD002,post_successor,3.0,0.9418250892857144,2.0581749107142855,7500.0,15436.311830357141,DAV01,0.4020975,617.4524732142856,1131.996200892857,0.3,4630.8935491071425,10805.418281249998,HOLD,617.4524732142856,"HOLD 2 units: estimated carrying/opportunity cost is ₹617, lower than available liquidation alternatives."
BLR08,MOD022,post_successor,2.0,0.8127578571428571,1.187242142857143,13000.0,15434.147857142858,BLR06,0.48583410714285713,617.3659142857143,652.9831785714287,0.3,4630.244357142858,10803.9035,HOLD,617.3659142857143,"HOLD 1 units: estimated carrying/opportunity cost is ₹617, lower than available liquidation alternatives."
MAN01,MOD040,post_successor,2.0,0.8783866071428572,1.1216133928571428,35000.0,39256.46875,TUM01,0.5706589285714286,1570.25875,616.8873660714286,0.3,11776.940625,27479.528125,TRANSFER,616.8873660714286,"TRANSFER 1 units to TUM01: destination has 0.6 units of demand gap; transfer cost is ₹617, below the estimated markdown loss of ₹11,777."
MAN01,MOD014,post_successor,2.0,0.7678821428571428,1.2321178571428573,12500.0,15401.473214285716,HOS01,0.4306215178571431,616.0589285714286,677.6648214285715,0.3,4620.441964285715,10781.03125,HOLD,616.0589285714286,"HOLD 1 units: estimated carrying/opportunity cost is ₹616, lower than available liquidation alternatives."
BLR01,MOD040,post_successor,2.0,0.8849166666666667,1.1150833333333332,35000.0,39027.916666666664,TUM01,0.5706589285714286,1561.1166666666666,613.2958333333332,0.3,11708.374999999998,27319.541666666664,TRANSFER,613.2958333333332,"TRANSFER 1 units to TUM01: destination has 0.6 units of demand gap; transfer cost is ₹613, below the estimated markdown loss of ₹11,708."
TUM02,MOD019,post_successor,2.0,0.6081875000000001,1.3918125,11000.0,15309.937499999998,BLR02,0.5594267857142857,612.3974999999999,765.4968749999999,0.3,4592.981249999999,10716.95625,HOLD,612.3974999999999,"HOLD 1 units: estimated carrying/opportunity cost is ₹612, lower than available liquidation alternatives."
UDU01,MOD002,post_successor,3.0,0.959010267857143,2.040989732142857,7500.0,15307.42299107143,DAV01,0.4020975,612.2969196428572,1122.5443526785714,0.3,4592.226897321429,10715.19609375,HOLD,612.2969196428572,"HOLD 2 units: estimated carrying/opportunity cost is ₹612, lower than available liquidation alternatives."
TUM01,MOD007,post_successor,4.0,1.8161185714285717,2.1838814285714285,7000.0,15287.17,BEL01,0.6874368750000002,611.4868,1201.1347857142857,0.3,4586.151,10701.019,HOLD,611.4868,"HOLD 2 units: estimated carrying/opportunity cost is ₹611, lower than available liquidation alternatives."
SHI01,MOD004,post_successor,5.0,3.1076118881118875,1.8923881118881125,8000.0,15139.1048951049,BLR02,0.46045366883116867,605.564195804196,1040.813461538462,0.3,4541.73146853147,10597.373426573431,HOLD,605.564195804196,"HOLD 2 units: estimated carrying/opportunity cost is ₹606, lower than available liquidation alternatives."
HUB02,MOD020,post_successor,2.0,0.6977142857142857,1.3022857142857143,11500.0,14976.285714285714,KAL01,0.7586156250000001,599.0514285714286,716.2571428571429,0.3,4492.885714285714,10483.4,HOLD,599.0514285714286,"HOLD 1 units: estimated carrying/opportunity cost is ₹599, lower than available liquidation alternatives."
DAV01,MOD019,post_successor,2.0,0.6387125,1.3612875,11000.0,14974.1625,BLR02,0.5594267857142857,598.9665,748.708125,0.3,4492.24875,10481.91375,HOLD,598.9665,"HOLD 1 units: estimated carrying/opportunity cost is ₹599, lower than available liquidation alternatives."
BLR01,MOD004,post_successor,3.0,1.1480486631016045,1.8519513368983955,8000.0,14815.610695187164,BLR02,0.46045366883116867,592.6244278074865,1018.5732352941176,0.3,4444.683208556149,10370.927486631015,HOLD,592.6244278074865,"HOLD 2 units: estimated carrying/opportunity cost is ₹593, lower than available liquidation alternatives."
BLR02,MOD016,post_successor,2.0,0.9338942307692307,1.0661057692307692,14000.0,14925.480769230768,BLR07,0.8825798214285716,597.0192307692307,586.3581730769231,0.3,4477.6442307692305,10447.836538461537,TRANSFER,586.3581730769231,"TRANSFER 1 units to BLR07: destination has 0.9 units of demand gap; transfer cost is ₹586, below the estimated markdown loss of ₹4,478."
MAN01,MOD026,post_successor,2.0,0.9394442307692308,1.0605557692307692,25000.0,26513.89423076923,BLR01,0.8357705357142857,1060.5557692307693,583.3056730769231,0.3,7954.168269230769,18559.72596153846,TRANSFER,583.3056730769231,"TRANSFER 1 units to BLR01: destination has 0.8 units of demand gap; transfer cost is ₹583, below the estimated markdown loss of ₹7,954."
MAN01,MOD023,post_successor,2.0,0.9203584821428573,1.0796415178571426,13500.0,14575.160491071425,BEL01,0.37616666666666665,583.006419642857,593.8028348214284,0.3,4372.548147321428,10202.612343749997,HOLD,583.006419642857,"HOLD 1 units: estimated carrying/opportunity cost is ₹583, lower than available liquidation alternatives."
BLR04,MOD031,post_successor,2.0,0.9471768750000003,1.0528231249999997,26000.0,27373.40124999999,CHI01,0.7522826785714285,1094.9360499999998,579.0527187499998,0.3,8212.020374999996,19161.380874999995,TRANSFER,579.0527187499998,"TRANSFER 1 units to CHI01: destination has 0.8 units of demand gap; transfer cost is ₹579, below the estimated markdown loss of ₹8,212."
BLR08,MOD001,post_successor,3.0,0.934867767857143,2.065132232142857,7000.0,14455.925625,TUM02,0.5611347321428573,578.237025,1135.8227276785715,0.3,4336.7776875,10119.1479375,HOLD,578.237025,"HOLD 2 units: estimated carrying/opportunity cost is ₹578, lower than available liquidation alternatives."
MYS01,MOD025,post_successor,2.0,0.9533314285714286,1.0466685714285715,24000.0,25120.045714285716,KOP01,0.5733017857142857,1004.8018285714287,575.6677142857143,0.3,7536.013714285715,17584.032,TRANSFER,575.6677142857143,"TRANSFER 1 units to KOP01: destination has 0.6 units of demand gap; transfer cost is ₹576, below the estimated markdown loss of ₹7,536."
HOS01,MOD007,post_successor,4.0,1.948494,2.051506,7000.0,14360.542,BEL01,0.6874368750000002,574.42168,1128.3283,0.3,4308.1626,10052.3794,HOLD,574.42168,"HOLD 2 units: estimated carrying/opportunity cost is ₹574, lower than available liquidation alternatives."
BLR05,MOD055,post_successor,2.0,0.9653191176470588,1.0346808823529412,120000.0,124161.70588235294,BLR06,0.5702327678571429,4966.468235294117,569.0744852941176,0.3,37248.51176470588,86913.19411764706,TRANSFER,569.0744852941176,"TRANSFER 1 units to BLR06: destination has 0.6 units of demand gap; transfer cost is ₹569, below the estimated markdown loss of ₹37,249."
BLR04,MOD047,post_successor,4.0,2.9657812500000005,1.0342187499999995,52000.0,53779.37499999998,BLR08,0.35000000000000003,2151.1749999999993,568.8203124999998,0.3,16133.812499999993,37645.562499999985,TRANSFER,568.8203124999998,"TRANSFER 1 units to BLR08: destination has 0.4 units of demand gap; transfer cost is ₹569, below the estimated markdown loss of ₹16,134."
BLR02,MOD005,post_successor,4.0,1.816485267857143,2.183514732142857,6500.0,14192.845758928572,HOS01,0.8836690178571429,567.7138303571429,1200.9331026785715,0.3,4257.853727678571,9934.99203125,HOLD,567.7138303571429,"HOLD 2 units: estimated carrying/opportunity cost is ₹568, lower than available liquidation alternatives."
BLR07,MOD032,post_successor,2.0,0.9682272321428573,1.0317727678571427,27000.0,27857.86473214285,KAL01,0.5660504464285714,1114.314589285714,567.4750223214285,0.3,8357.359419642855,19500.505312499998,TRANSFER,567.4750223214285,"TRANSFER 1 units to KAL01: destination has 0.6 units of demand gap; transfer cost is ₹567, below the estimated markdown loss of ₹8,357."
KOP01,MOD005,post_successor,3.0,0.8552550000000001,2.144745,6500.0,13940.842499999999,HOS01,0.8836690178571429,557.6337,1179.6097499999998,0.3,4182.25275,9758.58975,HOLD,557.6337,"HOLD 2 units: estimated carrying/opportunity cost is ₹558, lower than available liquidation alternatives."
HUB02,MOD006,post_successor,3.0,1.0161125,1.9838875,7000.0,13887.2125,TUM02,0.7140174107142857,555.4885,1091.138125,0.3,4166.16375,9721.04875,HOLD,555.4885,"HOLD 2 units: estimated carrying/opportunity cost is ₹555, lower than available liquidation alternatives."
UDU01,MOD001,post_successor,3.0,1.025957142857143,1.974042857142857,7000.0,13818.3,TUM02,0.5611347321428573,552.732,1085.7235714285714,0.3,4145.49,9672.81,HOLD,552.732,"HOLD 2 units: estimated carrying/opportunity cost is ₹553, lower than available liquidation alternatives."
BLR06,MOD005,post_successor,3.0,0.8942933035714286,2.1057066964285713,6500.0,13687.093526785713,HOS01,0.8836690178571429,547.4837410714285,1158.1386830357142,0.3,4106.128058035713,9580.96546875,HOLD,547.4837410714285,"HOLD 2 units: estimated carrying/opportunity cost is ₹547, lower than available liquidation alternatives."
BEL01,MOD004,post_successor,3.0,1.3293651515151517,1.6706348484848483,8000.0,13365.078787878787,BLR02,0.46045366883116867,534.6031515151515,918.8491666666666,0.3,4009.523636363636,9355.555151515151,HOLD,534.6031515151515,"HOLD 2 units: estimated carrying/opportunity cost is ₹535, lower than available liquidation alternatives."
CHI01,MOD010,post_successor,2.0,0.35000000000000003,1.65,8000.0,13200.0,UDU01,0.6118874999999999,528.0,907.5,0.3,3960.0,9240.0,HOLD,528.0,"HOLD 2 units: estimated carrying/opportunity cost is ₹528, lower than available liquidation alternatives."
BLR08,MOD020,post_successor,2.0,0.86025,1.13975,11500.0,13107.125,KAL01,0.7586156250000001,524.285,626.8625000000001,0.3,3932.1375,9174.9875,HOLD,524.285,"HOLD 1 units: estimated carrying/opportunity cost is ₹524, lower than available liquidation alternatives."
MAN02,MOD004,post_successor,3.0,1.36541871657754,1.63458128342246,8000.0,13076.65026737968,BLR02,0.46045366883116867,523.0660106951872,899.019705882353,0.3,3922.9950802139037,9153.655187165776,HOLD,523.0660106951872,"HOLD 2 units: estimated carrying/opportunity cost is ₹523, lower than available liquidation alternatives."
HUB02,MOD009,post_successor,3.0,1.2700249999999997,1.7299750000000003,7500.0,12974.812500000002,DAV02,0.5351290178571428,518.9925000000001,951.4862500000002,0.3,3892.4437500000004,9082.368750000001,HOLD,518.9925000000001,"HOLD 2 units: estimated carrying/opportunity cost is ₹519, lower than available liquidation alternatives."
BLR06,MOD011,post_successor,3.0,1.380810267857143,1.619189732142857,8000.0,12953.517857142855,BLR03,0.613314642857143,518.1407142857142,890.5543526785714,0.3,3886.0553571428563,9067.462499999998,HOLD,518.1407142857142,"HOLD 2 units: estimated carrying/opportunity cost is ₹518, lower than available liquidation alternatives."
BLR05,MOD013,post_successor,2.0,0.9274281249999999,1.072571875,12000.0,12870.8625,UDU01,0.5251885714285714,514.8344999999999,589.91453125,0.3,3861.2587499999995,9009.60375,HOLD,514.8344999999999,"HOLD 1 units: estimated carrying/opportunity cost is ₹515, lower than available liquidation alternatives."
UDU01,MOD005,post_successor,3.0,1.0238758928571428,1.9761241071428572,6500.0,12844.806696428572,HOS01,0.8836690178571429,513.7922678571429,1086.8682589285715,0.3,3853.4420089285713,8991.364687500001,HOLD,513.7922678571429,"HOLD 2 units: estimated carrying/opportunity cost is ₹514, lower than available liquidation alternatives."
BLR08,MOD006,post_successor,3.0,1.2185718749999999,1.7814281250000001,7000.0,12469.996875,TUM02,0.7140174107142857,498.79987500000004,979.7854687500001,0.3,3740.9990625,8728.997812500002,HOLD,498.79987500000004,"HOLD 2 units: estimated carrying/opportunity cost is ₹499, lower than available liquidation alternatives."
BLR01,MOD009,post_successor,2.0,0.3551071428571429,1.6448928571428572,7500.0,12336.69642857143,DAV02,0.5351290178571428,493.4678571428572,904.6910714285715,0.3,3701.0089285714284,8635.6875,HOLD,493.4678571428572,"HOLD 2 units: estimated carrying/opportunity cost is ₹493, lower than available liquidation alternatives."
BLR08,MOD009,post_successor,2.0,0.3567464285714286,1.6432535714285714,7500.0,12324.401785714286,DAV02,0.5351290178571428,492.97607142857146,903.7894642857143,0.3,3697.3205357142856,8627.081250000001,HOLD,492.97607142857146,"HOLD 2 units: estimated carrying/opportunity cost is ₹493, lower than available liquidation alternatives."
MAN01,MOD007,post_successor,3.0,1.2494767857142857,1.7505232142857143,7000.0,12253.6625,BEL01,0.6874368750000002,490.1465,962.7877678571429,0.3,3676.09875,8577.563750000001,HOLD,490.1465,"HOLD 2 units: estimated carrying/opportunity cost is ₹490, lower than available liquidation alternatives."
BLR06,MOD004,post_successor,3.0,1.4779577922077922,1.5220422077922078,8000.0,12176.337662337663,BLR02,0.46045366883116867,487.0535064935065,837.1232142857143,0.3,3652.901298701299,8523.436363636363,HOLD,487.0535064935065,"HOLD 2 units: estimated carrying/opportunity cost is ₹487, lower than available liquidation alternatives."
HOS01,MOD003,post_successor,3.0,1.3948159090909087,1.6051840909090913,7500.0,12038.880681818186,BLR03,0.35000000000000003,481.55522727272745,882.8512500000002,0.3,3611.6642045454555,8427.21647727273,HOLD,481.55522727272745,"HOLD 2 units: estimated carrying/opportunity cost is ₹482, lower than available liquidation alternatives."
MAN01,MOD019,post_successor,2.0,0.9058392857142857,1.0941607142857142,11000.0,12035.767857142855,BLR02,0.5594267857142857,481.4307142857142,601.7883928571428,0.3,3610.7303571428565,8425.037499999999,HOLD,481.4307142857142,"HOLD 1 units: estimated carrying/opportunity cost is ₹481, lower than available liquidation alternatives."
BEL01,MOD011,post_successor,2.0,0.49617991071428574,1.5038200892857143,8000.0,12030.560714285715,BLR03,0.613314642857143,481.2224285714286,827.1010491071429,0.3,3609.1682142857144,8421.392500000002,HOLD,481.2224285714286,"HOLD 2 units: estimated carrying/opportunity cost is ₹481, lower than available liquidation alternatives."
BLR06,MOD003,post_successor,5.0,3.397897402597402,1.602102597402598,7500.0,12015.769480519484,BLR03,0.35000000000000003,480.6307792207794,881.1564285714289,0.3,3604.7308441558453,8411.038636363639,HOLD,480.6307792207794,"HOLD 2 units: estimated carrying/opportunity cost is ₹481, lower than available liquidation alternatives."
BLR06,MOD007,post_successor,5.0,3.336303214285715,1.663696785714285,7000.0,11645.877499999995,BEL01,0.6874368750000002,465.8350999999998,915.0332321428567,0.3,3493.7632499999986,8152.114249999997,HOLD,465.8350999999998,"HOLD 2 units: estimated carrying/opportunity cost is ₹466, lower than available liquidation alternatives."
HUB02,MOD011,post_successor,2.0,0.5659017857142857,1.4340982142857142,8000.0,11472.785714285714,BLR03,0.613314642857143,458.9114285714286,788.7540178571428,0.3,3441.835714285714,8030.95,HOLD,458.9114285714286,"HOLD 1 units: estimated carrying/opportunity cost is ₹459, lower than available liquidation alternatives."
BLR07,MOD006,post_successor,4.0,2.363616160714286,1.6363838392857142,7000.0,11454.686875,TUM02,0.7140174107142857,458.187475,900.0111116071428,0.3,3436.4060624999997,8018.280812499999,HOLD,458.187475,"HOLD 2 units: estimated carrying/opportunity cost is ₹458, lower than available liquidation alternatives."
BLR06,MOD019,post_successor,2.0,0.9587316666666666,1.0412683333333335,11000.0,11453.951666666668,BLR02,0.5594267857142857,458.15806666666674,572.6975833333335,0.3,3436.1855,8017.766166666668,HOLD,458.15806666666674,"HOLD 1 units: estimated carrying/opportunity cost is ₹458, lower than available liquidation alternatives."
KOP01,MOD011,post_successor,3.0,1.5758115000000001,1.4241884999999999,8000.0,11393.507999999998,BLR03,0.613314642857143,455.74031999999994,783.3036749999999,0.3,3418.052399999999,7975.455599999999,HOLD,455.74031999999994,"HOLD 1 units: estimated carrying/opportunity cost is ₹456, lower than available liquidation alternatives."
HUB01,MOD001,post_successor,3.0,1.378838636363636,1.621161363636364,7000.0,11348.129545454547,TUM02,0.5611347321428573,453.9251818181819,891.6387500000002,0.3,3404.438863636364,7943.690681818183,HOLD,453.9251818181819,"HOLD 2 units: estimated carrying/opportunity cost is ₹454, lower than available liquidation alternatives."
HOS01,MOD019,post_successor,3.0,1.9794471428571432,1.0205528571428568,11000.0,11226.081428571424,BLR02,0.5594267857142857,449.043257142857,561.3040714285712,0.3,3367.8244285714272,7858.256999999997,HOLD,449.043257142857,"HOLD 1 units: estimated carrying/opportunity cost is ₹449, lower than available liquidation alternatives."
DAV02,MOD004,post_successor,4.0,2.6175818181818182,1.3824181818181818,8000.0,11059.345454545453,BLR02,0.46045366883116867,442.37381818181814,760.3299999999999,0.3,3317.803636363636,7741.541818181817,HOLD,442.37381818181814,"HOLD 1 units: estimated carrying/opportunity cost is ₹442, lower than available liquidation alternatives."
KAL01,MOD001,post_successor,2.0,0.4259625,1.5740375,7000.0,11018.2625,TUM02,0.5611347321428573,440.73050000000006,865.720625,0.3,3305.47875,7712.7837500000005,HOLD,440.73050000000006,"HOLD 2 units: estimated carrying/opportunity cost is ₹441, lower than available liquidation alternatives."
BLR03,MOD009,post_successor,2.0,0.5338406250000001,1.466159375,7500.0,10996.1953125,DAV02,0.5351290178571428,439.84781250000003,806.38765625,0.3,3298.8585937499997,7697.336718750001,HOLD,439.84781250000003,"HOLD 1 units: estimated carrying/opportunity cost is ₹440, lower than available liquidation alternatives."
CHI01,MOD009,post_successor,2.0,0.5629946428571428,1.4370053571428572,7500.0,10777.54017857143,DAV02,0.5351290178571428,431.1016071428572,790.3529464285714,0.3,3233.2620535714286,7544.278125000001,HOLD,431.1016071428572,"HOLD 1 units: estimated carrying/opportunity cost is ₹431, lower than available liquidation alternatives."
BLR07,MOD001,post_successor,2.0,0.4990375000000001,1.5009625,7000.0,10506.7375,TUM02,0.5611347321428573,420.2695,825.529375,0.3,3152.02125,7354.7162499999995,HOLD,420.2695,"HOLD 2 units: estimated carrying/opportunity cost is ₹420, lower than available liquidation alternatives."
KAL01,MOD002,post_successor,2.0,0.6023732142857143,1.3976267857142857,7500.0,10482.200892857143,DAV01,0.4020975,419.28803571428574,768.6947321428571,0.3,3144.660267857143,7337.540625,HOLD,419.28803571428574,"HOLD 1 units: estimated carrying/opportunity cost is ₹419, lower than available liquidation alternatives."
DAV02,MOD005,post_successor,2.0,0.3897883928571429,1.6102116071428572,6500.0,10466.375446428572,HOS01,0.8836690178571429,418.65501785714287,885.6163839285714,0.3,3139.9126339285717,7326.4628125,HOLD,418.65501785714287,"HOLD 2 units: estimated carrying/opportunity cost is ₹419, lower than available liquidation alternatives."
BLR04,MOD009,post_successor,2.0,0.61026875,1.38973125,7500.0,10422.984375,DAV02,0.5351290178571428,416.919375,764.3521875,0.3,3126.8953125,7296.0890625,HOLD,416.919375,"HOLD 1 units: estimated carrying/opportunity cost is ₹417, lower than available liquidation alternatives."
SHI01,MOD005,post_successor,3.0,1.4038625892857146,1.5961374107142854,6500.0,10374.893169642855,HOS01,0.8836690178571429,414.9957267857142,877.875575892857,0.3,3112.4679508928566,7262.425218749999,HOLD,414.9957267857142,"HOLD 2 units: estimated carrying/opportunity cost is ₹415, lower than available liquidation alternatives."
DAV02,MOD010,post_successor,2.0,0.7264058035714285,1.2735941964285715,8000.0,10188.753571428571,UDU01,0.6118874999999999,407.5501428571429,700.4768080357144,0.3,3056.6260714285713,7132.1275000000005,HOLD,407.5501428571429,"HOLD 1 units: estimated carrying/opportunity cost is ₹408, lower than available liquidation alternatives."
KOP01,MOD010,post_successor,2.0,0.7275950892857144,1.2724049107142856,8000.0,10179.239285714286,UDU01,0.6118874999999999,407.16957142857143,699.8227008928571,0.3,3053.7717857142857,7125.467500000001,HOLD,407.16957142857143,"HOLD 1 units: estimated carrying/opportunity cost is ₹407, lower than available liquidation alternatives."
KOP01,MOD002,post_successor,2.0,0.6600535714285715,1.3399464285714284,7500.0,10049.598214285714,DAV01,0.4020975,401.9839285714286,736.9705357142857,0.3,3014.879464285714,7034.71875,HOLD,401.9839285714286,"HOLD 1 units: estimated carrying/opportunity cost is ₹402, lower than available liquidation alternatives."
MYS01,MOD005,post_successor,2.0,0.4541089285714286,1.5458910714285714,6500.0,10048.291964285714,HOS01,0.8836690178571429,401.93167857142856,850.2400892857142,0.3,3014.487589285714,7033.804375,HOLD,401.93167857142856,"HOLD 2 units: estimated carrying/opportunity cost is ₹402, lower than available liquidation alternatives."
BLR05,MOD006,post_successor,2.0,0.5669424107142859,1.4330575892857143,7000.0,10031.403124999999,TUM02,0.7140174107142857,401.25612499999994,788.1816741071428,0.3,3009.4209374999996,7021.9821875,HOLD,401.25612499999994,"HOLD 1 units: estimated carrying/opportunity cost is ₹401, lower than available liquidation alternatives."
BLR08,MOD002,post_successor,3.0,1.6638701785714287,1.3361298214285713,7500.0,10020.973660714284,DAV01,0.4020975,400.8389464285714,734.8714017857142,0.3,3006.292098214285,7014.681562499999,HOLD,400.8389464285714,"HOLD 1 units: estimated carrying/opportunity cost is ₹401, lower than available liquidation alternatives."
MYS01,MOD007,post_successor,2.0,0.5783892857142857,1.4216107142857144,7000.0,9951.275000000001,BEL01,0.6874368750000002,398.05100000000004,781.885892857143,0.3,2985.3825,6965.892500000002,HOLD,398.05100000000004,"HOLD 1 units: estimated carrying/opportunity cost is ₹398, lower than available liquidation alternatives."
BLR08,MOD007,post_successor,3.0,1.5796322368421052,1.4203677631578948,7000.0,9942.574342105263,BEL01,0.6874368750000002,397.7029736842105,781.2022697368421,0.3,2982.772302631579,6959.802039473684,HOLD,397.7029736842105,"HOLD 1 units: estimated carrying/opportunity cost is ₹398, lower than available liquidation alternatives."
BLR06,MOD001,post_successor,2.0,0.5987558035714285,1.4012441964285713,7000.0,9808.709374999999,TUM02,0.5611347321428573,392.348375,770.6843080357143,0.3,2942.6128124999996,6866.096562499999,HOLD,392.348375,"HOLD 1 units: estimated carrying/opportunity cost is ₹392, lower than available liquidation alternatives."
TUM01,MOD006,post_successor,2.0,0.5993504464285714,1.4006495535714287,7000.0,9804.546875000002,TUM02,0.7140174107142857,392.1818750000001,770.3572544642858,0.3,2941.3640625000003,6863.182812500001,HOLD,392.1818750000001,"HOLD 1 units: estimated carrying/opportunity cost is ₹392, lower than available liquidation alternatives."
HUB01,MOD005,post_successor,2.0,0.5403321428571428,1.4596678571428572,6500.0,9487.841071428571,HOS01,0.8836690178571429,379.5136428571428,802.8173214285714,0.3,2846.352321428571,6641.48875,HOLD,379.5136428571428,"HOLD 1 units: estimated carrying/opportunity cost is ₹380, lower than available liquidation alternatives."
BLR04,MOD006,post_successor,2.0,0.648755357142857,1.351244642857143,7000.0,9458.712500000001,TUM02,0.7140174107142857,378.34850000000006,743.1845535714286,0.3,2837.6137500000004,6621.098750000001,HOLD,378.34850000000006,"HOLD 1 units: estimated carrying/opportunity cost is ₹378, lower than available liquidation alternatives."
BLR05,MOD002,post_successor,2.0,0.7992991071428571,1.2007008928571428,7500.0,9005.25669642857,DAV01,0.4020975,360.2102678571428,660.3854910714285,0.3,2701.577008928571,6303.6796875,HOLD,360.2102678571428,"HOLD 1 units: estimated carrying/opportunity cost is ₹360, lower than available liquidation alternatives."
BLR07,MOD003,post_successor,2.0,0.8049842532467532,1.195015746753247,7500.0,8962.618100649352,BLR03,0.35000000000000003,358.5047240259741,657.2586607142858,0.3,2688.7854301948055,6273.832670454546,HOLD,358.5047240259741,"HOLD 1 units: estimated carrying/opportunity cost is ₹359, lower than available liquidation alternatives."
MAN01,MOD006,post_successor,3.0,1.7404007142857143,1.2595992857142857,7000.0,8817.195,TUM02,0.7140174107142857,352.6878,692.7796071428571,0.3,2645.1585,6172.0365,HOLD,352.6878,"HOLD 1 units: estimated carrying/opportunity cost is ₹353, lower than available liquidation alternatives."
BLR04,MOD011,post_successor,2.0,0.9043031250000001,1.0956968749999998,8000.0,8765.574999999999,BLR03,0.613314642857143,350.623,602.6332812499999,0.3,2629.6724999999997,6135.902499999999,HOLD,350.623,"HOLD 1 units: estimated carrying/opportunity cost is ₹351, lower than available liquidation alternatives."
BLR07,MOD002,post_successor,2.0,0.8314891071428572,1.1685108928571428,7500.0,8763.831696428571,DAV01,0.4020975,350.5532678571429,642.6809910714286,0.3,2629.1495089285713,6134.6821875000005,HOLD,350.5532678571429,"HOLD 1 units: estimated carrying/opportunity cost is ₹351, lower than available liquidation alternatives."
TUM01,MOD010,post_successor,2.0,0.9519934821428573,1.0480065178571427,8000.0,8384.052142857141,UDU01,0.6118874999999999,335.3620857142856,576.4035848214285,0.3,2515.215642857142,5868.836499999999,HOLD,335.3620857142856,"HOLD 1 units: estimated carrying/opportunity cost is ₹335, lower than available liquidation alternatives."
SHI01,MOD007,post_successor,3.0,1.8078332142857145,1.1921667857142855,7000.0,8345.167499999998,BEL01,0.6874368750000002,333.8066999999999,655.6917321428571,0.3,2503.5502499999993,5841.617249999998,HOLD,333.8066999999999,"HOLD 1 units: estimated carrying/opportunity cost is ₹334, lower than available liquidation alternatives."
HOS01,MOD001,post_successor,2.0,0.8150571428571428,1.184942857142857,7000.0,8294.6,TUM02,0.5611347321428573,331.78400000000005,651.7185714285714,0.3,2488.38,5806.22,HOLD,331.78400000000005,"HOLD 1 units: estimated carrying/opportunity cost is ₹332, lower than available liquidation alternatives."
TUM02,MOD003,post_successor,2.0,0.9051545454545454,1.0948454545454545,7500.0,8211.340909090908,BLR03,0.35000000000000003,328.45363636363635,602.165,0.3,2463.4022727272722,5747.938636363636,HOLD,328.45363636363635,"HOLD 1 units: estimated carrying/opportunity cost is ₹328, lower than available liquidation alternatives."
HUB02,MOD001,post_successor,2.0,0.8362711538461538,1.1637288461538462,7000.0,8146.101923076923,TUM02,0.5611347321428573,325.84407692307695,640.0508653846155,0.3,2443.830576923077,5702.271346153846,HOLD,325.84407692307695,"HOLD 1 units: estimated carrying/opportunity cost is ₹326, lower than available liquidation alternatives."
BLR01,MOD003,post_successor,2.0,0.940400649350649,1.0595993506493508,7500.0,7946.995129870132,BLR03,0.35000000000000003,317.8798051948053,582.779642857143,0.3,2384.0985389610396,5562.896590909092,HOLD,317.8798051948053,"HOLD 1 units: estimated carrying/opportunity cost is ₹318, lower than available liquidation alternatives."
HUB02,MOD005,post_successor,2.0,0.8626285714285714,1.1373714285714285,6500.0,7392.914285714285,HOS01,0.8836690178571429,295.7165714285714,625.5542857142857,0.3,2217.8742857142856,5175.039999999999,HOLD,295.7165714285714,"HOLD 1 units: estimated carrying/opportunity cost is ₹296, lower than available liquidation alternatives."
SHI01,MOD001,post_successor,2.0,0.9659081250000001,1.0340918749999999,7000.0,7238.643125,TUM02,0.5611347321428573,289.545725,568.7505312499999,0.3,2171.5929374999996,5067.0501875,HOLD,289.545725,"HOLD 1 units: estimated carrying/opportunity cost is ₹290, lower than available liquidation alternatives."
