store_id,model_id,forecast_units,current_stock,target_stock,stock_gap,recommended_units,allocated_units,allocation_value,protected_sales_value,lost_sale_value,unfilled_demand_units,unfilled_demand_value,priority_score,price_band,store_price_band_fit,avg_event_multiplier,lifecycle_factor,city,eol_status,allocation_status,reason,price
BLR05,MOD054,13.158094967532469,14.0,18.797278525046384,4.797278525046384,4,4,368000,368000.0,0.0,0.0,0.0,390153.0678849724,Premium,1.3,1.0,1.0,Bangalore,normal,FULLY_ALLOCATED,NORMAL REPLENISHMENT: forecast demand exceeds current stock.,92000
BLR01,MOD057,4.385987762237762,3.0,6.2656968031968026,3.2656968031968026,3,3,388500,388500.0,143588.33216783212,0.0,0.0,373850.43863636366,Premium,1.3,1.0,1.0,Bangalore,normal,FULLY_ALLOCATED,"HIGH PRIORITY: stockout risk and ₹143,588 potential lost-sale value.",129500
BLR03,MOD057,6.996081331168831,7.0,9.99440190166976,2.994401901669759,2,2,259000,259000.0,0.0,0.0,0.0,342793.1408993507,Premium,1.3,1.0,1.0,Bangalore,normal,FULLY_ALLOCATED,NORMAL REPLENISHMENT: forecast demand exceeds current stock.,129500
BLR05,MOD057,3.4048709415584417,2.0,4.864101345083489,2.8641013450834887,2,2,259000,259000.0,145544.62954545455,0.0,0.0,327876.59378246765,Premium,1.3,1.0,1.0,Bangalore,normal,FULLY_ALLOCATED,"HIGH PRIORITY: stockout risk and ₹145,545 potential lost-sale value.",129500
BLR02,MOD039,7.9416916996047435,4.0,11.345273856578205,7.3452738565782045,7,7,241500,241500.0,156386.6181818182,0.0,0.0,320566.1142857143,Mid-range,1.1,1.0,1.0,Bangalore,normal,FULLY_ALLOCATED,"HIGH PRIORITY: stockout risk and ₹156,387 potential lost-sale value.",34500
BLR05,MOD027,10.012380194805193,5.0,14.30340027829313,9.30340027829313,9,9,234000,234000.0,143354.07357142854,0.0,0.0,292684.9727551019,Mid-range,1.1,1.0,1.0,Bangalore,normal,FULLY_ALLOCATED,"HIGH PRIORITY: stockout risk and ₹143,354 potential lost-sale value.",26000
BLR01,MOD030,6.794497402597403,2.0,9.706424860853433,7.706424860853433,7,7,210000,203834.9220779221,158218.4142857143,0.0,0.0,279743.2224489797,Mid-range,1.1,1.0,1.0,Bangalore,normal,FULLY_ALLOCATED,"HIGH PRIORITY: stockout risk and ₹158,218 potential lost-sale value.",30000
BLR07,MOD060,1.5852637987012985,0.0,2.2646625695732836,2.2646625695732836,2,2,205000,162489.5393668831,129991.63149350649,0.0,0.0,265554.33290816325,Premium,1.3,1.0,1.0,Bangalore,normal,FULLY_ALLOCATED,"HIGH PRIORITY: stockout risk and ₹129,992 potential lost-sale value.",102500
MAN01,MOD048,6.361372159090908,2.0,9.087674512987011,7.087674512987011,7,7,378000,343514.096590909,176635.57244318177,0.0,0.0,258345.73599837653,Flagship,1.0,1.0,1.0,Mangalore,normal,FULLY_ALLOCATED,"HIGH PRIORITY: stockout risk and ₹176,636 potential lost-sale value.",54000
BLR06,MOD057,1.11925,0.0,1.5989285714285715,1.5989285714285715,1,1,129500,129500.0,115954.3,0.11925000000000008,15442.875000000011,236878.07,Premium,1.3,1.0,1.0,Bangalore,normal,FULLY_ALLOCATED,"HIGH PRIORITY: stockout risk and ₹115,954 potential lost-sale value.",129500
BLR02,MOD054,4.030237012987013,3.0,5.757481447124304,2.757481447124304,2,2,184000,184000.0,75825.44415584416,0.0,0.0,224260.45113172542,Premium,1.3,1.0,1.0,Bangalore,normal,FULLY_ALLOCATED,NORMAL REPLENISHMENT: forecast demand exceeds current stock.,92000
BLR06,MOD039,5.524502435064934,3.0,7.892146335807049,4.892146335807049,4,4,138000,138000.0,100159.63411120127,0.0,0.0,213505.49646045914,Mid-range,1.1,1.0,1.0,Bangalore,normal,FULLY_ALLOCATED,"HIGH PRIORITY: stockout risk and ₹100,160 potential lost-sale value.",34500
BLR02,MOD060,4.364238095238095,4.0,6.2346258503401355,2.2346258503401355,2,2,205000,205000.0,29867.523809523795,0.0,0.0,202479.4482993197,Premium,1.3,1.0,1.0,Bangalore,normal,FULLY_ALLOCATED,NORMAL REPLENISHMENT: forecast demand exceeds current stock.,102500
BLR05,MOD060,1.2030165584415584,0.0,1.7185950834879407,1.7185950834879407,1,1,102500,102500.0,98647.3577922078,0.20301655844155841,20809.19724025974,201522.45948979593,Premium,1.3,1.0,1.0,Bangalore,normal,FULLY_ALLOCATED,NORMAL REPLENISHMENT: forecast demand exceeds current stock.,102500
BLR05,MOD042,3.5876425324675325,1.0,5.125203617810761,4.125203617810761,4,4,152000,136330.41623376624,113079.97866883117,0.0,0.0,199803.17238520412,Mid-range,1.1,1.0,1.0,Bangalore,normal,FULLY_ALLOCATED,"HIGH PRIORITY: stockout risk and ₹113,080 potential lost-sale value.",38000
BLR02,MOD042,5.588605371900826,4.0,7.983721959858323,3.9837219598583227,3,3,114000,114000.0,69422.05475206609,0.0,0.0,191497.51461038957,Mid-range,1.1,1.0,1.0,Bangalore,normal,FULLY_ALLOCATED,NORMAL REPLENISHMENT: forecast demand exceeds current stock.,38000
BLR03,MOD048,4.0491935064935065,2.0,5.784562152133581,3.7845621521335806,3,3,162000,162000.0,82992.337012987,0.0,0.0,165536.74853432283,Flagship,1.2,1.0,1.0,Bangalore,normal,FULLY_ALLOCATED,NORMAL REPLENISHMENT: forecast demand exceeds current stock.,54000
BLR07,MOD030,4.592010489510489,2.0,6.560014985014985,4.560014985014985,4,4,120000,120000.0,85536.34615384616,0.0,0.0,165528.54395604398,Mid-range,1.1,1.0,1.0,Bangalore,normal,FULLY_ALLOCATED,NORMAL REPLENISHMENT: forecast demand exceeds current stock.,30000
BLR03,MOD054,4.870215097402597,5.0,6.957450139146567,1.9574501391465668,1,1,92000,92000.0,0.0,0.0,0.0,159195.504916512,Premium,1.3,1.0,1.0,Bangalore,normal,FULLY_ALLOCATED,NORMAL REPLENISHMENT: forecast demand exceeds current stock.,92000
BLR08,MOD042,1.8174988636363636,0.0,2.596426948051948,2.596426948051948,2,2,76000,69064.95681818182,79424.70034090908,0.0,0.0,156012.80424107146,Mid-range,1.1,1.0,1.0,Bangalore,normal,FULLY_ALLOCATED,NORMAL REPLENISHMENT: forecast demand exceeds current stock.,38000
BLR04,MOD054,4.109997086247086,4.0,5.871424408924407,1.8714244089244074,1,1,92000,92000.0,8095.785547785516,0.0,0.0,152199.20432900422,Premium,1.3,1.0,1.0,Bangalore,normal,FULLY_ALLOCATED,NORMAL REPLENISHMENT: forecast demand exceeds current stock.,92000
MAN01,MOD039,5.472054195804195,4.0,7.817220279720279,3.8172202797202788,3,3,103500,103500.0,58403.75021853143,0.0,0.0,151448.21459790206,Mid-range,1.0,1.0,1.0,Mangalore,normal,FULLY_ALLOCATED,NORMAL REPLENISHMENT: forecast demand exceeds current stock.,34500
BLR02,MOD018,6.669067193675889,3.0,9.527238848108412,6.5272388481084125,6,6,90000,90000.0,77050.41106719365,0.0,0.0,151121.89743083,Upper-mid,1.05,1.0,1.0,Bangalore,normal,FULLY_ALLOCATED,NORMAL REPLENISHMENT: forecast demand exceeds current stock.,15000
UDU01,MOD021,7.796740909090909,3.0,11.138201298701299,8.138201298701299,8,8,96000,93560.89090909091,80585.24727272727,0.0,0.0,150393.96000000002,Budget,1.0,1.0,1.0,Udupi,normal,FULLY_ALLOCATED,NORMAL REPLENISHMENT: forecast demand exceeds current stock.,12000
TUM01,MOD015,5.104468344155843,1.0,7.292097634508347,6.292097634508347,6,6,78000,66358.08847402596,74701.32386363634,0.0,0.0,136396.8388798701,Budget,1.0,1.0,1.0,Tumkur,normal,FULLY_ALLOCATED,NORMAL REPLENISHMENT: forecast demand exceeds current stock.,13000
MAN01,MOD027,6.784050909090908,5.0,9.691501298701297,4.691501298701297,4,4,104000,104000.0,51023.85599999998,0.0,0.0,134176.93714285712,Mid-range,1.0,1.0,1.0,Mangalore,normal,FULLY_ALLOCATED,NORMAL REPLENISHMENT: forecast demand exceeds current stock.,26000
BLR06,MOD042,4.024380681818181,3.0,5.749115259740258,2.7491152597402584,2,2,76000,76000.0,44765.43579545452,0.0,0.0,132149.97053571424,Mid-range,1.1,1.0,1.0,Bangalore,normal,FULLY_ALLOCATED,NORMAL REPLENISHMENT: forecast demand exceeds current stock.,38000
BLR04,MOD030,4.604359504132232,3.0,6.577656434474617,3.5776564344746173,3,3,90000,90000.0,52943.86363636365,0.0,0.0,129868.92857142862,Mid-range,1.1,1.0,1.0,Bangalore,normal,FULLY_ALLOCATED,NORMAL REPLENISHMENT: forecast demand exceeds current stock.,30000
BLR04,MOD051,3.8497465034965037,2.0,5.499637862137862,3.4996378621378623,3,3,136500,136500.0,63122.599431818184,0.0,0.0,128979.15340909091,Flagship,1.2,1.0,1.0,Bangalore,normal,FULLY_ALLOCATED,NORMAL REPLENISHMENT: forecast demand exceeds current stock.,45500
KOP01,MOD021,8.867746753246752,6.0,12.66820964749536,6.66820964749536,6,6,72000,72000.0,48178.14545454543,0.0,0.0,123228.51428571426,Budget,1.0,1.0,1.0,Koppal,normal,FULLY_ALLOCATED,NORMAL REPLENISHMENT: forecast demand exceeds current stock.,12000
BEL01,MOD033,4.121415584415583,2.0,5.887736549165119,3.887736549165119,3,3,84000,84000.0,65339.59999999997,0.0,0.0,119742.28571428568,Mid-range,1.0,1.0,1.0,Belgaum,normal,FULLY_ALLOCATED,NORMAL REPLENISHMENT: forecast demand exceeds current stock.,28000
BLR04,MOD036,5.707598376623377,5.0,8.153711966604824,3.153711966604824,3,3,90000,90000.0,24412.143993506503,0.0,0.0,119683.36913265308,Mid-range,1.1,1.0,1.0,Bangalore,normal,FULLY_ALLOCATED,NORMAL REPLENISHMENT: forecast demand exceeds current stock.,30000
BLR07,MOD042,2.389022727272727,1.0,3.4128896103896103,2.4128896103896103,2,2,76000,76000.0,60700.293181818175,0.0,0.0,115987.60357142855,Mid-range,1.1,1.0,1.0,Bangalore,normal,FULLY_ALLOCATED,NORMAL REPLENISHMENT: forecast demand exceeds current stock.,38000
BLR02,MOD051,3.5712052785923745,2.0,5.101721826560535,3.101721826560535,3,3,136500,136500.0,53617.38013196477,0.0,0.0,114313.95791788852,Flagship,1.2,1.0,1.0,Bangalore,normal,FULLY_ALLOCATED,NORMAL REPLENISHMENT: forecast demand exceeds current stock.,45500
HUB02,MOD027,4.874828084415585,3.0,6.964040120593692,3.964040120593692,3,3,78000,78000.0,53620.083214285725,0.0,0.0,113371.5474489796,Mid-range,1.0,1.0,1.0,Hubli,normal,FULLY_ALLOCATED,NORMAL REPLENISHMENT: forecast demand exceeds current stock.,26000
HUB01,MOD054,3.3103227272727276,3.0,4.729032467532468,1.729032467532468,1,1,92000,92000.0,22839.75272727275,0.0,0.0,108168.2711688312,Premium,1.0,1.0,1.0,Hubli,normal,FULLY_ALLOCATED,NORMAL REPLENISHMENT: forecast demand exceeds current stock.,92000
CHI01,MOD021,8.117361525974026,6.0,11.596230751391465,5.596230751391465,5,5,60000,60000.0,35571.67363636363,0.0,0.0,103418.34428571428,Budget,1.0,1.0,1.0,Chitradurga,normal,FULLY_ALLOCATED,NORMAL REPLENISHMENT: forecast demand exceeds current stock.,12000
BLR02,MOD036,3.9739494949494945,3.0,5.6770707070707065,2.6770707070707065,2,2,60000,60000.0,33601.257575757554,0.0,0.0,101594.83333333333,Mid-range,1.1,1.0,1.0,Bangalore,normal,FULLY_ALLOCATED,NORMAL REPLENISHMENT: forecast demand exceeds current stock.,30000
BLR03,MOD027,6.436037878787877,6.0,9.194339826839824,3.1943398268398244,3,3,78000,78000.0,12470.683333333282,0.0,0.0,100493.93095238089,Mid-range,1.1,1.0,1.0,Bangalore,normal,FULLY_ALLOCATED,NORMAL REPLENISHMENT: forecast demand exceeds current stock.,26000
BLR08,MOD033,2.768170616883117,1.0,3.954529452690167,2.954529452690167,2,2,56000,56000.0,54459.65500000001,0.0,0.0,100099.45785714287,Mid-range,1.1,1.0,1.0,Bangalore,normal,FULLY_ALLOCATED,NORMAL REPLENISHMENT: forecast demand exceeds current stock.,28000
BLR03,MOD036,3.244948051948052,2.0,4.635640074211502,2.6356400742115023,2,2,60000,60000.0,42950.707792207795,0.0,0.0,100022.5408163265,Mid-range,1.1,1.0,1.0,Bangalore,normal,FULLY_ALLOCATED,NORMAL REPLENISHMENT: forecast demand exceeds current stock.,30000
KOP01,MOD024,6.743659090909091,5.0,9.633798701298701,4.633798701298701,4,4,56000,56000.0,34175.718181818185,0.0,0.0,99904.70000000001,Budget,1.0,1.0,1.0,Koppal,normal,FULLY_ALLOCATED,NORMAL REPLENISHMENT: forecast demand exceeds current stock.,14000
KAL01,MOD036,4.050653084415584,3.0,5.786647263450836,2.7866472634508357,2,2,60000,60000.0,36247.53141233766,0.0,0.0,96139.33058905382,Mid-range,1.0,1.0,1.0,Kalaburagi,normal,FULLY_ALLOCATED,NORMAL REPLENISHMENT: forecast demand exceeds current stock.,30000
BLR01,MOD042,4.832500324675324,5.0,6.9035718923933205,1.9035718923933205,1,1,38000,38000.0,0.0,0.0,0.0,91504.70086734691,Mid-range,1.1,1.0,1.0,Bangalore,normal,FULLY_ALLOCATED,NORMAL REPLENISHMENT: forecast demand exceeds current stock.,38000
TUM01,MOD012,12.258508441558442,11.0,17.51215491651206,6.51215491651206,6,6,51000,51000.0,16045.982629870137,0.0,0.0,91332.97270408165,Keypad,1.0,1.0,1.0,Tumkur,normal,FULLY_ALLOCATED,NORMAL REPLENISHMENT: forecast demand exceeds current stock.,8500
UDU01,MOD027,4.964400252525252,4.0,7.09200036075036,3.09200036075036,3,3,78000,78000.0,27581.8472222222,0.0,0.0,88431.2103174603,Mid-range,1.0,1.0,1.0,Udupi,normal,FULLY_ALLOCATED,NORMAL REPLENISHMENT: forecast demand exceeds current stock.,26000
SHI01,MOD036,1.434590909090909,0.0,2.0494155844155846,2.0494155844155846,2,2,60000,43037.72727272727,49493.38636363636,0.0,0.0,88381.04707792208,Mid-range,1.0,1.0,1.0,Shivamogga,normal,FULLY_ALLOCATED,NORMAL REPLENISHMENT: forecast demand exceeds current stock.,30000
TUM01,MOD042,4.914553030303031,5.0,7.020790043290044,2.0207900432900443,2,2,76000,76000.0,0.0,0.0,0.0,88308.52489177493,Mid-range,1.0,1.0,1.0,Tumkur,normal,FULLY_ALLOCATED,NORMAL REPLENISHMENT: forecast demand exceeds current stock.,38000
MAN02,MOD045,1.0791146103896105,0.0,1.5415923005565866,1.5415923005565866,1,1,38000,38000.0,47157.30847402597,0.07911461038961054,3006.3551948052004,84209.47941790352,Mid-range,1.0,1.0,1.0,Mangalore,normal,FULLY_ALLOCATED,NORMAL REPLENISHMENT: forecast demand exceeds current stock.,38000
MAN01,MOD045,1.075458041958042,0.0,1.5363686313686313,1.5363686313686313,1,1,38000,38000.0,46997.51643356643,0.07545804195804195,2867.4055944055945,83924.13648851147,Mid-range,1.0,1.0,1.0,Mangalore,normal,FULLY_ALLOCATED,NORMAL REPLENISHMENT: forecast demand exceeds current stock.,38000
MAN01,MOD030,3.1478230519480515,2.0,4.496890074211502,2.4968900742115023,2,2,60000,60000.0,37878.1607142857,0.0,0.0,82397.37244897957,Mid-range,1.0,1.0,1.0,Mangalore,normal,FULLY_ALLOCATED,NORMAL REPLENISHMENT: forecast demand exceeds current stock.,30000
KAL01,MOD024,6.141403719008265,5.0,8.773433884297521,3.7734338842975212,3,3,42000,42000.0,22371.512892561994,0.0,0.0,81355.23454545456,Budget,1.0,1.0,1.0,Kalaburagi,normal,FULLY_ALLOCATED,NORMAL REPLENISHMENT: forecast demand exceeds current stock.,14000
TUM01,MOD039,3.534572884012539,3.0,5.049389834303627,2.0493898343036268,2,2,69000,69000.0,21209.179173197484,0.0,0.0,81309.5416759964,Mid-range,1.0,1.0,1.0,Tumkur,normal,FULLY_ALLOCATED,NORMAL REPLENISHMENT: forecast demand exceeds current stock.,34500
BLR07,MOD012,6.156725687103594,2.0,8.795322410147993,6.7953224101479925,6,6,51000,51000.0,52998.25251057083,0.0,0.0,81008.73728197676,Keypad,0.85,1.0,1.0,Bangalore,normal,FULLY_ALLOCATED,NORMAL REPLENISHMENT: forecast demand exceeds current stock.,8500
KOP01,MOD045,1.0338676948051948,0.0,1.4769538497217067,1.4769538497217067,1,1,38000,38000.0,45180.018262987,0.0338676948051948,1286.9724025974026,80678.60404104822,Mid-range,1.0,1.0,1.0,Koppal,normal,FULLY_ALLOCATED,NORMAL REPLENISHMENT: forecast demand exceeds current stock.,38000
BLR07,MOD048,1.9771713286713284,1.0,2.824530469530469,1.824530469530469,1,1,54000,54000.0,39575.4388111888,0.0,0.0,79804.96273726271,Flagship,1.2,1.0,1.0,Bangalore,normal,FULLY_ALLOCATED,NORMAL REPLENISHMENT: forecast demand exceeds current stock.,54000
MAN02,MOD039,3.5046087662337664,3.0,5.006583951762523,2.006583951762523,2,2,69000,69000.0,20020.35280032468,0.0,0.0,79611.2182861781,Mid-range,1.0,1.0,1.0,Mangalore,normal,FULLY_ALLOCATED,NORMAL REPLENISHMENT: forecast demand exceeds current stock.,34500
SHI01,MOD012,6.767075757575756,4.0,9.66725108225108,5.667251082251081,5,5,42500,42500.0,35280.21590909089,0.0,0.0,79483.19642857142,Keypad,1.0,1.0,1.0,Shivamogga,normal,FULLY_ALLOCATED,NORMAL REPLENISHMENT: forecast demand exceeds current stock.,8500
BLR08,MOD057,1.8826753246753247,2.0,2.689536178107607,0.6895361781076068,0,0,0,0.0,0.0,0.0,0.0,78936.72259740262,Premium,1.3,1.0,1.0,Bangalore,normal,NO_REPLENISHMENT_NEEDED,NOT ALLOCATED: higher-priority demand consumed available inventory or budget.,129500
BEL01,MOD012,6.650440191387559,4.0,9.500628844839369,5.500628844839369,5,5,42500,42500.0,33793.11244019138,0.0,0.0,77146.31954887215,Keypad,1.0,1.0,1.0,Belgaum,normal,FULLY_ALLOCATED,NORMAL REPLENISHMENT: forecast demand exceeds current stock.,8500
KOP01,MOD057,0.46505666113875066,0.0,0.6643666587696437,0.6643666587696437,0,0,0,0.0,22406.36952000256,0.46505666113875066,60224.83761746821,75711.2244333886,Premium,1.0,1.0,1.0,Koppal,normal,NO_REPLENISHMENT_NEEDED,NOT ALLOCATED: higher-priority demand consumed available inventory or budget.,129500
SHI01,MOD057,0.46505666113875066,0.0,0.6643666587696437,0.6643666587696437,0,0,0,0.0,22406.36952000256,0.46505666113875066,60224.83761746821,75711.2244333886,Premium,1.0,1.0,1.0,Shivamogga,normal,NO_REPLENISHMENT_NEEDED,NOT ALLOCATED: higher-priority demand consumed available inventory or budget.,129500
TUM02,MOD057,0.46505666113875066,0.0,0.6643666587696437,0.6643666587696437,0,0,0,0.0,22406.36952000256,0.46505666113875066,60224.83761746821,75711.2244333886,Premium,1.0,1.0,1.0,Tumkur,normal,NO_REPLENISHMENT_NEEDED,NOT ALLOCATED: higher-priority demand consumed available inventory or budget.,129500
BLR07,MOD045,2.4842016233766233,2.0,3.5488594619666047,1.5488594619666047,1,1,38000,38000.0,21159.610941558436,0.0,0.0,74453.67433673468,Mid-range,1.1,1.0,1.0,Bangalore,normal,FULLY_ALLOCATED,NORMAL REPLENISHMENT: forecast demand exceeds current stock.,38000
DAV01,MOD030,1.3248102272727271,0.0,1.8925860389610387,1.8925860389610387,1,1,30000,30000.0,43718.7375,0.3248102272727271,9744.306818181814,74165.71540178571,Mid-range,0.95,1.0,1.0,Davangere,normal,FULLY_ALLOCATED,NORMAL REPLENISHMENT: forecast demand exceeds current stock.,30000
KAL01,MOD033,3.053901515151515,2.0,4.362716450216451,2.3627164502164506,2,2,56000,56000.0,32460.166666666664,0.0,0.0,72771.66666666669,Mid-range,1.0,1.0,1.0,Kalaburagi,normal,FULLY_ALLOCATED,NORMAL REPLENISHMENT: forecast demand exceeds current stock.,28000
BLR06,MOD008,11.117767207792209,9.0,15.882524582560299,6.882524582560299,6,6,45000,45000.0,23824.88108766235,0.0,0.0,72395.55545280615,Keypad,0.85,1.0,1.0,Bangalore,normal,FULLY_ALLOCATED,NORMAL REPLENISHMENT: forecast demand exceeds current stock.,7500
HOS01,MOD042,0.9275227272727272,0.0,1.3250324675324676,1.3250324675324676,1,1,38000,35245.86363636363,37595.04049984503,0.0,0.0,72379.89853896103,Mid-range,1.0,1.0,1.0,Hassan,normal,FULLY_ALLOCATED,NORMAL REPLENISHMENT: forecast demand exceeds current stock.,38000
BLR01,MOD036,2.7156258116883114,2.0,3.8794654452690165,1.8794654452690165,1,1,30000,30000.0,24689.09050324674,0.0,0.0,71325.71364795919,Mid-range,1.1,1.0,1.0,Bangalore,normal,FULLY_ALLOCATED,NORMAL REPLENISHMENT: forecast demand exceeds current stock.,30000
KAL01,MOD012,7.679488149350648,6.0,10.970697356215211,4.9706973562152115,4,4,34000,34000.0,21413.473904220766,0.0,0.0,69714.03042091834,Keypad,1.0,1.0,1.0,Kalaburagi,normal,FULLY_ALLOCATED,NORMAL REPLENISHMENT: forecast demand exceeds current stock.,8500
BLR01,MOD060,1.2333433441558441,1.0,1.7619190630797772,0.7619190630797772,0,0,0,0.0,19134.15422077922,0.23334334415584412,23917.69277597402,69037.48630565862,Premium,1.3,1.0,1.0,Bangalore,normal,NO_REPLENISHMENT_NEEDED,NOT ALLOCATED: higher-priority demand consumed available inventory or budget.,102500
KOP01,MOD008,8.098710418794688,6.0,11.56958631256384,5.569586312563841,5,5,37500,37500.0,23610.492211440247,0.0,0.0,68923.63061797753,Keypad,1.0,1.0,1.0,Koppal,normal,FULLY_ALLOCATED,NORMAL REPLENISHMENT: forecast demand exceeds current stock.,7500
BLR07,MOD054,3.390995941558441,4.0,4.8442799165120585,0.8442799165120585,0,0,0,0.0,0.0,0.0,0.0,68663.59705009269,Premium,1.3,1.0,1.0,Bangalore,normal,NO_REPLENISHMENT_NEEDED,NOT ALLOCATED: higher-priority demand consumed available inventory or budget.,92000
DAV02,MOD039,1.963456655844156,1.0,2.8049380797773655,1.8049380797773655,1,1,34500,34500.0,38225.142820616886,0.0,0.0,68030.37239940862,Mid-range,0.95,1.0,1.0,Davangere,normal,FULLY_ALLOCATED,NORMAL REPLENISHMENT: forecast demand exceeds current stock.,34500
HUB02,MOD021,3.973015151515152,2.0,5.675735930735931,3.6757359307359314,3,3,36000,36000.0,33146.654545454556,0.0,0.0,67927.60000000002,Budget,1.0,1.0,1.0,Hubli,normal,FULLY_ALLOCATED,NORMAL REPLENISHMENT: forecast demand exceeds current stock.,12000
BLR07,MOD027,3.602694805194805,3.0,5.146706864564008,2.146706864564008,2,2,52000,52000.0,17237.071428571428,0.0,0.0,67535.3979591837,Mid-range,1.1,1.0,1.0,Bangalore,normal,FULLY_ALLOCATED,NORMAL REPLENISHMENT: forecast demand exceeds current stock.,26000
HUB02,MOD018,2.810498376623377,1.0,4.014997680890539,3.0149976808905388,3,3,45000,42157.47564935065,38020.465909090904,0.0,0.0,66480.69886363638,Upper-mid,1.0,1.0,1.0,Hubli,normal,FULLY_ALLOCATED,NORMAL REPLENISHMENT: forecast demand exceeds current stock.,15000
MAN01,MOD036,3.4476852272727276,3.0,4.925264610389611,1.9252646103896112,1,1,30000,30000.0,15445.1403409091,0.0,0.0,66421.62905844158,Mid-range,1.0,1.0,1.0,Mangalore,normal,FULLY_ALLOCATED,NORMAL REPLENISHMENT: forecast demand exceeds current stock.,30000
BLR06,MOD030,3.3602727272727266,3.0,4.800389610389609,1.800389610389609,1,1,30000,30000.0,11888.999999999978,0.0,0.0,65354.142857142826,Mid-range,1.1,1.0,1.0,Bangalore,normal,FULLY_ALLOCATED,NORMAL REPLENISHMENT: forecast demand exceeds current stock.,30000
BLR06,MOD054,1.9600944055944054,2.0,2.800134865134865,0.800134865134865,0,0,0,0.0,0.0,0.0,0.0,65073.3683116883,Premium,1.3,1.0,1.0,Bangalore,normal,NO_REPLENISHMENT_NEEDED,NOT ALLOCATED: higher-priority demand consumed available inventory or budget.,92000
TUM02,MOD024,3.5015454545454543,2.0,5.002207792207792,3.002207792207792,3,3,42000,42000.0,29430.2909090909,0.0,0.0,64727.6,Budget,1.0,1.0,1.0,Tumkur,normal,FULLY_ALLOCATED,NORMAL REPLENISHMENT: forecast demand exceeds current stock.,14000
HUB01,MOD048,2.6415922459893046,2.0,3.7737032085561495,1.7737032085561495,1,1,54000,54000.0,25984.48596256684,0.0,0.0,64651.48195187165,Flagship,1.0,1.0,1.0,Hubli,normal,FULLY_ALLOCATED,NORMAL REPLENISHMENT: forecast demand exceeds current stock.,54000
BLR03,MOD051,1.9020266798418974,1.0,2.7171809712027106,1.7171809712027106,1,1,45500,45500.0,30781.66044960475,0.0,0.0,63286.70469367589,Flagship,1.2,1.0,1.0,Bangalore,normal,FULLY_ALLOCATED,NORMAL REPLENISHMENT: forecast demand exceeds current stock.,45500
BLR04,MOD060,2.5802094155844157,3.0,3.68601345083488,0.6860134508348801,0,0,0,0.0,0.0,0.0,0.0,62159.67878014849,Premium,1.3,1.0,1.0,Bangalore,normal,NO_REPLENISHMENT_NEEDED,NOT ALLOCATED: higher-priority demand consumed available inventory or budget.,102500
MYS01,MOD024,2.708165746753247,1.0,3.868808209647496,2.868808209647496,2,2,28000,28000.0,33480.04863636364,0.0,0.0,61851.50500000001,Budget,1.0,1.0,1.0,Mysore,normal,FULLY_ALLOCATED,NORMAL REPLENISHMENT: forecast demand exceeds current stock.,14000
BLR05,MOD030,3.9908143939393925,4.0,5.701163419913418,1.701163419913418,1,1,30000,30000.0,0.0,0.0,0.0,61752.23214285709,Mid-range,1.1,1.0,1.0,Bangalore,normal,FULLY_ALLOCATED,NORMAL REPLENISHMENT: forecast demand exceeds current stock.,30000
BLR07,MOD036,3.225166666666666,3.0,4.607380952380951,1.607380952380951,1,1,30000,30000.0,7768.249999999979,0.0,0.0,61000.10714285709,Mid-range,1.1,1.0,1.0,Bangalore,normal,FULLY_ALLOCATED,NORMAL REPLENISHMENT: forecast demand exceeds current stock.,30000
KAL01,MOD021,3.670644628099173,2.0,5.243778040141676,3.2437780401416756,3,3,36000,36000.0,28066.829752066107,0.0,0.0,59945.018181818166,Budget,1.0,1.0,1.0,Kalaburagi,normal,FULLY_ALLOCATED,NORMAL REPLENISHMENT: forecast demand exceeds current stock.,12000
DAV02,MOD033,1.1365246753246754,0.0,1.6236066790352506,1.6236066790352506,1,1,28000,28000.0,35004.96000000001,0.13652467532467538,3822.6909090909107,59383.414285714294,Mid-range,0.95,1.0,1.0,Davangere,normal,FULLY_ALLOCATED,NORMAL REPLENISHMENT: forecast demand exceeds current stock.,28000
BLR01,MOD033,3.3265402597402596,3.0,4.752200371057514,1.7522003710575138,1,1,28000,28000.0,10057.439999999995,0.0,0.0,59364.54857142858,Mid-range,1.1,1.0,1.0,Bangalore,normal,FULLY_ALLOCATED,NORMAL REPLENISHMENT: forecast demand exceeds current stock.,28000
MYS02,MOD045,3.03932775974026,3.0,4.341896799628943,1.3418967996289428,1,1,38000,38000.0,1718.6231006493683,0.0,0.0,58640.890143784796,Mid-range,1.0,1.0,1.0,Mysore,normal,FULLY_ALLOCATED,NORMAL REPLENISHMENT: forecast demand exceeds current stock.,38000
BLR08,MOD054,1.2038080808080807,1.0,1.7197258297258295,0.7197258297258295,0,0,0,0.0,15000.274747474738,0.20380808080808066,18750.34343434342,58533.862279942274,Premium,1.3,1.0,1.0,Bangalore,normal,NO_REPLENISHMENT_NEEDED,NOT ALLOCATED: higher-priority demand consumed available inventory or budget.,92000
CHI01,MOD030,2.628081168831169,2.0,3.754401669758813,1.754401669758813,1,1,30000,30000.0,20726.678571428576,0.0,0.0,57895.25510204083,Mid-range,1.0,1.0,1.0,Chitradurga,normal,FULLY_ALLOCATED,NORMAL REPLENISHMENT: forecast demand exceeds current stock.,30000
HOS01,MOD057,0.35490259740259744,0.0,0.5070037105751392,0.5070037105751392,0,0,0,0.0,13049.026437426213,0.35490259740259744,45959.88636363637,57778.14285714286,Premium,1.0,1.0,1.0,Hassan,normal,NO_REPLENISHMENT_NEEDED,NOT ALLOCATED: higher-priority demand consumed available inventory or budget.,129500
KAL01,MOD057,0.35000000000000003,0.0,0.5000000000000001,0.5000000000000001,0,0,0,0.0,12691.000000000004,0.35000000000000003,45325.00000000001,56980.000000000015,Premium,1.0,1.0,1.0,Kalaburagi,normal,NO_REPLENISHMENT_NEEDED,NOT ALLOCATED: higher-priority demand consumed available inventory or budget.,129500
SHI01,MOD015,5.488499512987013,5.0,7.840713589981447,2.840713589981447,2,2,26000,26000.0,8890.691136363634,0.0,0.0,56871.086071428566,Budget,1.0,1.0,1.0,Shivamogga,normal,FULLY_ALLOCATED,NORMAL REPLENISHMENT: forecast demand exceeds current stock.,13000
MYS02,MOD024,3.943923701298701,3.0,5.634176716141002,2.6341767161410017,2,2,28000,28000.0,18500.90454545454,0.0,0.0,56792.84999999999,Budget,1.0,1.0,1.0,Mysore,normal,FULLY_ALLOCATED,NORMAL REPLENISHMENT: forecast demand exceeds current stock.,14000
DAV01,MOD057,0.46505666113875066,0.0,0.6643666587696437,0.6643666587696437,0,0,0,0.0,22406.36952000256,0.46505666113875066,60224.83761746821,56783.41832504145,Premium,0.75,1.0,1.0,Davangere,normal,NO_REPLENISHMENT_NEEDED,NOT ALLOCATED: higher-priority demand consumed available inventory or budget.,129500
UDU01,MOD008,5.974869318181818,4.0,8.535527597402597,4.535527597402597,4,4,30000,30000.0,22217.279829545452,0.0,0.0,56127.154017857145,Keypad,1.0,1.0,1.0,Udupi,normal,FULLY_ALLOCATED,NORMAL REPLENISHMENT: forecast demand exceeds current stock.,7500
BEL01,MOD057,1.1433560606060607,1.0,1.633365800865801,0.633365800865801,0,0,0,0.0,14851.687878787889,0.14335606060606065,18564.609848484855,55774.19242424244,Premium,1.0,1.0,1.0,Belgaum,normal,NO_REPLENISHMENT_NEEDED,NOT ALLOCATED: higher-priority demand consumed available inventory or budget.,129500
KAL01,MOD042,0.7145444805194805,0.0,1.0207778293135434,1.0207778293135434,1,1,38000,27152.69025974026,22312.07569980533,0.0,0.0,55759.98892625231,Mid-range,1.0,1.0,1.0,Kalaburagi,normal,FULLY_ALLOCATED,NORMAL REPLENISHMENT: forecast demand exceeds current stock.,38000
MYS01,MOD021,4.194340422077922,3.0,5.991914888682746,2.9919148886827456,2,2,24000,24000.0,20064.919090909094,0.0,0.0,55290.58714285714,Budget,1.0,1.0,1.0,Mysore,normal,FULLY_ALLOCATED,NORMAL REPLENISHMENT: forecast demand exceeds current stock.,12000
CHI01,MOD045,0.706760064935065,0.0,1.0096572356215214,1.0096572356215214,1,1,38000,26856.882467532472,21828.57779621266,0.0,0.0,55152.52649582561,Mid-range,1.0,1.0,1.0,Chitradurga,normal,FULLY_ALLOCATED,NORMAL REPLENISHMENT: forecast demand exceeds current stock.,38000
KAL01,MOD008,5.85447138047138,4.0,8.363530543530542,4.363530543530542,4,4,30000,30000.0,20862.803030303025,0.0,0.0,53998.690476190466,Keypad,1.0,1.0,1.0,Kalaburagi,normal,FULLY_ALLOCATED,NORMAL REPLENISHMENT: forecast demand exceeds current stock.,7500
CHI01,MOD015,4.685965909090909,4.0,6.694237012987013,2.6942370129870126,2,2,26000,26000.0,12484.579545454537,0.0,0.0,53938.625,Budget,1.0,1.0,1.0,Chitradurga,normal,FULLY_ALLOCATED,NORMAL REPLENISHMENT: forecast demand exceeds current stock.,13000
SHI01,MOD008,5.813137272727272,4.0,8.304481818181817,4.3044818181818165,4,4,30000,30000.0,20397.794318181812,0.0,0.0,53267.96249999999,Keypad,1.0,1.0,1.0,Shivamogga,normal,FULLY_ALLOCATED,NORMAL REPLENISHMENT: forecast demand exceeds current stock.,7500
BLR04,MOD018,4.400108093126386,4.0,6.2858687044662656,2.2858687044662656,2,2,30000,30000.0,8402.269955654107,0.0,0.0,52923.57518015522,Upper-mid,1.05,1.0,1.0,Bangalore,normal,FULLY_ALLOCATED,NORMAL REPLENISHMENT: forecast demand exceeds current stock.,15000
UDU01,MOD060,0.40787094155844156,0.0,0.5826727736549165,0.5826727736549165,0,0,0,0.0,13641.413807357112,0.40787094155844156,41806.77150974026,52557.084183673476,Premium,1.0,1.0,1.0,Udupi,normal,NO_REPLENISHMENT_NEEDED,NOT ALLOCATED: higher-priority demand consumed available inventory or budget.,102500
DAV01,MOD015,2.80932711038961,2.0,4.013324443413729,2.0133244434137287,2,2,26000,26000.0,14729.753409090903,0.0,0.0,52398.78196428571,Budget,1.3,1.0,1.0,Davangere,normal,FULLY_ALLOCATED,NORMAL REPLENISHMENT: forecast demand exceeds current stock.,13000
BLR01,MOD012,6.560964935064935,5.0,9.372807050092764,4.372807050092764,4,4,34000,34000.0,19902.30292207792,0.0,0.0,52129.326045918366,Keypad,0.85,1.0,1.0,Bangalore,normal,FULLY_ALLOCATED,NORMAL REPLENISHMENT: forecast demand exceeds current stock.,8500
MYS01,MOD060,0.40291558441558434,0.0,0.5755936920222633,0.5755936920222633,0,0,0,0.0,13311.959389526055,0.40291558441558434,41298.84740259739,51918.55102040815,Premium,1.0,1.0,1.0,Mysore,normal,NO_REPLENISHMENT_NEEDED,NOT ALLOCATED: higher-priority demand consumed available inventory or budget.,102500
HUB01,MOD051,0.9123863636363637,0.0,1.303409090909091,1.303409090909091,1,1,45500,41513.57954545455,28407.317912254657,0.0,0.0,51150.66051136364,Flagship,1.0,1.0,1.0,Hubli,normal,FULLY_ALLOCATED,NORMAL REPLENISHMENT: forecast demand exceeds current stock.,45500
BLR01,MOD054,5.3345743801652885,7.0,7.620820543093269,0.6208205430932692,0,0,0,0.0,0.0,0.0,0.0,50490.093128689405,Premium,1.3,1.0,1.0,Bangalore,normal,NO_REPLENISHMENT_NEEDED,NOT ALLOCATED: higher-priority demand consumed available inventory or budget.,92000
KOP01,MOD054,0.4321979835013749,0.0,0.6174256907162498,0.6174256907162498,0,0,0,0.0,13748.119134979388,0.4321979835013749,39762.21448212649,49986.78392038758,Premium,1.0,1.0,1.0,Koppal,normal,NO_REPLENISHMENT_NEEDED,NOT ALLOCATED: higher-priority demand consumed available inventory or budget.,92000
BLR05,MOD048,6.390248376623376,8.0,9.128926252319108,1.1289262523191077,1,1,54000,54000.0,0.0,0.0,0.0,49379.23427643776,Flagship,1.2,1.0,1.0,Bangalore,normal,FULLY_ALLOCATED,NORMAL REPLENISHMENT: forecast demand exceeds current stock.,54000
BLR02,MOD030,3.036005244755244,3.0,4.337150349650349,1.337150349650349,1,1,30000,30000.0,1188.1730769230492,0.0,0.0,48538.55769230767,Mid-range,1.1,1.0,1.0,Bangalore,normal,FULLY_ALLOCATED,NORMAL REPLENISHMENT: forecast demand exceeds current stock.,30000
HUB02,MOD060,0.37,0.0,0.5285714285714286,0.5285714285714286,0,0,0,0.0,11225.800000000001,0.37,37925.0,47677.142857142855,Premium,1.0,1.0,1.0,Hubli,normal,NO_REPLENISHMENT_NEEDED,NOT ALLOCATED: higher-priority demand consumed available inventory or budget.,102500
KOP01,MOD060,0.37,0.0,0.5285714285714286,0.5285714285714286,0,0,0,0.0,11225.800000000001,0.37,37925.0,47677.142857142855,Premium,1.0,1.0,1.0,Koppal,normal,NO_REPLENISHMENT_NEEDED,NOT ALLOCATED: higher-priority demand consumed available inventory or budget.,102500
MAN02,MOD060,0.37,0.0,0.5285714285714286,0.5285714285714286,0,0,0,0.0,11225.800000000001,0.37,37925.0,47677.142857142855,Premium,1.0,1.0,1.0,Mangalore,normal,NO_REPLENISHMENT_NEEDED,NOT ALLOCATED: higher-priority demand consumed available inventory or budget.,102500
SHI01,MOD060,0.37,0.0,0.5285714285714286,0.5285714285714286,0,0,0,0.0,11225.800000000001,0.37,37925.0,47677.142857142855,Premium,1.0,1.0,1.0,Shivamogga,normal,NO_REPLENISHMENT_NEEDED,NOT ALLOCATED: higher-priority demand consumed available inventory or budget.,102500
HUB01,MOD045,1.4636323051948052,1.0,2.090903293135436,1.0909032931354359,1,1,38000,38000.0,20260.73173701299,0.0,0.0,47672.47391001854,Mid-range,1.0,1.0,1.0,Hubli,normal,FULLY_ALLOCATED,NORMAL REPLENISHMENT: forecast demand exceeds current stock.,38000
BLR08,MOD024,4.419231501057082,4.0,6.313187858652975,2.3131878586529746,2,2,28000,28000.0,8216.937420718807,0.0,0.0,47378.713720930224,Budget,0.95,1.0,1.0,Bangalore,normal,FULLY_ALLOCATED,NORMAL REPLENISHMENT: forecast demand exceeds current stock.,14000
HOS01,MOD039,3.6358435828877007,4.0,5.194062261268144,1.1940622612681437,1,1,34500,34500.0,0.0,0.0,0.0,47374.420215813596,Mid-range,1.0,1.0,1.0,Hassan,normal,FULLY_ALLOCATED,NORMAL REPLENISHMENT: forecast demand exceeds current stock.,34500
DAV01,MOD012,4.825767045454545,4.0,6.893952922077921,2.893952922077921,2,2,17000,17000.0,10528.529829545449,0.0,0.0,46675.84319196427,Keypad,1.15,1.0,1.0,Davangere,normal,FULLY_ALLOCATED,NORMAL REPLENISHMENT: forecast demand exceeds current stock.,8500
SHI01,MOD021,4.545711616161615,4.0,6.493873737373735,2.493873737373735,2,2,24000,24000.0,9167.955151515129,0.0,0.0,46086.78666666663,Budget,1.0,1.0,1.0,Shivamogga,normal,FULLY_ALLOCATED,NORMAL REPLENISHMENT: forecast demand exceeds current stock.,12000
MYS01,MOD027,0.8998928571428572,0.0,1.2855612244897958,1.2855612244897958,1,1,26000,23397.214285714286,23160.484614030614,0.0,0.0,45958.8137755102,Mid-range,1.0,1.0,1.0,Mysore,normal,FULLY_ALLOCATED,NORMAL REPLENISHMENT: forecast demand exceeds current stock.,26000
HUB01,MOD018,2.8556071428571426,2.0,4.079438775510203,2.0794387755102033,2,2,30000,30000.0,17967.749999999993,0.0,0.0,45851.62499999998,Upper-mid,1.0,1.0,1.0,Hubli,normal,FULLY_ALLOCATED,NORMAL REPLENISHMENT: forecast demand exceeds current stock.,15000
DAV01,MOD021,2.733951623376624,2.0,3.90564517625232,1.90564517625232,1,1,12000,12000.0,12330.38727272728,0.0,0.0,45781.21971428574,Budget,1.3,1.0,1.0,Davangere,normal,FULLY_ALLOCATED,NORMAL REPLENISHMENT: forecast demand exceeds current stock.,12000
HUB02,MOD033,1.736249025974026,1.0,2.4803557513914654,1.4803557513914654,1,1,28000,28000.0,22676.47,0.0,0.0,45594.957142857136,Mid-range,1.0,1.0,1.0,Hubli,normal,FULLY_ALLOCATED,NORMAL REPLENISHMENT: forecast demand exceeds current stock.,28000
MAN02,MOD015,2.985647727272727,2.0,4.265211038961039,2.2652110389610387,2,2,26000,26000.0,17938.788636363628,0.0,0.0,45349.524999999994,Budget,1.0,1.0,1.0,Mangalore,normal,FULLY_ALLOCATED,NORMAL REPLENISHMENT: forecast demand exceeds current stock.,13000
HOS01,MOD060,0.35000000000000003,0.0,0.5000000000000001,0.5000000000000001,0,0,0,0.0,10045.000000000002,0.35000000000000003,35875.0,45100.000000000015,Premium,1.0,1.0,1.0,Hassan,normal,NO_REPLENISHMENT_NEEDED,NOT ALLOCATED: higher-priority demand consumed available inventory or budget.,102500
KAL01,MOD060,0.35000000000000003,0.0,0.5000000000000001,0.5000000000000001,0,0,0,0.0,10045.000000000002,0.35000000000000003,35875.0,45100.000000000015,Premium,1.0,1.0,1.0,Kalaburagi,normal,NO_REPLENISHMENT_NEEDED,NOT ALLOCATED: higher-priority demand consumed available inventory or budget.,102500
TUM02,MOD060,0.35000000000000003,0.0,0.5000000000000001,0.5000000000000001,0,0,0,0.0,10045.000000000002,0.35000000000000003,35875.0,45100.000000000015,Premium,1.0,1.0,1.0,Tumkur,normal,NO_REPLENISHMENT_NEEDED,NOT ALLOCATED: higher-priority demand consumed available inventory or budget.,102500
MYS02,MOD054,0.3872386363636363,0.0,0.5531980519480519,0.5531980519480519,0,0,0,0.0,11036.596845867767,0.3872386363636363,35625.954545454544,44786.91428571428,Premium,1.0,1.0,1.0,Mysore,normal,NO_REPLENISHMENT_NEEDED,NOT ALLOCATED: higher-priority demand consumed available inventory or budget.,92000
BLR07,MOD033,3.0223073593073586,3.0,4.3175819418676555,1.3175819418676555,1,1,28000,28000.0,687.0666666666452,0.0,0.0,44639.67619047618,Mid-range,1.1,1.0,1.0,Bangalore,normal,FULLY_ALLOCATED,NORMAL REPLENISHMENT: forecast demand exceeds current stock.,28000
HOS01,MOD008,6.715262006861063,6.0,9.593231438372948,3.593231438372948,3,3,22500,22500.0,8046.6975771869575,0.0,0.0,44466.23904986524,Keypad,1.0,1.0,1.0,Hassan,normal,FULLY_ALLOCATED,NORMAL REPLENISHMENT: forecast demand exceeds current stock.,7500
BLR07,MOD057,3.0694923701298698,4.0,4.384989100185528,0.38498910018552834,0,0,0,0.0,0.0,0.0,0.0,44072.78221103892,Premium,1.3,1.0,1.0,Bangalore,normal,NO_REPLENISHMENT_NEEDED,NOT ALLOCATED: higher-priority demand consumed available inventory or budget.,129500
HUB01,MOD012,3.5954781144781145,2.0,5.136397306397306,3.1363973063973063,3,3,25500,25500.0,20342.34595959596,0.0,0.0,43987.97222222222,Keypad,1.0,1.0,1.0,Hubli,normal,FULLY_ALLOCATED,NORMAL REPLENISHMENT: forecast demand exceeds current stock.,8500
KOP01,MOD012,5.683424242424242,5.0,8.119177489177488,3.1191774891774884,3,3,25500,25500.0,8713.659090909086,0.0,0.0,43746.464285714275,Keypad,1.0,1.0,1.0,Koppal,normal,FULLY_ALLOCATED,NORMAL REPLENISHMENT: forecast demand exceeds current stock.,8500
BLR07,MOD015,3.706030519480519,3.0,5.294329313543599,2.2943293135435994,2,2,26000,26000.0,12849.75545454545,0.0,0.0,43635.84921428572,Budget,0.95,1.0,1.0,Bangalore,normal,FULLY_ALLOCATED,NORMAL REPLENISHMENT: forecast demand exceeds current stock.,13000
BLR05,MOD051,2.2241444805194805,2.0,3.1773492578849725,1.1773492578849725,1,1,45500,45500.0,7648.930397727274,0.0,0.0,43391.20689935066,Flagship,1.2,1.0,1.0,Bangalore,normal,FULLY_ALLOCATED,NORMAL REPLENISHMENT: forecast demand exceeds current stock.,45500
BLR03,MOD060,1.0338676948051948,1.0,1.4769538497217067,0.47695384972170674,0,0,0,0.0,2777.1509740259735,0.0338676948051948,3471.4387175324673,43216.78832328386,Premium,1.3,1.0,1.0,Bangalore,normal,NO_REPLENISHMENT_NEEDED,NOT ALLOCATED: higher-priority demand consumed available inventory or budget.,102500
HOS01,MOD045,2.0833042207792207,2.0,2.9761488868274584,0.9761488868274584,0,0,0,0.0,3640.3944480519453,0.08330422077922073,3165.5603896103876,42657.70635435993,Mid-range,1.0,1.0,1.0,Hassan,normal,NO_REPLENISHMENT_NEEDED,NOT ALLOCATED: higher-priority demand consumed available inventory or budget.,38000
BLR02,MOD008,11.9316773715415,13.0,17.04525338791643,4.0452533879164285,4,4,30000,30000.0,0.0,0.0,0.0,42551.009074145935,Keypad,0.85,1.0,1.0,Bangalore,normal,FULLY_ALLOCATED,NORMAL REPLENISHMENT: forecast demand exceeds current stock.,7500
BLR05,MOD033,2.9697064935064934,3.0,4.242437847866419,1.2424378478664186,1,1,28000,28000.0,0.0,0.0,0.0,42093.79428571427,Mid-range,1.1,1.0,1.0,Bangalore,normal,FULLY_ALLOCATED,NORMAL REPLENISHMENT: forecast demand exceeds current stock.,28000
BLR02,MOD057,4.452613636363636,6.0,6.360876623376623,0.3608766233766234,0,0,0,0.0,0.0,0.0,0.0,41312.4340909091,Premium,1.3,1.0,1.0,Bangalore,normal,NO_REPLENISHMENT_NEEDED,NOT ALLOCATED: higher-priority demand consumed available inventory or budget.,129500
DAV02,MOD008,4.831527272727271,4.0,6.902181818181816,2.902181818181816,2,2,15000,15000.0,9354.681818181803,0.0,0.0,41301.674999999974,Keypad,1.15,1.0,1.0,Davangere,normal,FULLY_ALLOCATED,NORMAL REPLENISHMENT: forecast demand exceeds current stock.,7500
HUB01,MOD060,1.113994318181818,1.0,1.5914204545454542,0.5914204545454542,0,0,0,0.0,9347.534090909072,0.11399431818181793,11684.417613636339,41222.00568181816,Premium,1.0,1.0,1.0,Hubli,normal,NO_REPLENISHMENT_NEEDED,NOT ALLOCATED: higher-priority demand consumed available inventory or budget.,102500
BEL01,MOD036,2.223585876623377,2.0,3.17655125231911,1.17655125231911,1,1,30000,30000.0,7713.712743506502,0.0,0.0,40591.01820500929,Mid-range,1.0,1.0,1.0,Belgaum,normal,FULLY_ALLOCATED,NORMAL REPLENISHMENT: forecast demand exceeds current stock.,30000
TUM02,MOD054,0.3504084415584416,0.0,0.5005834879406309,0.5005834879406309,0,0,0,0.0,9037.0551873746,0.3504084415584416,32237.576623376626,40527.239183673475,Premium,1.0,1.0,1.0,Tumkur,normal,NO_REPLENISHMENT_NEEDED,NOT ALLOCATED: higher-priority demand consumed available inventory or budget.,92000
KAL01,MOD054,0.35000000000000003,0.0,0.5000000000000001,0.5000000000000001,0,0,0,0.0,9016.000000000002,0.35000000000000003,32200.000000000004,40480.0,Premium,1.0,1.0,1.0,Kalaburagi,normal,NO_REPLENISHMENT_NEEDED,NOT ALLOCATED: higher-priority demand consumed available inventory or budget.,92000
UDU01,MOD030,1.556558766233766,1.0,2.2236553803339514,1.2236553803339514,1,1,30000,30000.0,18366.43928571428,0.0,0.0,40380.6275510204,Mid-range,1.0,1.0,1.0,Udupi,normal,FULLY_ALLOCATED,NORMAL REPLENISHMENT: forecast demand exceeds current stock.,30000
DAV02,MOD048,0.7125983766233766,0.0,1.017997680890538,1.017997680890538,1,1,54000,38480.31233766233,20565.756077833998,0.0,0.0,40301.25568935529,Flagship,0.85,1.0,1.0,Davangere,normal,FULLY_ALLOCATED,NORMAL REPLENISHMENT: forecast demand exceeds current stock.,54000
BLR05,MOD018,4.004612068965518,4.0,5.720874384236454,1.7208743842364536,1,1,15000,15000.0,96.85344827586917,0.0,0.0,39842.544181034486,Upper-mid,1.05,1.0,1.0,Bangalore,normal,FULLY_ALLOCATED,NORMAL REPLENISHMENT: forecast demand exceeds current stock.,15000
KOP01,MOD030,2.2378784584980242,2.0,3.196969226425749,1.196969226425749,1,1,30000,30000.0,7849.989130434802,0.0,0.0,39499.98447204971,Mid-range,1.0,1.0,1.0,Koppal,normal,FULLY_ALLOCATED,NORMAL REPLENISHMENT: forecast demand exceeds current stock.,30000
HUB01,MOD015,2.779128099173554,2.0,3.970182998819363,1.970182998819363,1,1,13000,13000.0,14180.131404958678,0.0,0.0,39443.06363636365,Budget,1.0,1.0,1.0,Hubli,normal,FULLY_ALLOCATED,NORMAL REPLENISHMENT: forecast demand exceeds current stock.,13000
BEL01,MOD008,4.268014069264069,3.0,6.097162956091528,3.0971629560915277,3,3,22500,22500.0,14265.15827922078,0.0,0.0,38327.391581632655,Keypad,1.0,1.0,1.0,Belgaum,normal,FULLY_ALLOCATED,NORMAL REPLENISHMENT: forecast demand exceeds current stock.,7500
DAV01,MOD024,3.056193993506494,3.0,4.365991419294991,1.365991419294991,1,1,14000,14000.0,1101.4022727272804,0.0,0.0,38286.00750000001,Budget,1.3,1.0,1.0,Davangere,normal,FULLY_ALLOCATED,NORMAL REPLENISHMENT: forecast demand exceeds current stock.,14000
MAN02,MOD036,0.6204707792207791,0.0,0.8863868274582558,0.8863868274582558,0,0,0,0.0,13281.947581406008,0.6204707792207791,18614.123376623374,38225.43193413728,Mid-range,1.0,1.0,1.0,Mangalore,normal,NO_REPLENISHMENT_NEEDED,NOT ALLOCATED: higher-priority demand consumed available inventory or budget.,30000
BLR06,MOD045,1.247668831168831,1.0,1.7823840445269015,0.7823840445269015,0,0,0,0.0,10823.12792207792,0.2476688311688311,9411.415584415581,37609.20102040816,Mid-range,1.1,1.0,1.0,Bangalore,normal,NO_REPLENISHMENT_NEEDED,NOT ALLOCATED: higher-priority demand consumed available inventory or budget.,38000
BLR04,MOD027,3.6332678571428576,4.0,5.190382653061225,1.1903826530612251,1,1,26000,26000.0,0.0,0.0,0.0,37449.43826530615,Mid-range,1.1,1.0,1.0,Bangalore,normal,FULLY_ALLOCATED,NORMAL REPLENISHMENT: forecast demand exceeds current stock.,26000
MYS01,MOD030,2.185961201298701,2.0,3.1228017161410015,1.1228017161410015,1,1,30000,30000.0,6136.719642857136,0.0,0.0,37052.456632653055,Mid-range,1.0,1.0,1.0,Mysore,normal,FULLY_ALLOCATED,NORMAL REPLENISHMENT: forecast demand exceeds current stock.,30000
BLR05,MOD008,5.244555944055945,4.0,7.4922227772227785,3.4922227772227785,3,3,22500,22500.0,14001.254370629376,0.0,0.0,36733.818337912104,Keypad,0.85,1.0,1.0,Bangalore,normal,FULLY_ALLOCATED,NORMAL REPLENISHMENT: forecast demand exceeds current stock.,7500
MAN02,MOD033,0.6663784090909091,0.0,0.9519691558441558,0.9519691558441558,0,0,0,0.0,13677.053670357955,0.6663784090909091,18658.595454545455,36650.8125,Mid-range,1.0,1.0,1.0,Mangalore,normal,NO_REPLENISHMENT_NEEDED,NOT ALLOCATED: higher-priority demand consumed available inventory or budget.,28000
MAN02,MOD042,0.4691732142857143,0.0,0.6702474489795919,0.6702474489795919,0,0,0,0.0,9619.397168639349,0.4691732142857143,17828.582142857143,36612.2669005102,Mid-range,1.0,1.0,1.0,Mangalore,normal,NO_REPLENISHMENT_NEEDED,NOT ALLOCATED: higher-priority demand consumed available inventory or budget.,38000
KAL01,MOD018,1.8569074675324675,1.0,2.6527249536178106,1.6527249536178106,1,1,15000,15000.0,17995.056818181816,0.0,0.0,36442.58522727272,Upper-mid,1.0,1.0,1.0,Kalaburagi,normal,FULLY_ALLOCATED,NORMAL REPLENISHMENT: forecast demand exceeds current stock.,15000
MAN02,MOD024,0.9509961038961039,0.0,1.3585658627087198,1.3585658627087198,1,1,14000,13313.945454545454,17726.114356661154,0.0,0.0,35947.652727272725,Budget,1.0,1.0,1.0,Mangalore,normal,FULLY_ALLOCATED,NORMAL REPLENISHMENT: forecast demand exceeds current stock.,14000
DAV01,MOD060,0.37,0.0,0.5285714285714286,0.5285714285714286,0,0,0,0.0,11225.800000000001,0.37,37925.0,35757.857142857145,Premium,0.75,1.0,1.0,Davangere,normal,NO_REPLENISHMENT_NEEDED,NOT ALLOCATED: higher-priority demand consumed available inventory or budget.,102500
BLR07,MOD024,3.3082727272727275,3.0,4.726103896103896,1.7261038961038961,1,1,14000,14000.0,6042.145454545458,0.0,0.0,35354.060000000005,Budget,0.95,1.0,1.0,Bangalore,normal,FULLY_ALLOCATED,NORMAL REPLENISHMENT: forecast demand exceeds current stock.,14000
MAN01,MOD033,4.295898760330578,5.0,6.136998229043684,1.1369982290436838,1,1,28000,28000.0,0.0,0.0,0.0,35019.54545454546,Mid-range,1.0,1.0,1.0,Mangalore,normal,FULLY_ALLOCATED,NORMAL REPLENISHMENT: forecast demand exceeds current stock.,28000
BLR06,MOD055,0.5702327678571429,0.0,0.8146182397959185,0.8146182397959185,0,0,0,0.0,31215.879315649756,0.5702327678571429,68427.93214285716,34921.706398163275,Premium,1.3,1.0,0.55,Bangalore,post_successor,EOL_HOLD,EOL HOLD: successor already launched; avoid additional predecessor inventory.,120000
CHI01,MOD008,4.752998376623377,4.0,6.789997680890538,2.7899976808905382,2,2,15000,15000.0,8471.23173701299,0.0,0.0,34526.221301020414,Keypad,1.0,1.0,1.0,Chitradurga,normal,FULLY_ALLOCATED,NORMAL REPLENISHMENT: forecast demand exceeds current stock.,7500
HUB02,MOD039,1.9972792207792205,2.0,2.8532560296846006,0.8532560296846006,0,0,0,0.0,0.0,0.0,0.0,33852.93297773653,Mid-range,1.0,1.0,1.0,Hubli,normal,NO_REPLENISHMENT_NEEDED,NOT ALLOCATED: higher-priority demand consumed available inventory or budget.,34500
CHI01,MOD033,2.1588238636363632,2.0,3.0840340909090904,1.0840340909090904,1,1,28000,28000.0,4891.774999999989,0.0,0.0,33388.24999999999,Mid-range,1.0,1.0,1.0,Chitradurga,normal,FULLY_ALLOCATED,NORMAL REPLENISHMENT: forecast demand exceeds current stock.,28000
BLR07,MOD056,0.515225,0.0,0.7360357142857143,0.7360357142857143,0,0,0,0.0,26545.680062500003,0.515225,64403.12500000001,32867.674821428576,Premium,1.3,1.0,0.55,Bangalore,post_successor,EOL_HOLD,EOL HOLD: successor already launched; avoid additional predecessor inventory.,125000
BLR04,MOD048,6.121001298701298,8.0,8.744287569573283,0.7442875695732827,0,0,0,0.0,0.0,0.0,0.0,32555.138293135387,Flagship,1.2,1.0,1.0,Bangalore,normal,NO_REPLENISHMENT_NEEDED,NOT ALLOCATED: higher-priority demand consumed available inventory or budget.,54000
UDU01,MOD036,2.7496826298701302,3.0,3.9281180426716142,0.9281180426716142,0,0,0,0.0,0.0,0.0,0.0,32020.07247217069,Mid-range,1.0,1.0,1.0,Udupi,normal,NO_REPLENISHMENT_NEEDED,NOT ALLOCATED: higher-priority demand consumed available inventory or budget.,30000
BLR05,MOD015,2.5658238636363633,2.0,3.6654626623376623,1.6654626623376623,1,1,13000,13000.0,10297.99431818181,0.0,0.0,31675.43437499999,Budget,0.95,1.0,1.0,Bangalore,normal,FULLY_ALLOCATED,NORMAL REPLENISHMENT: forecast demand exceeds current stock.,13000
UDU01,MOD012,3.6583367768595036,3.0,5.226195395513577,2.226195395513577,2,2,17000,17000.0,8393.793904958671,0.0,0.0,31222.390422077922,Keypad,1.0,1.0,1.0,Udupi,normal,FULLY_ALLOCATED,NORMAL REPLENISHMENT: forecast demand exceeds current stock.,8500
TUM02,MOD027,1.4513069805194805,1.0,2.0732956864564005,1.0732956864564005,1,1,26000,26000.0,12907.379642857144,0.0,0.0,30696.256632653054,Mid-range,1.0,1.0,1.0,Tumkur,normal,FULLY_ALLOCATED,NORMAL REPLENISHMENT: forecast demand exceeds current stock.,26000
MYS01,MOD015,1.7634944805194808,1.0,2.519277829313544,1.5192778293135438,1,1,13000,13000.0,13895.59954545455,0.0,0.0,30415.942142857148,Budget,1.0,1.0,1.0,Mysore,normal,FULLY_ALLOCATED,NORMAL REPLENISHMENT: forecast demand exceeds current stock.,13000
DAV02,MOD054,0.35000000000000003,0.0,0.5000000000000001,0.5000000000000001,0,0,0,0.0,9016.000000000002,0.35000000000000003,32200.000000000004,30360.0,Premium,0.75,1.0,1.0,Davangere,normal,NO_REPLENISHMENT_NEEDED,NOT ALLOCATED: higher-priority demand consumed available inventory or budget.,92000
BLR04,MOD042,1.8369599025974026,2.0,2.6242284322820035,0.6242284322820035,0,0,0,0.0,0.0,0.0,0.0,30006.66073979591,Mid-range,1.1,1.0,1.0,Bangalore,normal,NO_REPLENISHMENT_NEEDED,NOT ALLOCATED: higher-priority demand consumed available inventory or budget.,38000
DAV01,MOD045,0.40345616883116875,0.0,0.5763659554730982,0.5763659554730982,0,0,0,0.0,7113.349663338302,0.40345616883116875,15331.334415584413,29909.79080183209,Mid-range,0.95,1.0,1.0,Davangere,normal,NO_REPLENISHMENT_NEEDED,NOT ALLOCATED: higher-priority demand consumed available inventory or budget.,38000
BLR03,MOD042,1.8350137987012987,2.0,2.621448283858998,0.6214482838589981,0,0,0,0.0,0.0,0.0,0.0,29873.01900510204,Mid-range,1.1,1.0,1.0,Bangalore,normal,NO_REPLENISHMENT_NEEDED,NOT ALLOCATED: higher-priority demand consumed available inventory or budget.,38000
BLR06,MOD036,2.6380307486631014,3.0,3.768615355233002,0.7686153552330022,0,0,0,0.0,0.0,0.0,0.0,29168.95273109243,Mid-range,1.1,1.0,1.0,Bangalore,normal,NO_REPLENISHMENT_NEEDED,NOT ALLOCATED: higher-priority demand consumed available inventory or budget.,30000
HUB01,MOD056,0.5868233035714285,0.0,0.8383190051020407,0.8383190051020407,0,0,0,0.0,34436.1589614485,0.5868233035714285,73352.91294642857,28796.2578252551,Premium,1.0,1.0,0.55,Hubli,post_successor,EOL_HOLD,EOL HOLD: successor already launched; avoid additional predecessor inventory.,125000
UDU01,MOD045,1.8549613636363635,2.0,2.649944805194805,0.6499448051948051,0,0,0,0.0,0.0,0.0,0.0,28402.58798701298,Mid-range,1.0,1.0,1.0,Udupi,normal,NO_REPLENISHMENT_NEEDED,NOT ALLOCATED: higher-priority demand consumed available inventory or budget.,38000
BEL01,MOD024,1.6116623376623374,1.0,2.302374768089053,1.3023747680890532,1,1,14000,14000.0,11988.58181818181,0.0,0.0,28079.199999999986,Budget,1.0,1.0,1.0,Belgaum,normal,FULLY_ALLOCATED,NORMAL REPLENISHMENT: forecast demand exceeds current stock.,14000
MYS01,MOD045,1.847663474025974,2.0,2.639519248608534,0.6395192486085342,0,0,0,0.0,0.0,0.0,0.0,27946.99116419294,Mid-range,1.0,1.0,1.0,Mysore,normal,NO_REPLENISHMENT_NEEDED,NOT ALLOCATED: higher-priority demand consumed available inventory or budget.,38000
TUM02,MOD042,0.35000000000000003,0.0,0.5000000000000001,0.5000000000000001,0,0,0,0.0,5353.250000000001,0.35000000000000003,13300.000000000002,27312.500000000004,Mid-range,1.0,1.0,1.0,Tumkur,normal,NO_REPLENISHMENT_NEEDED,NOT ALLOCATED: higher-priority demand consumed available inventory or budget.,38000
HOS01,MOD027,2.064816233766234,2.0,2.9497374768089055,0.9497374768089055,0,0,0,0.0,1853.7442857142898,0.06481623376623391,1685.2220779220818,27162.4918367347,Mid-range,1.0,1.0,1.0,Hassan,normal,NO_REPLENISHMENT_NEEDED,NOT ALLOCATED: higher-priority demand consumed available inventory or budget.,26000
HUB01,MOD024,2.2782629870129867,2.0,3.2546614100185525,1.2546614100185525,1,1,14000,14000.0,5453.954545454539,0.0,0.0,27050.499999999993,Budget,1.0,1.0,1.0,Hubli,normal,FULLY_ALLOCATED,NORMAL REPLENISHMENT: forecast demand exceeds current stock.,14000
BLR03,MOD030,4.719665977961432,6.0,6.742379968516332,0.7423799685163317,0,0,0,0.0,0.0,0.0,0.0,26948.392857142844,Mid-range,1.1,1.0,1.0,Bangalore,normal,NO_REPLENISHMENT_NEEDED,NOT ALLOCATED: higher-priority demand consumed available inventory or budget.,30000
DAV02,MOD036,1.272085227272727,1.0,1.8172646103896102,0.8172646103896102,0,0,0,0.0,9386.940340909081,0.272085227272727,8162.55681818181,26785.84760551947,Mid-range,0.95,1.0,1.0,Davangere,normal,NO_REPLENISHMENT_NEEDED,NOT ALLOCATED: higher-priority demand consumed available inventory or budget.,30000
HUB02,MOD042,1.124361525974026,1.0,1.6062307513914658,0.6062307513914658,0,0,0,0.0,5434.598685064938,0.12436152597402605,4725.73798701299,26492.28383580705,Mid-range,1.0,1.0,1.0,Hubli,normal,NO_REPLENISHMENT_NEEDED,NOT ALLOCATED: higher-priority demand consumed available inventory or budget.,38000
HOS01,MOD030,1.2522637987012986,1.0,1.7889482838589978,0.7889482838589978,0,0,0,0.0,8324.705357142853,0.25226379870129856,7567.913961038957,26035.29336734693,Mid-range,1.0,1.0,1.0,Hassan,normal,NO_REPLENISHMENT_NEEDED,NOT ALLOCATED: higher-priority demand consumed available inventory or budget.,30000
KOP01,MOD027,3.4339724025974023,4.0,4.9056748608534315,0.9056748608534315,0,0,0,0.0,0.0,0.0,0.0,25902.301020408144,Mid-range,1.0,1.0,1.0,Koppal,normal,NO_REPLENISHMENT_NEEDED,NOT ALLOCATED: higher-priority demand consumed available inventory or budget.,26000
BLR07,MOD058,0.5268833035714285,0.0,0.7526904336734693,0.7526904336734693,0,0,0,0.0,21098.057184258003,0.5268833035714285,50053.91383928571,25544.657399923475,Premium,1.3,1.0,0.55,Bangalore,post_successor,EOL_HOLD,EOL HOLD: successor already launched; avoid additional predecessor inventory.,95000
DAV01,MOD048,0.4511464174454829,0.0,0.6444948820649756,0.6444948820649756,0,0,0,0.0,8243.090143942703,0.4511464174454829,24361.906542056076,25514.74676234981,Flagship,0.85,1.0,1.0,Davangere,normal,NO_REPLENISHMENT_NEEDED,NOT ALLOCATED: higher-priority demand consumed available inventory or budget.,54000
TUM01,MOD024,9.927161157024791,13.0,14.181658795749701,1.1816587957497013,1,1,14000,14000.0,0.0,0.0,0.0,25476.56363636356,Budget,1.0,1.0,1.0,Tumkur,normal,FULLY_ALLOCATED,NORMAL REPLENISHMENT: forecast demand exceeds current stock.,14000
KOP01,MOD018,2.907803571428571,3.0,4.1540051020408155,1.1540051020408155,1,1,15000,15000.0,0.0,0.0,0.0,25445.812499999985,Upper-mid,1.0,1.0,1.0,Koppal,normal,FULLY_ALLOCATED,NORMAL REPLENISHMENT: forecast demand exceeds current stock.,15000
MYS01,MOD042,1.1068465909090908,1.0,1.5812094155844154,0.5812094155844154,0,0,0,0.0,4669.196022727267,0.10684659090909077,4060.170454545449,25398.85146103895,Mid-range,1.0,1.0,1.0,Mysore,normal,NO_REPLENISHMENT_NEEDED,NOT ALLOCATED: higher-priority demand consumed available inventory or budget.,38000
SHI01,MOD024,7.117025510204082,9.0,10.167179300291545,1.1671793002915454,1,1,14000,14000.0,0.0,0.0,0.0,25164.385714285716,Budget,1.0,1.0,1.0,Shivamogga,normal,FULLY_ALLOCATED,NORMAL REPLENISHMENT: forecast demand exceeds current stock.,14000
HOS01,MOD021,4.445074451410658,5.0,6.350106359158083,1.350106359158083,1,1,12000,12000.0,0.0,0.0,0.0,24949.965517241377,Budget,1.0,1.0,1.0,Hassan,normal,FULLY_ALLOCATED,NORMAL REPLENISHMENT: forecast demand exceeds current stock.,12000
MAN02,MOD051,0.43643181818181814,0.0,0.623474025974026,0.623474025974026,0,0,0,0.0,6499.881976820762,0.43643181818181814,19857.647727272724,24467.458806818184,Flagship,1.0,1.0,1.0,Mangalore,normal,NO_REPLENISHMENT_NEEDED,NOT ALLOCATED: higher-priority demand consumed available inventory or budget.,45500
HOS01,MOD018,2.176230681818182,2.0,3.1089009740259743,1.1089009740259743,1,1,15000,15000.0,3700.8443181818175,0.0,0.0,24451.266477272733,Upper-mid,1.0,1.0,1.0,Hassan,normal,FULLY_ALLOCATED,NORMAL REPLENISHMENT: forecast demand exceeds current stock.,15000
MAN01,MOD042,1.7890641233766233,2.0,2.555805890538033,0.555805890538033,0,0,0,0.0,0.0,0.0,0.0,24288.717416512038,Mid-range,1.0,1.0,1.0,Mangalore,normal,NO_REPLENISHMENT_NEEDED,NOT ALLOCATED: higher-priority demand consumed available inventory or budget.,38000
HUB02,MOD036,1.18874512987013,1.0,1.6982073283858998,0.6982073283858998,0,0,0,0.0,6511.706980519482,0.18874512987012992,5662.353896103898,24088.152829313545,Mid-range,1.0,1.0,1.0,Hubli,normal,NO_REPLENISHMENT_NEEDED,NOT ALLOCATED: higher-priority demand consumed available inventory or budget.,30000
CHI01,MOD036,1.1855016233766231,1.0,1.6935737476808903,0.6935737476808903,0,0,0,0.0,6399.806006493497,0.18550162337662313,5565.048701298694,23928.294294990712,Mid-range,1.0,1.0,1.0,Chitradurga,normal,NO_REPLENISHMENT_NEEDED,NOT ALLOCATED: higher-priority demand consumed available inventory or budget.,30000
TUM01,MOD045,2.477623966942149,3.0,3.5394628099173557,0.5394628099173557,0,0,0,0.0,0.0,0.0,0.0,23574.524793388442,Mid-range,1.0,1.0,1.0,Tumkur,normal,NO_REPLENISHMENT_NEEDED,NOT ALLOCATED: higher-priority demand consumed available inventory or budget.,38000
KOP01,MOD048,0.35261753246753247,0.0,0.5037393320964749,0.5037393320964749,0,0,0,0.0,5035.734530241399,0.35261753246753247,19041.346753246755,23461.659392393325,Flagship,1.0,1.0,1.0,Koppal,normal,NO_REPLENISHMENT_NEEDED,NOT ALLOCATED: higher-priority demand consumed available inventory or budget.,54000
KAL01,MOD048,0.3525649350649351,0.0,0.5036641929499073,0.5036641929499073,0,0,0,0.0,5034.232354212347,0.3525649350649351,19038.506493506495,23458.159786641932,Flagship,1.0,1.0,1.0,Kalaburagi,normal,NO_REPLENISHMENT_NEEDED,NOT ALLOCATED: higher-priority demand consumed available inventory or budget.,54000
UDU01,MOD042,1.7745984848484846,2.0,2.535140692640692,0.5351406926406921,0,0,0,0.0,0.0,0.0,0.0,23385.648268398243,Mid-range,1.0,1.0,1.0,Udupi,normal,NO_REPLENISHMENT_NEEDED,NOT ALLOCATED: higher-priority demand consumed available inventory or budget.,38000
SHI01,MOD045,1.0732762987012987,1.0,1.5332518552875694,0.5332518552875694,0,0,0,0.0,3202.174253246753,0.0732762987012987,2784.4993506493506,23303.10607606678,Mid-range,1.0,1.0,1.0,Shivamogga,normal,NO_REPLENISHMENT_NEEDED,NOT ALLOCATED: higher-priority demand consumed available inventory or budget.,38000
MYS01,MOD051,0.4156553571428572,0.0,0.5937933673469388,0.5937933673469388,0,0,0,0.0,5895.754953323104,0.4156553571428572,18912.318750000002,23302.67845982143,Flagship,1.0,1.0,1.0,Mysore,normal,NO_REPLENISHMENT_NEEDED,NOT ALLOCATED: higher-priority demand consumed available inventory or budget.,45500
CHI01,MOD048,0.35000000000000003,0.0,0.5000000000000001,0.5000000000000001,0,0,0,0.0,4961.250000000001,0.35000000000000003,18900.0,23287.500000000007,Flagship,1.0,1.0,1.0,Chitradurga,normal,NO_REPLENISHMENT_NEEDED,NOT ALLOCATED: higher-priority demand consumed available inventory or budget.,54000
HOS01,MOD048,0.35000000000000003,0.0,0.5000000000000001,0.5000000000000001,0,0,0,0.0,4961.250000000001,0.35000000000000003,18900.0,23287.500000000007,Flagship,1.0,1.0,1.0,Hassan,normal,NO_REPLENISHMENT_NEEDED,NOT ALLOCATED: higher-priority demand consumed available inventory or budget.,54000
SHI01,MOD048,0.35000000000000003,0.0,0.5000000000000001,0.5000000000000001,0,0,0,0.0,4961.250000000001,0.35000000000000003,18900.0,23287.500000000007,Flagship,1.0,1.0,1.0,Shivamogga,normal,NO_REPLENISHMENT_NEEDED,NOT ALLOCATED: higher-priority demand consumed available inventory or budget.,54000
TUM01,MOD048,0.35000000000000003,0.0,0.5000000000000001,0.5000000000000001,0,0,0,0.0,4961.250000000001,0.35000000000000003,18900.0,23287.500000000007,Flagship,1.0,1.0,1.0,Tumkur,normal,NO_REPLENISHMENT_NEEDED,NOT ALLOCATED: higher-priority demand consumed available inventory or budget.,54000
TUM02,MOD048,0.35000000000000003,0.0,0.5000000000000001,0.5000000000000001,0,0,0,0.0,4961.250000000001,0.35000000000000003,18900.0,23287.500000000007,Flagship,1.0,1.0,1.0,Tumkur,normal,NO_REPLENISHMENT_NEEDED,NOT ALLOCATED: higher-priority demand consumed available inventory or budget.,54000
BEL01,MOD051,0.41507873376623367,0.0,0.5929696196660481,0.5929696196660481,0,0,0,0.0,5879.408372052439,0.41507873376623367,18886.082386363632,23270.351511769477,Flagship,1.0,1.0,1.0,Belgaum,normal,NO_REPLENISHMENT_NEEDED,NOT ALLOCATED: higher-priority demand consumed available inventory or budget.,45500
TUM02,MOD008,4.807082560296846,5.0,6.867260800424065,1.8672608004240647,1,1,7500,7500.0,0.0,0.0,0.0,23107.352405247802,Keypad,1.0,1.0,1.0,Tumkur,normal,FULLY_ALLOCATED,NORMAL REPLENISHMENT: forecast demand exceeds current stock.,7500
BLR05,MOD036,1.8174448051948051,2.0,2.5963497217068645,0.5963497217068645,0,0,0,0.0,0.0,0.0,0.0,22631.47193877551,Mid-range,1.1,1.0,1.0,Bangalore,normal,NO_REPLENISHMENT_NEEDED,NOT ALLOCATED: higher-priority demand consumed available inventory or budget.,30000
DAV01,MOD008,3.209936201298701,3.0,4.5856231447124305,1.5856231447124305,1,1,7500,7500.0,2361.782264610388,0.0,0.0,22565.399378188777,Keypad,1.15,1.0,1.0,Davangere,normal,FULLY_ALLOCATED,NORMAL REPLENISHMENT: forecast demand exceeds current stock.,7500
DAV01,MOD033,0.42805275974025975,0.0,0.6115039424860854,0.6115039424860854,0,0,0,0.0,5643.458285734579,0.42805275974025975,11985.477272727272,22365.756696428576,Mid-range,0.95,1.0,1.0,Davangere,normal,NO_REPLENISHMENT_NEEDED,NOT ALLOCATED: higher-priority demand consumed available inventory or budget.,28000
BLR03,MOD056,0.35000000000000003,0.0,0.5000000000000001,0.5000000000000001,0,0,0,0.0,12250.000000000004,0.35000000000000003,43750.00000000001,22327.5,Premium,1.3,1.0,0.55,Bangalore,post_successor,EOL_HOLD,EOL HOLD: successor already launched; avoid additional predecessor inventory.,125000
UDU01,MOD015,2.8780580808080805,3.0,4.1115115440115435,1.1115115440115435,1,1,13000,13000.0,0.0,0.0,0.0,22252.4611111111,Budget,1.0,1.0,1.0,Udupi,normal,FULLY_ALLOCATED,NORMAL REPLENISHMENT: forecast demand exceeds current stock.,13000
MYS01,MOD048,1.1263076298701298,1.0,1.6090108998144712,0.6090108998144712,0,0,0,0.0,5115.459009740256,0.12630762987012978,6820.612012987008,22198.447298237475,Flagship,1.0,1.0,1.0,Mysore,normal,NO_REPLENISHMENT_NEEDED,NOT ALLOCATED: higher-priority demand consumed available inventory or budget.,54000
KOP01,MOD036,1.1495527597402597,1.0,1.642218228200371,0.642218228200371,0,0,0,0.0,5159.57021103896,0.14955275974025972,4486.5827922077915,22156.528872912797,Mid-range,1.0,1.0,1.0,Koppal,normal,NO_REPLENISHMENT_NEEDED,NOT ALLOCATED: higher-priority demand consumed available inventory or budget.,30000
HOS01,MOD012,3.200439935064934,3.0,4.572057050092764,1.5720570500927638,1,1,8500,8500.0,2555.6091720779104,0.0,0.0,22048.100127551013,Keypad,1.0,1.0,1.0,Hassan,normal,FULLY_ALLOCATED,NORMAL REPLENISHMENT: forecast demand exceeds current stock.,8500
BLR02,MOD048,3.8499621212121204,5.0,5.499945887445887,0.49994588744588686,0,0,0,0.0,0.0,0.0,0.0,21867.63311688309,Flagship,1.2,1.0,1.0,Bangalore,normal,NO_REPLENISHMENT_NEEDED,NOT ALLOCATED: higher-priority demand consumed available inventory or budget.,54000
BLR03,MOD012,3.3776254870129874,3.0,4.825179267161411,1.8251792671614107,1,1,8500,8500.0,4814.724959415589,0.0,0.0,21758.418338647967,Keypad,0.85,1.0,1.0,Bangalore,normal,FULLY_ALLOCATED,NORMAL REPLENISHMENT: forecast demand exceeds current stock.,8500
BLR07,MOD021,2.9599699675324675,3.0,4.228528525046382,1.2285285250463822,1,1,12000,12000.0,0.0,0.0,0.0,21568.04678571429,Budget,0.95,1.0,1.0,Bangalore,normal,FULLY_ALLOCATED,NORMAL REPLENISHMENT: forecast demand exceeds current stock.,12000
BLR08,MOD030,3.214876832844575,4.0,4.592681189777964,0.5926811897779638,0,0,0,0.0,0.0,0.0,0.0,21514.327188940086,Mid-range,1.1,1.0,1.0,Bangalore,normal,NO_REPLENISHMENT_NEEDED,NOT ALLOCATED: higher-priority demand consumed available inventory or budget.,30000
BLR08,MOD055,0.35000000000000003,0.0,0.5000000000000001,0.5000000000000001,0,0,0,0.0,11760.000000000004,0.35000000000000003,42000.00000000001,21434.4,Premium,1.3,1.0,0.55,Bangalore,post_successor,EOL_HOLD,EOL HOLD: successor already launched; avoid additional predecessor inventory.,120000
TUM02,MOD051,0.3790503597122302,0.0,0.5415005138746146,0.5415005138746146,0,0,0,0.0,4903.0518536307645,0.3790503597122302,17246.791366906476,21250.510791366905,Flagship,1.0,1.0,1.0,Tumkur,normal,NO_REPLENISHMENT_NEEDED,NOT ALLOCATED: higher-priority demand consumed available inventory or budget.,45500
BLR05,MOD024,1.4237085561497327,1.0,2.0338693659281897,1.0338693659281897,1,1,14000,14000.0,8304.68770053476,0.0,0.0,21175.712352941177,Budget,0.95,1.0,1.0,Bangalore,normal,FULLY_ALLOCATED,NORMAL REPLENISHMENT: forecast demand exceeds current stock.,14000
HUB01,MOD030,1.147390422077922,1.0,1.6391291743970318,0.6391291743970318,0,0,0,0.0,4863.883928571429,0.14739042207792208,4421.712662337663,21091.26275510205,Mid-range,1.0,1.0,1.0,Hubli,normal,NO_REPLENISHMENT_NEEDED,NOT ALLOCATED: higher-priority demand consumed available inventory or budget.,30000
SHI01,MOD051,0.37332759740259736,0.0,0.5333251391465677,0.5333251391465677,0,0,0,0.0,4756.120516274257,0.37332759740259736,16986.405681818178,20929.678429383115,Flagship,1.0,1.0,1.0,Shivamogga,normal,NO_REPLENISHMENT_NEEDED,NOT ALLOCATED: higher-priority demand consumed available inventory or budget.,45500
KAL01,MOD039,1.7636566558441558,2.0,2.519509508348794,0.519509508348794,0,0,0,0.0,0.0,0.0,0.0,20611.5397437384,Mid-range,1.0,1.0,1.0,Kalaburagi,normal,NO_REPLENISHMENT_NEEDED,NOT ALLOCATED: higher-priority demand consumed available inventory or budget.,34500
BEL01,MOD056,0.4184204464285714,0.0,0.5977434948979592,0.5977434948979592,0,0,0,0.0,17507.5669989485,0.4184204464285714,52302.55580357143,20532.4890497449,Premium,1.0,1.0,0.55,Belgaum,post_successor,EOL_HOLD,EOL HOLD: successor already launched; avoid additional predecessor inventory.,125000
BLR06,MOD027,3.948879058441559,5.0,5.641255797773655,0.6412557977736553,0,0,0,0.0,0.0,0.0,0.0,20173.9073979592,Mid-range,1.1,1.0,1.0,Bangalore,normal,NO_REPLENISHMENT_NEEDED,NOT ALLOCATED: higher-priority demand consumed available inventory or budget.,26000
CHI01,MOD051,0.35000000000000003,0.0,0.5000000000000001,0.5000000000000001,0,0,0,0.0,4180.312500000001,0.35000000000000003,15925.000000000002,19621.875000000004,Flagship,1.0,1.0,1.0,Chitradurga,normal,NO_REPLENISHMENT_NEEDED,NOT ALLOCATED: higher-priority demand consumed available inventory or budget.,45500
HOS01,MOD051,0.35000000000000003,0.0,0.5000000000000001,0.5000000000000001,0,0,0,0.0,4180.312500000001,0.35000000000000003,15925.000000000002,19621.875000000004,Flagship,1.0,1.0,1.0,Hassan,normal,NO_REPLENISHMENT_NEEDED,NOT ALLOCATED: higher-priority demand consumed available inventory or budget.,45500
KAL01,MOD051,0.35000000000000003,0.0,0.5000000000000001,0.5000000000000001,0,0,0,0.0,4180.312500000001,0.35000000000000003,15925.000000000002,19621.875000000004,Flagship,1.0,1.0,1.0,Kalaburagi,normal,NO_REPLENISHMENT_NEEDED,NOT ALLOCATED: higher-priority demand consumed available inventory or budget.,45500
TUM01,MOD051,0.35000000000000003,0.0,0.5000000000000001,0.5000000000000001,0,0,0,0.0,4180.312500000001,0.35000000000000003,15925.000000000002,19621.875000000004,Flagship,1.0,1.0,1.0,Tumkur,normal,NO_REPLENISHMENT_NEEDED,NOT ALLOCATED: higher-priority demand consumed available inventory or budget.,45500
DAV02,MOD030,0.35000000000000003,0.0,0.5000000000000001,0.5000000000000001,0,0,0,0.0,4042.5000000000014,0.35000000000000003,10500.000000000002,19593.750000000004,Mid-range,0.95,1.0,1.0,Davangere,normal,NO_REPLENISHMENT_NEEDED,NOT ALLOCATED: higher-priority demand consumed available inventory or budget.,30000
BLR06,MOD059,0.3863097321428572,0.0,0.5518710459183674,0.5518710459183674,0,0,0,0.0,11819.428564544258,0.3863097321428572,38244.66348214286,19517.890831943885,Premium,1.3,1.0,0.55,Bangalore,post_successor,EOL_HOLD,EOL HOLD: successor already launched; avoid additional predecessor inventory.,99000
MYS02,MOD033,1.141353896103896,1.0,1.6305055658627086,0.6305055658627086,0,0,0,0.0,4353.699999999998,0.14135389610389604,3957.909090909089,19419.571428571428,Mid-range,1.0,1.0,1.0,Mysore,normal,NO_REPLENISHMENT_NEEDED,NOT ALLOCATED: higher-priority demand consumed available inventory or budget.,28000
HUB01,MOD053,0.5579236607142858,0.0,0.7970338010204082,0.7970338010204082,0,0,0,0.0,22038.539831885926,0.5579236607142858,49376.24397321429,19383.702634056128,Premium,1.0,1.0,0.55,Hubli,post_successor,EOL_HOLD,EOL HOLD: successor already launched; avoid additional predecessor inventory.,88500
MAN01,MOD054,3.0161907467532463,4.0,4.308843923933209,0.3088439239332086,0,0,0,0.0,0.0,0.0,0.0,19321.275881261532,Premium,1.0,1.0,1.0,Mangalore,normal,NO_REPLENISHMENT_NEEDED,NOT ALLOCATED: higher-priority demand consumed available inventory or budget.,92000
BLR04,MOD058,0.3956753571428571,0.0,0.5652505102040816,0.5652505102040816,0,0,0,0.0,11898.483107009693,0.3956753571428571,37589.15892857143,19183.358765204084,Premium,1.3,1.0,0.55,Bangalore,post_successor,EOL_HOLD,EOL HOLD: successor already launched; avoid additional predecessor inventory.,95000
BEL01,MOD021,2.1220017482517486,2.0,3.0314310689310693,1.0314310689310693,1,1,12000,12000.0,2049.6293706293764,0.0,0.0,19060.84615384616,Budget,1.0,1.0,1.0,Belgaum,normal,FULLY_ALLOCATED,NORMAL REPLENISHMENT: forecast demand exceeds current stock.,12000
MYS01,MOD056,0.3847041964285714,0.0,0.5495774234693876,0.5495774234693876,0,0,0,0.0,14799.731874975287,0.3847041964285714,48088.02455357143,18877.98449617347,Premium,1.0,1.0,0.55,Mysore,post_successor,EOL_HOLD,EOL HOLD: successor already launched; avoid additional predecessor inventory.,125000
BLR08,MOD039,3.0983595779220776,4.0,4.426227968460111,0.42622796846011113,0,0,0,0.0,0.0,0.0,0.0,18601.6541135204,Mid-range,1.1,1.0,1.0,Bangalore,normal,NO_REPLENISHMENT_NEEDED,NOT ALLOCATED: higher-priority demand consumed available inventory or budget.,34500
HOS01,MOD038,0.925769732142857,0.0,1.3225281887755098,1.3225281887755098,0,0,0,0.0,33017.83572257029,0.925769732142857,31013.286026785707,18342.143450127547,Mid-range,1.0,1.0,0.55,Hassan,post_successor,EOL_HOLD,EOL HOLD: successor already launched; avoid additional predecessor inventory.,33500
HUB02,MOD055,0.3849717857142857,0.0,0.5499596938775511,0.5499596938775511,0,0,0,0.0,14227.514476420409,0.3849717857142857,46196.614285714284,18135.470865306124,Premium,1.0,1.0,0.55,Hubli,post_successor,EOL_HOLD,EOL HOLD: successor already launched; avoid additional predecessor inventory.,120000
BLR07,MOD018,2.6476022727272728,3.0,3.782288961038961,0.7822889610389612,0,0,0,0.0,0.0,0.0,0.0,18111.94517045455,Upper-mid,1.05,1.0,1.0,Bangalore,normal,NO_REPLENISHMENT_NEEDED,NOT ALLOCATED: higher-priority demand consumed available inventory or budget.,15000
DAV01,MOD051,0.3790503597122302,0.0,0.5415005138746146,0.5415005138746146,0,0,0,0.0,4903.0518536307645,0.3790503597122302,17246.791366906476,18062.93417266187,Flagship,0.85,1.0,1.0,Davangere,normal,NO_REPLENISHMENT_NEEDED,NOT ALLOCATED: higher-priority demand consumed available inventory or budget.,45500
HUB01,MOD055,0.3825634821428572,0.0,0.5465192602040817,0.5465192602040817,0,0,0,0.0,14050.062515449748,0.3825634821428572,45907.61785714286,18022.0191244898,Premium,1.0,1.0,0.55,Hubli,post_successor,EOL_HOLD,EOL HOLD: successor already launched; avoid additional predecessor inventory.,120000
DAV02,MOD021,2.6174265734265734,3.0,3.7391808191808193,0.7391808191808193,0,0,0,0.0,0.0,0.0,0.0,17758.080000000005,Budget,1.3,1.0,1.0,Davangere,normal,NO_REPLENISHMENT_NEEDED,NOT ALLOCATED: higher-priority demand consumed available inventory or budget.,12000
HUB01,MOD036,1.7600887987012988,2.0,2.514412569573284,0.5144125695732842,0,0,0,0.0,0.0,0.0,0.0,17747.233650278304,Mid-range,1.0,1.0,1.0,Hubli,normal,NO_REPLENISHMENT_NEEDED,NOT ALLOCATED: higher-priority demand consumed available inventory or budget.,30000
BLR01,MOD059,0.35000000000000003,0.0,0.5000000000000001,0.5000000000000001,0,0,0,0.0,9702.000000000002,0.35000000000000003,34650.0,17683.380000000005,Premium,1.3,1.0,0.55,Bangalore,post_successor,EOL_HOLD,EOL HOLD: successor already launched; avoid additional predecessor inventory.,99000
SHI01,MOD052,0.5274184821428572,0.0,0.753454974489796,0.753454974489796,0,0,0,0.0,18915.577360799532,0.5274184821428572,44830.57098214287,17599.201294132654,Premium,1.0,1.0,0.55,Shivamogga,post_successor,EOL_HOLD,EOL HOLD: successor already launched; avoid additional predecessor inventory.,85000
BEL01,MOD018,1.9507969696969698,2.0,2.786852813852814,0.7868528138528141,0,0,0,0.0,0.0,0.0,0.0,17350.104545454553,Upper-mid,1.0,1.0,1.0,Belgaum,normal,NO_REPLENISHMENT_NEEDED,NOT ALLOCATED: higher-priority demand consumed available inventory or budget.,15000
MYS01,MOD018,0.443719696969697,0.0,0.6338852813852814,0.6338852813852814,0,0,0,0.0,4134.630559056474,0.443719696969697,6655.795454545455,17305.06818181818,Upper-mid,1.0,1.0,1.0,Mysore,normal,NO_REPLENISHMENT_NEEDED,NOT ALLOCATED: higher-priority demand consumed available inventory or budget.,15000
HOS01,MOD056,0.35000000000000003,0.0,0.5000000000000001,0.5000000000000001,0,0,0,0.0,12250.000000000004,0.35000000000000003,43750.00000000001,17175.0,Premium,1.0,1.0,0.55,Hassan,post_successor,EOL_HOLD,EOL HOLD: successor already launched; avoid additional predecessor inventory.,125000
HUB02,MOD056,0.35000000000000003,0.0,0.5000000000000001,0.5000000000000001,0,0,0,0.0,12250.000000000004,0.35000000000000003,43750.00000000001,17175.0,Premium,1.0,1.0,0.55,Hubli,post_successor,EOL_HOLD,EOL HOLD: successor already launched; avoid additional predecessor inventory.,125000
KAL01,MOD056,0.35000000000000003,0.0,0.5000000000000001,0.5000000000000001,0,0,0,0.0,12250.000000000004,0.35000000000000003,43750.00000000001,17175.0,Premium,1.0,1.0,0.55,Kalaburagi,post_successor,EOL_HOLD,EOL HOLD: successor already launched; avoid additional predecessor inventory.,125000
KOP01,MOD056,0.35000000000000003,0.0,0.5000000000000001,0.5000000000000001,0,0,0,0.0,12250.000000000004,0.35000000000000003,43750.00000000001,17175.0,Premium,1.0,1.0,0.55,Koppal,post_successor,EOL_HOLD,EOL HOLD: successor already launched; avoid additional predecessor inventory.,125000
MAN02,MOD056,0.35000000000000003,0.0,0.5000000000000001,0.5000000000000001,0,0,0,0.0,12250.000000000004,0.35000000000000003,43750.00000000001,17175.0,Premium,1.0,1.0,0.55,Mangalore,post_successor,EOL_HOLD,EOL HOLD: successor already launched; avoid additional predecessor inventory.,125000
MYS02,MOD056,0.35000000000000003,0.0,0.5000000000000001,0.5000000000000001,0,0,0,0.0,12250.000000000004,0.35000000000000003,43750.00000000001,17175.0,Premium,1.0,1.0,0.55,Mysore,post_successor,EOL_HOLD,EOL HOLD: successor already launched; avoid additional predecessor inventory.,125000
TUM01,MOD056,0.35000000000000003,0.0,0.5000000000000001,0.5000000000000001,0,0,0,0.0,12250.000000000004,0.35000000000000003,43750.00000000001,17175.0,Premium,1.0,1.0,0.55,Tumkur,post_successor,EOL_HOLD,EOL HOLD: successor already launched; avoid additional predecessor inventory.,125000
TUM02,MOD056,0.35000000000000003,0.0,0.5000000000000001,0.5000000000000001,0,0,0,0.0,12250.000000000004,0.35000000000000003,43750.00000000001,17175.0,Premium,1.0,1.0,0.55,Tumkur,post_successor,EOL_HOLD,EOL HOLD: successor already launched; avoid additional predecessor inventory.,125000
UDU01,MOD056,0.35000000000000003,0.0,0.5000000000000001,0.5000000000000001,0,0,0,0.0,12250.000000000004,0.35000000000000003,43750.00000000001,17175.0,Premium,1.0,1.0,0.55,Udupi,post_successor,EOL_HOLD,EOL HOLD: successor already launched; avoid additional predecessor inventory.,125000
BLR08,MOD058,0.35000000000000003,0.0,0.5000000000000001,0.5000000000000001,0,0,0,0.0,9310.000000000002,0.35000000000000003,33250.0,16968.9,Premium,1.3,1.0,0.55,Bangalore,post_successor,EOL_HOLD,EOL HOLD: successor already launched; avoid additional predecessor inventory.,95000
DAV02,MOD051,0.35000000000000003,0.0,0.5000000000000001,0.5000000000000001,0,0,0,0.0,4180.312500000001,0.35000000000000003,15925.000000000002,16678.593750000004,Flagship,0.85,1.0,1.0,Davangere,normal,NO_REPLENISHMENT_NEEDED,NOT ALLOCATED: higher-priority demand consumed available inventory or budget.,45500
BEL01,MOD055,0.35000000000000003,0.0,0.5000000000000001,0.5000000000000001,0,0,0,0.0,11760.000000000004,0.35000000000000003,42000.00000000001,16488.0,Premium,1.0,1.0,0.55,Belgaum,post_successor,EOL_HOLD,EOL HOLD: successor already launched; avoid additional predecessor inventory.,120000
CHI01,MOD055,0.35000000000000003,0.0,0.5000000000000001,0.5000000000000001,0,0,0,0.0,11760.000000000004,0.35000000000000003,42000.00000000001,16488.0,Premium,1.0,1.0,0.55,Chitradurga,post_successor,EOL_HOLD,EOL HOLD: successor already launched; avoid additional predecessor inventory.,120000
HOS01,MOD055,0.35000000000000003,0.0,0.5000000000000001,0.5000000000000001,0,0,0,0.0,11760.000000000004,0.35000000000000003,42000.00000000001,16488.0,Premium,1.0,1.0,0.55,Hassan,post_successor,EOL_HOLD,EOL HOLD: successor already launched; avoid additional predecessor inventory.,120000
KAL01,MOD055,0.35000000000000003,0.0,0.5000000000000001,0.5000000000000001,0,0,0,0.0,11760.000000000004,0.35000000000000003,42000.00000000001,16488.0,Premium,1.0,1.0,0.55,Kalaburagi,post_successor,EOL_HOLD,EOL HOLD: successor already launched; avoid additional predecessor inventory.,120000
KOP01,MOD055,0.35000000000000003,0.0,0.5000000000000001,0.5000000000000001,0,0,0,0.0,11760.000000000004,0.35000000000000003,42000.00000000001,16488.0,Premium,1.0,1.0,0.55,Koppal,post_successor,EOL_HOLD,EOL HOLD: successor already launched; avoid additional predecessor inventory.,120000
MYS01,MOD055,0.35000000000000003,0.0,0.5000000000000001,0.5000000000000001,0,0,0,0.0,11760.000000000004,0.35000000000000003,42000.00000000001,16488.0,Premium,1.0,1.0,0.55,Mysore,post_successor,EOL_HOLD,EOL HOLD: successor already launched; avoid additional predecessor inventory.,120000
MYS02,MOD055,0.35000000000000003,0.0,0.5000000000000001,0.5000000000000001,0,0,0,0.0,11760.000000000004,0.35000000000000003,42000.00000000001,16488.0,Premium,1.0,1.0,0.55,Mysore,post_successor,EOL_HOLD,EOL HOLD: successor already launched; avoid additional predecessor inventory.,120000
SHI01,MOD055,0.35000000000000003,0.0,0.5000000000000001,0.5000000000000001,0,0,0,0.0,11760.000000000004,0.35000000000000003,42000.00000000001,16488.0,Premium,1.0,1.0,0.55,Shivamogga,post_successor,EOL_HOLD,EOL HOLD: successor already launched; avoid additional predecessor inventory.,120000
TUM02,MOD055,0.35000000000000003,0.0,0.5000000000000001,0.5000000000000001,0,0,0,0.0,11760.000000000004,0.35000000000000003,42000.00000000001,16488.0,Premium,1.0,1.0,0.55,Tumkur,post_successor,EOL_HOLD,EOL HOLD: successor already launched; avoid additional predecessor inventory.,120000
BLR06,MOD015,4.104837662337662,5.0,5.864053803339517,0.8640538033395169,0,0,0,0.0,0.0,0.0,0.0,16433.43928571427,Budget,0.95,1.0,1.0,Bangalore,normal,NO_REPLENISHMENT_NEEDED,NOT ALLOCATED: higher-priority demand consumed available inventory or budget.,13000
MYS02,MOD030,1.0445892857142858,1.0,1.4922704081632656,0.4922704081632656,0,0,0,0.0,1471.4464285714305,0.044589285714285776,1337.6785714285734,16244.923469387766,Mid-range,1.0,1.0,1.0,Mysore,normal,NO_REPLENISHMENT_NEEDED,NOT ALLOCATED: higher-priority demand consumed available inventory or budget.,30000
HOS01,MOD024,2.627,3.0,3.7528571428571422,0.7528571428571422,0,0,0,0.0,0.0,0.0,0.0,16231.599999999986,Budget,1.0,1.0,1.0,Hassan,normal,NO_REPLENISHMENT_NEEDED,NOT ALLOCATED: higher-priority demand consumed available inventory or budget.,14000
TUM01,MOD036,3.126415909090909,4.0,4.466308441558441,0.4663084415584411,0,0,0,0.0,0.0,0.0,0.0,16087.641233766217,Mid-range,1.0,1.0,1.0,Tumkur,normal,NO_REPLENISHMENT_NEEDED,NOT ALLOCATED: higher-priority demand consumed available inventory or budget.,30000
MYS01,MOD036,1.0221910714285714,1.0,1.4602729591836732,0.46027295918367317,0,0,0,0.0,765.5919642857115,0.02219107142857135,665.7321428571405,15879.417091836722,Mid-range,1.0,1.0,1.0,Mysore,normal,NO_REPLENISHMENT_NEEDED,NOT ALLOCATED: higher-priority demand consumed available inventory or budget.,30000
HUB01,MOD008,6.4940405844155835,8.0,9.277200834879405,1.2772008348794053,1,1,7500,7500.0,0.0,0.0,0.0,15805.36033163264,Keypad,1.0,1.0,1.0,Hubli,normal,FULLY_ALLOCATED,NORMAL REPLENISHMENT: forecast demand exceeds current stock.,7500
BLR01,MOD018,3.96996185064935,5.0,5.6713740723562145,0.6713740723562145,0,0,0,0.0,0.0,0.0,0.0,15543.988210227257,Upper-mid,1.05,1.0,1.0,Bangalore,normal,NO_REPLENISHMENT_NEEDED,NOT ALLOCATED: higher-priority demand consumed available inventory or budget.,15000
BLR04,MOD053,1.9461768750000001,1.0,2.7802526785714288,1.7802526785714288,0,0,0,0.0,66989.32275,0.9461768750000001,83736.65343750002,15320.391686089288,Premium,1.3,1.0,0.55,Bangalore,post_successor,EOL_HOLD,EOL HOLD: successor already launched; avoid additional predecessor inventory.,88500
BEL01,MOD030,1.0248579545454546,1.0,1.4640827922077924,0.46408279220779236,0,0,0,0.0,820.3125000000014,0.024857954545454586,745.7386363636376,15314.732142857149,Mid-range,1.0,1.0,1.0,Belgaum,normal,NO_REPLENISHMENT_NEEDED,NOT ALLOCATED: higher-priority demand consumed available inventory or budget.,30000
BLR06,MOD052,0.35000000000000003,0.0,0.5000000000000001,0.5000000000000001,0,0,0,0.0,8330.000000000002,0.35000000000000003,29750.000000000004,15182.700000000003,Premium,1.3,1.0,0.55,Bangalore,post_successor,EOL_HOLD,EOL HOLD: successor already launched; avoid additional predecessor inventory.,85000
BEL01,MOD027,2.4712275974025975,3.0,3.530325139146568,0.530325139146568,0,0,0,0.0,0.0,0.0,0.0,15167.298979591846,Mid-range,1.0,1.0,1.0,Belgaum,normal,NO_REPLENISHMENT_NEEDED,NOT ALLOCATED: higher-priority demand consumed available inventory or budget.,26000
BLR04,MOD021,2.0040064935064934,2.0,2.8628664192949906,0.8628664192949906,0,0,0,0.0,67.30909090908916,0.004006493506493403,48.07792207792083,15148.482857142855,Budget,0.95,1.0,1.0,Bangalore,normal,NO_REPLENISHMENT_NEEDED,NOT ALLOCATED: higher-priority demand consumed available inventory or budget.,12000
DAV01,MOD018,0.35000000000000003,0.0,0.5000000000000001,0.5000000000000001,0,0,0,0.0,2572.5000000000005,0.35000000000000003,5250.000000000001,15015.000000000004,Upper-mid,1.1,1.0,1.0,Davangere,normal,NO_REPLENISHMENT_NEEDED,NOT ALLOCATED: higher-priority demand consumed available inventory or budget.,15000
BLR08,MOD043,0.6523826785714286,0.0,0.9319752551020409,0.9319752551020409,0,0,0,0.0,17130.527161826285,0.6523826785714286,22833.393750000003,14854.75359107143,Mid-range,1.1,1.0,0.55,Bangalore,post_successor,EOL_HOLD,EOL HOLD: successor already launched; avoid additional predecessor inventory.,35000
BLR02,MOD045,1.6157167207792205,2.0,2.308166743970315,0.30816674397031507,0,0,0,0.0,0.0,0.0,0.0,14813.575382653045,Mid-range,1.1,1.0,1.0,Bangalore,normal,NO_REPLENISHMENT_NEEDED,NOT ALLOCATED: higher-priority demand consumed available inventory or budget.,38000
HUB01,MOD059,0.377746875,0.0,0.5396383928571428,0.5396383928571428,0,0,0,0.0,11301.261964523437,0.377746875,37396.940624999996,14680.970405357144,Premium,1.0,1.0,0.55,Hubli,post_successor,EOL_HOLD,EOL HOLD: successor already launched; avoid additional predecessor inventory.,99000
HUB02,MOD012,4.907613636363637,6.0,7.010876623376624,1.0108766233766238,1,1,8500,8500.0,0.0,0.0,0.0,14177.54464285715,Keypad,1.0,1.0,1.0,Hubli,normal,FULLY_ALLOCATED,NORMAL REPLENISHMENT: forecast demand exceeds current stock.,8500
HOS01,MOD044,0.6473458333333334,0.0,0.9247797619047621,0.9247797619047621,0,0,0,0.0,17589.90195753082,0.6473458333333334,23628.12291666667,13974.346982142859,Mid-range,1.0,1.0,0.55,Hassan,post_successor,EOL_HOLD,EOL HOLD: successor already launched; avoid additional predecessor inventory.,36500
BLR03,MOD015,1.9123714285714288,2.0,2.73195918367347,0.73195918367347,0,0,0,0.0,0.0,0.0,0.0,13921.131714285728,Budget,0.95,1.0,1.0,Bangalore,normal,NO_REPLENISHMENT_NEEDED,NOT ALLOCATED: higher-priority demand consumed available inventory or budget.,13000
MYS01,MOD012,1.3885811688311689,1.0,1.983687384044527,0.983687384044527,0,0,0,0.0,4954.409902597404,0.3885811688311689,3302.9399350649355,13796.215561224491,Keypad,1.0,1.0,1.0,Mysore,normal,NO_REPLENISHMENT_NEEDED,NOT ALLOCATED: higher-priority demand consumed available inventory or budget.,8500
MAN02,MOD018,0.35000000000000003,0.0,0.5000000000000001,0.5000000000000001,0,0,0,0.0,2572.5000000000005,0.35000000000000003,5250.000000000001,13650.000000000002,Upper-mid,1.0,1.0,1.0,Mangalore,normal,NO_REPLENISHMENT_NEEDED,NOT ALLOCATED: higher-priority demand consumed available inventory or budget.,15000
MAN01,MOD008,2.871043831168831,3.0,4.101491187384044,1.1014911873840436,1,1,7500,7500.0,0.0,0.0,0.0,13630.95344387754,Keypad,1.0,1.0,1.0,Mangalore,normal,FULLY_ALLOCATED,NORMAL REPLENISHMENT: forecast demand exceeds current stock.,7500
BEL01,MOD059,0.35000000000000003,0.0,0.5000000000000001,0.5000000000000001,0,0,0,0.0,9702.000000000002,0.35000000000000003,34650.0,13602.600000000002,Premium,1.0,1.0,0.55,Belgaum,post_successor,EOL_HOLD,EOL HOLD: successor already launched; avoid additional predecessor inventory.,99000
CHI01,MOD059,0.35000000000000003,0.0,0.5000000000000001,0.5000000000000001,0,0,0,0.0,9702.000000000002,0.35000000000000003,34650.0,13602.600000000002,Premium,1.0,1.0,0.55,Chitradurga,post_successor,EOL_HOLD,EOL HOLD: successor already launched; avoid additional predecessor inventory.,99000
HOS01,MOD059,0.35000000000000003,0.0,0.5000000000000001,0.5000000000000001,0,0,0,0.0,9702.000000000002,0.35000000000000003,34650.0,13602.600000000002,Premium,1.0,1.0,0.55,Hassan,post_successor,EOL_HOLD,EOL HOLD: successor already launched; avoid additional predecessor inventory.,99000
HUB02,MOD059,0.35000000000000003,0.0,0.5000000000000001,0.5000000000000001,0,0,0,0.0,9702.000000000002,0.35000000000000003,34650.0,13602.600000000002,Premium,1.0,1.0,0.55,Hubli,post_successor,EOL_HOLD,EOL HOLD: successor already launched; avoid additional predecessor inventory.,99000
KAL01,MOD059,0.35000000000000003,0.0,0.5000000000000001,0.5000000000000001,0,0,0,0.0,9702.000000000002,0.35000000000000003,34650.0,13602.600000000002,Premium,1.0,1.0,0.55,Kalaburagi,post_successor,EOL_HOLD,EOL HOLD: successor already launched; avoid additional predecessor inventory.,99000
KOP01,MOD059,0.35000000000000003,0.0,0.5000000000000001,0.5000000000000001,0,0,0,0.0,9702.000000000002,0.35000000000000003,34650.0,13602.600000000002,Premium,1.0,1.0,0.55,Koppal,post_successor,EOL_HOLD,EOL HOLD: successor already launched; avoid additional predecessor inventory.,99000
MAN02,MOD059,0.35000000000000003,0.0,0.5000000000000001,0.5000000000000001,0,0,0,0.0,9702.000000000002,0.35000000000000003,34650.0,13602.600000000002,Premium,1.0,1.0,0.55,Mangalore,post_successor,EOL_HOLD,EOL HOLD: successor already launched; avoid additional predecessor inventory.,99000
MYS01,MOD059,0.35000000000000003,0.0,0.5000000000000001,0.5000000000000001,0,0,0,0.0,9702.000000000002,0.35000000000000003,34650.0,13602.600000000002,Premium,1.0,1.0,0.55,Mysore,post_successor,EOL_HOLD,EOL HOLD: successor already launched; avoid additional predecessor inventory.,99000
SHI01,MOD059,0.35000000000000003,0.0,0.5000000000000001,0.5000000000000001,0,0,0,0.0,9702.000000000002,0.35000000000000003,34650.0,13602.600000000002,Premium,1.0,1.0,0.55,Shivamogga,post_successor,EOL_HOLD,EOL HOLD: successor already launched; avoid additional predecessor inventory.,99000
TUM01,MOD059,0.35000000000000003,0.0,0.5000000000000001,0.5000000000000001,0,0,0,0.0,9702.000000000002,0.35000000000000003,34650.0,13602.600000000002,Premium,1.0,1.0,0.55,Tumkur,post_successor,EOL_HOLD,EOL HOLD: successor already launched; avoid additional predecessor inventory.,99000
TUM02,MOD059,0.35000000000000003,0.0,0.5000000000000001,0.5000000000000001,0,0,0,0.0,9702.000000000002,0.35000000000000003,34650.0,13602.600000000002,Premium,1.0,1.0,0.55,Tumkur,post_successor,EOL_HOLD,EOL HOLD: successor already launched; avoid additional predecessor inventory.,99000
UDU01,MOD059,0.35000000000000003,0.0,0.5000000000000001,0.5000000000000001,0,0,0,0.0,9702.000000000002,0.35000000000000003,34650.0,13602.600000000002,Premium,1.0,1.0,0.55,Udupi,post_successor,EOL_HOLD,EOL HOLD: successor already launched; avoid additional predecessor inventory.,99000
MYS02,MOD015,2.574216783216783,3.0,3.677452547452547,0.677452547452547,0,0,0,0.0,0.0,0.0,0.0,13562.599999999991,Budget,1.0,1.0,1.0,Mysore,normal,NO_REPLENISHMENT_NEEDED,NOT ALLOCATED: higher-priority demand consumed available inventory or budget.,13000
BEL01,MOD058,0.35000000000000003,0.0,0.5000000000000001,0.5000000000000001,0,0,0,0.0,9310.000000000002,0.35000000000000003,33250.0,13053.000000000002,Premium,1.0,1.0,0.55,Belgaum,post_successor,EOL_HOLD,EOL HOLD: successor already launched; avoid additional predecessor inventory.,95000
CHI01,MOD058,0.35000000000000003,0.0,0.5000000000000001,0.5000000000000001,0,0,0,0.0,9310.000000000002,0.35000000000000003,33250.0,13053.000000000002,Premium,1.0,1.0,0.55,Chitradurga,post_successor,EOL_HOLD,EOL HOLD: successor already launched; avoid additional predecessor inventory.,95000
HOS01,MOD058,0.35000000000000003,0.0,0.5000000000000001,0.5000000000000001,0,0,0,0.0,9310.000000000002,0.35000000000000003,33250.0,13053.000000000002,Premium,1.0,1.0,0.55,Hassan,post_successor,EOL_HOLD,EOL HOLD: successor already launched; avoid additional predecessor inventory.,95000
HUB02,MOD058,0.35000000000000003,0.0,0.5000000000000001,0.5000000000000001,0,0,0,0.0,9310.000000000002,0.35000000000000003,33250.0,13053.000000000002,Premium,1.0,1.0,0.55,Hubli,post_successor,EOL_HOLD,EOL HOLD: successor already launched; avoid additional predecessor inventory.,95000
KAL01,MOD058,0.35000000000000003,0.0,0.5000000000000001,0.5000000000000001,0,0,0,0.0,9310.000000000002,0.35000000000000003,33250.0,13053.000000000002,Premium,1.0,1.0,0.55,Kalaburagi,post_successor,EOL_HOLD,EOL HOLD: successor already launched; avoid additional predecessor inventory.,95000
KOP01,MOD058,0.35000000000000003,0.0,0.5000000000000001,0.5000000000000001,0,0,0,0.0,9310.000000000002,0.35000000000000003,33250.0,13053.000000000002,Premium,1.0,1.0,0.55,Koppal,post_successor,EOL_HOLD,EOL HOLD: successor already launched; avoid additional predecessor inventory.,95000
MAN02,MOD058,0.35000000000000003,0.0,0.5000000000000001,0.5000000000000001,0,0,0,0.0,9310.000000000002,0.35000000000000003,33250.0,13053.000000000002,Premium,1.0,1.0,0.55,Mangalore,post_successor,EOL_HOLD,EOL HOLD: successor already launched; avoid additional predecessor inventory.,95000
MYS01,MOD058,0.35000000000000003,0.0,0.5000000000000001,0.5000000000000001,0,0,0,0.0,9310.000000000002,0.35000000000000003,33250.0,13053.000000000002,Premium,1.0,1.0,0.55,Mysore,post_successor,EOL_HOLD,EOL HOLD: successor already launched; avoid additional predecessor inventory.,95000
MYS02,MOD058,0.35000000000000003,0.0,0.5000000000000001,0.5000000000000001,0,0,0,0.0,9310.000000000002,0.35000000000000003,33250.0,13053.000000000002,Premium,1.0,1.0,0.55,Mysore,post_successor,EOL_HOLD,EOL HOLD: successor already launched; avoid additional predecessor inventory.,95000
SHI01,MOD058,0.35000000000000003,0.0,0.5000000000000001,0.5000000000000001,0,0,0,0.0,9310.000000000002,0.35000000000000003,33250.0,13053.000000000002,Premium,1.0,1.0,0.55,Shivamogga,post_successor,EOL_HOLD,EOL HOLD: successor already launched; avoid additional predecessor inventory.,95000
TUM01,MOD058,0.35000000000000003,0.0,0.5000000000000001,0.5000000000000001,0,0,0,0.0,9310.000000000002,0.35000000000000003,33250.0,13053.000000000002,Premium,1.0,1.0,0.55,Tumkur,post_successor,EOL_HOLD,EOL HOLD: successor already launched; avoid additional predecessor inventory.,95000
TUM02,MOD058,0.35000000000000003,0.0,0.5000000000000001,0.5000000000000001,0,0,0,0.0,9310.000000000002,0.35000000000000003,33250.0,13053.000000000002,Premium,1.0,1.0,0.55,Tumkur,post_successor,EOL_HOLD,EOL HOLD: successor already launched; avoid additional predecessor inventory.,95000
UDU01,MOD058,0.35000000000000003,0.0,0.5000000000000001,0.5000000000000001,0,0,0,0.0,9310.000000000002,0.35000000000000003,33250.0,13053.000000000002,Premium,1.0,1.0,0.55,Udupi,post_successor,EOL_HOLD,EOL HOLD: successor already launched; avoid additional predecessor inventory.,95000
SHI01,MOD027,1.0185277777777775,1.0,1.455039682539682,0.4550396825396821,0,0,0,0.0,529.8944444444359,0.018527777777777477,481.7222222222144,13014.13492063491,Mid-range,1.0,1.0,1.0,Shivamogga,normal,NO_REPLENISHMENT_NEEDED,NOT ALLOCATED: higher-priority demand consumed available inventory or budget.,26000
BLR01,MOD026,0.8357705357142857,0.0,1.1939579081632652,1.1939579081632652,0,0,0,0.0,19209.09068012396,0.8357705357142857,20894.26339285714,13002.201619897962,Mid-range,1.1,1.0,0.55,Bangalore,post_successor,EOL_HOLD,EOL HOLD: successor already launched; avoid additional predecessor inventory.,25000
BLR01,MOD008,3.659181818181819,4.0,5.227402597402599,1.227402597402599,1,1,7500,7500.0,0.0,0.0,0.0,12910.74107142859,Keypad,0.85,1.0,1.0,Bangalore,normal,FULLY_ALLOCATED,NORMAL REPLENISHMENT: forecast demand exceeds current stock.,7500
DAV01,MOD056,0.35000000000000003,0.0,0.5000000000000001,0.5000000000000001,0,0,0,0.0,12250.000000000004,0.35000000000000003,43750.00000000001,12881.25,Premium,0.75,1.0,0.55,Davangere,post_successor,EOL_HOLD,EOL HOLD: successor already launched; avoid additional predecessor inventory.,125000
DAV02,MOD056,0.35000000000000003,0.0,0.5000000000000001,0.5000000000000001,0,0,0,0.0,12250.000000000004,0.35000000000000003,43750.00000000001,12881.25,Premium,0.75,1.0,0.55,Davangere,post_successor,EOL_HOLD,EOL HOLD: successor already launched; avoid additional predecessor inventory.,125000
BLR02,MOD055,2.1587958333333335,2.0,3.0839940476190475,1.0839940476190475,0,0,0,0.0,15244.400000000016,0.15879583333333347,19055.500000000015,12648.909742857146,Premium,1.3,1.0,0.55,Bangalore,post_successor,EOL_HOLD,EOL HOLD: successor already launched; avoid additional predecessor inventory.,120000
UDU01,MOD054,0.8404419191919189,1.0,1.2006313131313127,0.20063131313131266,0,0,0,0.0,0.0,0.0,0.0,12551.494949494921,Premium,1.0,1.0,1.0,Udupi,normal,NO_REPLENISHMENT_NEEDED,NOT ALLOCATED: higher-priority demand consumed available inventory or budget.,92000
BLR06,MOD028,0.7104495535714287,0.0,1.0149279336734696,1.0149279336734696,0,0,0,0.0,15545.947899631146,0.7104495535714287,19892.587500000005,12378.873021428575,Mid-range,1.1,1.0,0.55,Bangalore,post_successor,EOL_HOLD,EOL HOLD: successor already launched; avoid additional predecessor inventory.,28000
DAV01,MOD055,0.35000000000000003,0.0,0.5000000000000001,0.5000000000000001,0,0,0,0.0,11760.000000000004,0.35000000000000003,42000.00000000001,12366.0,Premium,0.75,1.0,0.55,Davangere,post_successor,EOL_HOLD,EOL HOLD: successor already launched; avoid additional predecessor inventory.,120000
DAV02,MOD055,0.35000000000000003,0.0,0.5000000000000001,0.5000000000000001,0,0,0,0.0,11760.000000000004,0.35000000000000003,42000.00000000001,12366.0,Premium,0.75,1.0,0.55,Davangere,post_successor,EOL_HOLD,EOL HOLD: successor already launched; avoid additional predecessor inventory.,120000
MYS01,MOD033,0.9802597402597402,1.0,1.4003710575139146,0.40037105751391455,0,0,0,0.0,0.0,0.0,0.0,12331.428571428569,Mid-range,1.0,1.0,1.0,Mysore,normal,NO_REPLENISHMENT_NEEDED,NOT ALLOCATED: higher-priority demand consumed available inventory or budget.,28000
BEL01,MOD053,0.35000000000000003,0.0,0.5000000000000001,0.5000000000000001,0,0,0,0.0,8673.000000000002,0.35000000000000003,30975.000000000004,12159.900000000001,Premium,1.0,1.0,0.55,Belgaum,post_successor,EOL_HOLD,EOL HOLD: successor already launched; avoid additional predecessor inventory.,88500
HOS01,MOD053,0.35000000000000003,0.0,0.5000000000000001,0.5000000000000001,0,0,0,0.0,8673.000000000002,0.35000000000000003,30975.000000000004,12159.900000000001,Premium,1.0,1.0,0.55,Hassan,post_successor,EOL_HOLD,EOL HOLD: successor already launched; avoid additional predecessor inventory.,88500
KOP01,MOD053,0.35000000000000003,0.0,0.5000000000000001,0.5000000000000001,0,0,0,0.0,8673.000000000002,0.35000000000000003,30975.000000000004,12159.900000000001,Premium,1.0,1.0,0.55,Koppal,post_successor,EOL_HOLD,EOL HOLD: successor already launched; avoid additional predecessor inventory.,88500
MAN01,MOD053,0.35000000000000003,0.0,0.5000000000000001,0.5000000000000001,0,0,0,0.0,8673.000000000002,0.35000000000000003,30975.000000000004,12159.900000000001,Premium,1.0,1.0,0.55,Mangalore,post_successor,EOL_HOLD,EOL HOLD: successor already launched; avoid additional predecessor inventory.,88500
MAN02,MOD053,0.35000000000000003,0.0,0.5000000000000001,0.5000000000000001,0,0,0,0.0,8673.000000000002,0.35000000000000003,30975.000000000004,12159.900000000001,Premium,1.0,1.0,0.55,Mangalore,post_successor,EOL_HOLD,EOL HOLD: successor already launched; avoid additional predecessor inventory.,88500
MYS01,MOD053,0.35000000000000003,0.0,0.5000000000000001,0.5000000000000001,0,0,0,0.0,8673.000000000002,0.35000000000000003,30975.000000000004,12159.900000000001,Premium,1.0,1.0,0.55,Mysore,post_successor,EOL_HOLD,EOL HOLD: successor already launched; avoid additional predecessor inventory.,88500
TUM01,MOD053,0.35000000000000003,0.0,0.5000000000000001,0.5000000000000001,0,0,0,0.0,8673.000000000002,0.35000000000000003,30975.000000000004,12159.900000000001,Premium,1.0,1.0,0.55,Tumkur,post_successor,EOL_HOLD,EOL HOLD: successor already launched; avoid additional predecessor inventory.,88500
TUM02,MOD053,0.35000000000000003,0.0,0.5000000000000001,0.5000000000000001,0,0,0,0.0,8673.000000000002,0.35000000000000003,30975.000000000004,12159.900000000001,Premium,1.0,1.0,0.55,Tumkur,post_successor,EOL_HOLD,EOL HOLD: successor already launched; avoid additional predecessor inventory.,88500
TUM01,MOD040,0.5706589285714286,0.0,0.8152270408163266,0.8152270408163266,0,0,0,0.0,13107.477413521208,0.5706589285714286,19973.062500000004,11812.639821428573,Mid-range,1.0,1.0,0.55,Tumkur,post_successor,EOL_HOLD,EOL HOLD: successor already launched; avoid additional predecessor inventory.,35000
BEL01,MOD052,0.35000000000000003,0.0,0.5000000000000001,0.5000000000000001,0,0,0,0.0,8330.000000000002,0.35000000000000003,29750.000000000004,11679.000000000002,Premium,1.0,1.0,0.55,Belgaum,post_successor,EOL_HOLD,EOL HOLD: successor already launched; avoid additional predecessor inventory.,85000
CHI01,MOD052,0.35000000000000003,0.0,0.5000000000000001,0.5000000000000001,0,0,0,0.0,8330.000000000002,0.35000000000000003,29750.000000000004,11679.000000000002,Premium,1.0,1.0,0.55,Chitradurga,post_successor,EOL_HOLD,EOL HOLD: successor already launched; avoid additional predecessor inventory.,85000
HOS01,MOD052,0.35000000000000003,0.0,0.5000000000000001,0.5000000000000001,0,0,0,0.0,8330.000000000002,0.35000000000000003,29750.000000000004,11679.000000000002,Premium,1.0,1.0,0.55,Hassan,post_successor,EOL_HOLD,EOL HOLD: successor already launched; avoid additional predecessor inventory.,85000
HUB01,MOD052,0.35000000000000003,0.0,0.5000000000000001,0.5000000000000001,0,0,0,0.0,8330.000000000002,0.35000000000000003,29750.000000000004,11679.000000000002,Premium,1.0,1.0,0.55,Hubli,post_successor,EOL_HOLD,EOL HOLD: successor already launched; avoid additional predecessor inventory.,85000
HUB02,MOD052,0.35000000000000003,0.0,0.5000000000000001,0.5000000000000001,0,0,0,0.0,8330.000000000002,0.35000000000000003,29750.000000000004,11679.000000000002,Premium,1.0,1.0,0.55,Hubli,post_successor,EOL_HOLD,EOL HOLD: successor already launched; avoid additional predecessor inventory.,85000
KAL01,MOD052,0.35000000000000003,0.0,0.5000000000000001,0.5000000000000001,0,0,0,0.0,8330.000000000002,0.35000000000000003,29750.000000000004,11679.000000000002,Premium,1.0,1.0,0.55,Kalaburagi,post_successor,EOL_HOLD,EOL HOLD: successor already launched; avoid additional predecessor inventory.,85000
KOP01,MOD052,0.35000000000000003,0.0,0.5000000000000001,0.5000000000000001,0,0,0,0.0,8330.000000000002,0.35000000000000003,29750.000000000004,11679.000000000002,Premium,1.0,1.0,0.55,Koppal,post_successor,EOL_HOLD,EOL HOLD: successor already launched; avoid additional predecessor inventory.,85000
MAN02,MOD052,0.35000000000000003,0.0,0.5000000000000001,0.5000000000000001,0,0,0,0.0,8330.000000000002,0.35000000000000003,29750.000000000004,11679.000000000002,Premium,1.0,1.0,0.55,Mangalore,post_successor,EOL_HOLD,EOL HOLD: successor already launched; avoid additional predecessor inventory.,85000
HUB02,MOD030,2.343163149350649,3.0,3.347375927643784,0.347375927643784,0,0,0,0.0,0.0,0.0,0.0,11463.405612244873,Mid-range,1.0,1.0,1.0,Hubli,normal,NO_REPLENISHMENT_NEEDED,NOT ALLOCATED: higher-priority demand consumed available inventory or budget.,30000
DAV01,MOD028,0.7562965178571429,0.0,1.0804235969387757,1.0804235969387757,0,0,0,0.0,17617.120226023464,0.7562965178571429,21176.3025,11380.750000714288,Mid-range,0.95,1.0,0.55,Davangere,post_successor,EOL_HOLD,EOL HOLD: successor already launched; avoid additional predecessor inventory.,28000
DAV01,MOD027,1.6884073051948052,2.0,2.4120104359925785,0.41201043599257847,0,0,0,0.0,0.0,0.0,0.0,11194.323545918358,Mid-range,0.95,1.0,1.0,Davangere,normal,NO_REPLENISHMENT_NEEDED,NOT ALLOCATED: higher-priority demand consumed available inventory or budget.,26000
CHI01,MOD031,0.7522826785714285,0.0,1.0746895408163264,1.0746895408163264,0,0,0,0.0,16185.575934488053,0.7522826785714285,19559.34964285714,11065.003512244897,Mid-range,1.0,1.0,0.55,Chitradurga,post_successor,EOL_HOLD,EOL HOLD: successor already launched; avoid additional predecessor inventory.,26000
MYS01,MOD046,0.5664865178571428,0.0,0.8092664540816326,0.8092664540816326,0,0,0,0.0,12034.01155927166,0.5664865178571428,28324.325892857138,10591.274717793367,Flagship,1.0,1.0,0.55,Mysore,post_successor,EOL_HOLD,EOL HOLD: successor already launched; avoid additional predecessor inventory.,50000
BEL01,MOD048,0.9031363636363636,1.0,1.2901948051948051,0.2901948051948051,0,0,0,0.0,0.0,0.0,0.0,10577.600649350647,Flagship,1.0,1.0,1.0,Belgaum,normal,NO_REPLENISHMENT_NEEDED,NOT ALLOCATED: higher-priority demand consumed available inventory or budget.,54000
BLR07,MOD038,0.47113553571428574,0.0,0.6730507653061225,0.6730507653061225,0,0,0,0.0,8551.343898317618,0.47113553571428574,15783.040446428573,10267.995170433675,Mid-range,1.1,1.0,0.55,Bangalore,post_successor,EOL_HOLD,EOL HOLD: successor already launched; avoid additional predecessor inventory.,33500
DAV01,MOD059,0.35000000000000003,0.0,0.5000000000000001,0.5000000000000001,0,0,0,0.0,9702.000000000002,0.35000000000000003,34650.0,10201.95,Premium,0.75,1.0,0.55,Davangere,post_successor,EOL_HOLD,EOL HOLD: successor already launched; avoid additional predecessor inventory.,99000
MAN01,MOD018,1.7222118506493502,2.0,2.460302643784786,0.4603026437847859,0,0,0,0.0,0.0,0.0,0.0,10149.673295454528,Upper-mid,1.0,1.0,1.0,Mangalore,normal,NO_REPLENISHMENT_NEEDED,NOT ALLOCATED: higher-priority demand consumed available inventory or budget.,15000
TUM02,MOD021,1.783838474025974,2.0,2.548340677179963,0.5483406771799628,0,0,0,0.0,0.0,0.0,0.0,10133.335714285713,Budget,1.0,1.0,1.0,Tumkur,normal,NO_REPLENISHMENT_NEEDED,NOT ALLOCATED: higher-priority demand consumed available inventory or budget.,12000
BLR01,MOD015,1.7609537337662338,2.0,2.51564819109462,0.5156481910946198,0,0,0,0.0,0.0,0.0,0.0,9807.112946428573,Budget,0.95,1.0,1.0,Bangalore,normal,NO_REPLENISHMENT_NEEDED,NOT ALLOCATED: higher-priority demand consumed available inventory or budget.,13000
DAV01,MOD058,0.35000000000000003,0.0,0.5000000000000001,0.5000000000000001,0,0,0,0.0,9310.000000000002,0.35000000000000003,33250.0,9789.750000000002,Premium,0.75,1.0,0.55,Davangere,post_successor,EOL_HOLD,EOL HOLD: successor already launched; avoid additional predecessor inventory.,95000
DAV02,MOD058,0.35000000000000003,0.0,0.5000000000000001,0.5000000000000001,0,0,0,0.0,9310.000000000002,0.35000000000000003,33250.0,9789.750000000002,Premium,0.75,1.0,0.55,Davangere,post_successor,EOL_HOLD,EOL HOLD: successor already launched; avoid additional predecessor inventory.,95000
TUM02,MOD018,2.401654383116883,3.0,3.4309348330241183,0.4309348330241183,0,0,0,0.0,0.0,0.0,0.0,9502.113068181809,Upper-mid,1.0,1.0,1.0,Tumkur,normal,NO_REPLENISHMENT_NEEDED,NOT ALLOCATED: higher-priority demand consumed available inventory or budget.,15000
KAL01,MOD029,0.57317625,0.0,0.8188232142857144,0.8188232142857144,0,0,0,0.0,10480.139332693598,0.57317625,16622.11125,9403.365792857145,Mid-range,1.0,1.0,0.55,Kalaburagi,post_successor,EOL_HOLD,EOL HOLD: successor already launched; avoid additional predecessor inventory.,29000
BLR06,MOD024,5.219064049586776,7.0,7.455805785123966,0.45580578512396563,0,0,0,0.0,0.0,0.0,0.0,9335.814090909063,Budget,0.95,1.0,1.0,Bangalore,normal,NO_REPLENISHMENT_NEEDED,NOT ALLOCATED: higher-priority demand consumed available inventory or budget.,14000
BLR02,MOD015,2.4361436688311686,3.0,3.4802052411873836,0.4802052411873836,0,0,0,0.0,0.0,0.0,0.0,9133.02348214285,Budget,0.95,1.0,1.0,Bangalore,normal,NO_REPLENISHMENT_NEEDED,NOT ALLOCATED: higher-priority demand consumed available inventory or budget.,13000
DAV01,MOD053,0.35000000000000003,0.0,0.5000000000000001,0.5000000000000001,0,0,0,0.0,8673.000000000002,0.35000000000000003,30975.000000000004,9119.925000000001,Premium,0.75,1.0,0.55,Davangere,post_successor,EOL_HOLD,EOL HOLD: successor already launched; avoid additional predecessor inventory.,88500
DAV02,MOD053,0.35000000000000003,0.0,0.5000000000000001,0.5000000000000001,0,0,0,0.0,8673.000000000002,0.35000000000000003,30975.000000000004,9119.925000000001,Premium,0.75,1.0,0.55,Davangere,post_successor,EOL_HOLD,EOL HOLD: successor already launched; avoid additional predecessor inventory.,88500
BLR01,MOD045,0.8321396103896103,1.0,1.1887708719851575,0.18877087198515752,0,0,0,0.0,0.0,0.0,0.0,9074.215816326521,Mid-range,1.1,1.0,1.0,Bangalore,normal,NO_REPLENISHMENT_NEEDED,NOT ALLOCATED: higher-priority demand consumed available inventory or budget.,38000
BEL01,MOD041,0.41681491071428567,0.0,0.5954498724489795,0.5954498724489795,0,0,0,0.0,7292.512764592988,0.41681491071428567,15213.744241071427,8997.84302257653,Mid-range,1.0,1.0,0.55,Belgaum,post_successor,EOL_HOLD,EOL HOLD: successor already launched; avoid additional predecessor inventory.,36500
CHI01,MOD043,0.4307295535714286,0.0,0.6153279336734695,0.6153279336734695,0,0,0,0.0,7467.499919873648,0.4307295535714286,15075.534375000001,8916.101758928573,Mid-range,1.0,1.0,0.55,Chitradurga,post_successor,EOL_HOLD,EOL HOLD: successor already launched; avoid additional predecessor inventory.,35000
TUM02,MOD045,0.8407889610389611,1.0,1.2011270871985158,0.2011270871985158,0,0,0,0.0,0.0,0.0,0.0,8789.25371057514,Mid-range,1.0,1.0,1.0,Tumkur,normal,NO_REPLENISHMENT_NEEDED,NOT ALLOCATED: higher-priority demand consumed available inventory or budget.,38000
DAV01,MOD052,0.35000000000000003,0.0,0.5000000000000001,0.5000000000000001,0,0,0,0.0,8330.000000000002,0.35000000000000003,29750.000000000004,8759.250000000002,Premium,0.75,1.0,0.55,Davangere,post_successor,EOL_HOLD,EOL HOLD: successor already launched; avoid additional predecessor inventory.,85000
DAV02,MOD052,0.35000000000000003,0.0,0.5000000000000001,0.5000000000000001,0,0,0,0.0,8330.000000000002,0.35000000000000003,29750.000000000004,8759.250000000002,Premium,0.75,1.0,0.55,Davangere,post_successor,EOL_HOLD,EOL HOLD: successor already launched; avoid additional predecessor inventory.,85000
TUM02,MOD040,0.421631517857143,0.0,0.6023307397959184,0.6023307397959184,0,0,0,0.0,7155.3687582333605,0.421631517857143,14757.103125000005,8727.772419642859,Mid-range,1.0,1.0,0.55,Tumkur,post_successor,EOL_HOLD,EOL HOLD: successor already launched; avoid additional predecessor inventory.,35000
KAL01,MOD032,0.5660504464285714,0.0,0.8086434948979591,0.8086434948979591,0,0,0,0.0,9516.269304688954,0.5660504464285714,15283.362053571427,8646.016247448979,Mid-range,1.0,1.0,0.55,Kalaburagi,post_successor,EOL_HOLD,EOL HOLD: successor already launched; avoid additional predecessor inventory.,27000
KAL01,MOD044,0.3988864285714286,0.0,0.5698377551020408,0.5698377551020408,0,0,0,0.0,6678.658322163252,0.3988864285714286,14559.354642857143,8610.818317346937,Mid-range,1.0,1.0,0.55,Kalaburagi,post_successor,EOL_HOLD,EOL HOLD: successor already launched; avoid additional predecessor inventory.,36500
BLR04,MOD056,1.1921102678571431,1.0,1.7030146683673473,0.7030146683673473,0,0,0,0.0,19211.026785714315,0.19211026785714314,24013.78348214289,8545.143294005107,Premium,1.3,1.0,0.55,Bangalore,post_successor,EOL_HOLD,EOL HOLD: successor already launched; avoid additional predecessor inventory.,125000
BLR08,MOD021,3.1397142857142852,4.0,4.485306122448979,0.4853061224489794,0,0,0,0.0,0.0,0.0,0.0,8520.034285714282,Budget,0.95,1.0,1.0,Bangalore,normal,NO_REPLENISHMENT_NEEDED,NOT ALLOCATED: higher-priority demand consumed available inventory or budget.,12000
DAV02,MOD024,1.6119326298701298,2.0,2.3027608998144706,0.30276089981447063,0,0,0,0.0,0.0,0.0,0.0,8485.782499999983,Budget,1.3,1.0,1.0,Davangere,normal,NO_REPLENISHMENT_NEEDED,NOT ALLOCATED: higher-priority demand consumed available inventory or budget.,14000
BEL01,MOD015,0.9931436688311688,1.0,1.4187766697588127,0.41877666975881267,0,0,0,0.0,0.0,0.0,0.0,8383.90892857143,Budget,1.0,1.0,1.0,Belgaum,normal,NO_REPLENISHMENT_NEEDED,NOT ALLOCATED: higher-priority demand consumed available inventory or budget.,13000
BLR08,MOD041,0.35275,0.0,0.5039285714285714,0.5039285714285714,0,0,0,0.0,5223.0568109375,0.35275,12875.375,8376.351107142858,Mid-range,1.1,1.0,0.55,Bangalore,post_successor,EOL_HOLD,EOL HOLD: successor already launched; avoid additional predecessor inventory.,36500
TUM01,MOD037,0.4394410714285715,0.0,0.6277729591836735,0.6277729591836735,0,0,0,0.0,7106.391153505103,0.4394410714285715,14062.114285714288,8316.736163265306,Mid-range,1.0,1.0,0.55,Tumkur,post_successor,EOL_HOLD,EOL HOLD: successor already launched; avoid additional predecessor inventory.,32000
BLR06,MOD029,0.4606103571428572,0.0,0.6580147959183674,0.6580147959183674,0,0,0,0.0,6767.964645321928,0.4606103571428572,13357.70035714286,8312.306107959186,Mid-range,1.1,1.0,0.55,Bangalore,post_successor,EOL_HOLD,EOL HOLD: successor already launched; avoid additional predecessor inventory.,29000
BLR02,MOD041,0.35000000000000003,0.0,0.5000000000000001,0.5000000000000001,0,0,0,0.0,5141.937500000001,0.35000000000000003,12775.000000000002,8311.050000000001,Mid-range,1.1,1.0,0.55,Bangalore,post_successor,EOL_HOLD,EOL HOLD: successor already launched; avoid additional predecessor inventory.,36500
BLR08,MOD044,0.35000000000000003,0.0,0.5000000000000001,0.5000000000000001,0,0,0,0.0,5141.937500000001,0.35000000000000003,12775.000000000002,8311.050000000001,Mid-range,1.1,1.0,0.55,Bangalore,post_successor,EOL_HOLD,EOL HOLD: successor already launched; avoid additional predecessor inventory.,36500
TUM01,MOD028,0.518809375,0.0,0.7411562500000001,0.7411562500000001,0,0,0,0.0,8290.225561707033,0.518809375,14526.6625,8217.940500000002,Mid-range,1.0,1.0,0.55,Tumkur,post_successor,EOL_HOLD,EOL HOLD: successor already launched; avoid additional predecessor inventory.,28000
BLR03,MOD049,0.4594680555555555,0.0,0.6563829365079364,0.6563829365079364,0,0,0,0.0,6649.993163394094,0.4594680555555555,19297.65833333333,8187.72075,Mid-range,1.1,1.0,0.55,Bangalore,post_successor,EOL_HOLD,EOL HOLD: successor already launched; avoid additional predecessor inventory.,42000
BLR03,MOD043,0.3593982142857143,0.0,0.5134260204081632,0.5134260204081632,0,0,0,0.0,5198.974826378348,0.3593982142857143,12578.9375,8183.497339285715,Mid-range,1.1,1.0,0.55,Bangalore,post_successor,EOL_HOLD,EOL HOLD: successor already launched; avoid additional predecessor inventory.,35000
BLR08,MOD047,0.35000000000000003,0.0,0.5000000000000001,0.5000000000000001,0,0,0,0.0,4777.500000000001,0.35000000000000003,18200.0,8166.600000000002,Flagship,1.2,1.0,0.55,Bangalore,post_successor,EOL_HOLD,EOL HOLD: successor already launched; avoid additional predecessor inventory.,52000
MAN02,MOD031,0.5474876785714287,0.0,0.7821252551020409,0.7821252551020409,0,0,0,0.0,8572.642884163415,0.5474876785714287,14234.679642857145,8052.761626530614,Mid-range,1.0,1.0,0.55,Mangalore,post_successor,EOL_HOLD,EOL HOLD: successor already launched; avoid additional predecessor inventory.,26000
BEL01,MOD042,0.8279050324675323,1.0,1.1827214749536175,0.18272147495361746,0,0,0,0.0,0.0,0.0,0.0,7984.928455473083,Mid-range,1.0,1.0,1.0,Belgaum,normal,NO_REPLENISHMENT_NEEDED,NOT ALLOCATED: higher-priority demand consumed available inventory or budget.,38000
KAL01,MOD028,0.5032660714285715,0.0,0.718951530612245,0.718951530612245,0,0,0,0.0,7800.923550455361,0.5032660714285715,14091.450000000003,7971.734571428573,Mid-range,1.0,1.0,0.55,Kalaburagi,post_successor,EOL_HOLD,EOL HOLD: successor already launched; avoid additional predecessor inventory.,28000
KOP01,MOD025,0.5733017857142857,0.0,0.8190025510204081,0.8190025510204081,0,0,0,0.0,8677.018350084185,0.5733017857142857,13759.242857142857,7902.719415306123,Upper-mid,1.0,1.0,0.55,Koppal,post_successor,EOL_HOLD,EOL HOLD: successor already launched; avoid additional predecessor inventory.,24000
BLR07,MOD046,0.3512982142857143,0.0,0.5018545918367348,0.5018545918367348,0,0,0,0.0,4627.891326012436,0.3512982142857143,17564.910714285714,7881.626364795918,Flagship,1.2,1.0,0.55,Bangalore,post_successor,EOL_HOLD,EOL HOLD: successor already launched; avoid additional predecessor inventory.,50000
BLR02,MOD046,0.35095,0.0,0.5013571428571428,0.5013571428571428,0,0,0,0.0,4618.7213437499995,0.35095,17547.5,7873.813928571429,Flagship,1.2,1.0,0.55,Bangalore,post_successor,EOL_HOLD,EOL HOLD: successor already launched; avoid additional predecessor inventory.,50000
BLR06,MOD046,0.35000000000000003,0.0,0.5000000000000001,0.5000000000000001,0,0,0,0.0,4593.750000000001,0.35000000000000003,17500.0,7852.500000000002,Flagship,1.2,1.0,0.55,Bangalore,post_successor,EOL_HOLD,EOL HOLD: successor already launched; avoid additional predecessor inventory.,50000
CHI01,MOD024,2.346496753246753,3.0,3.3521382189239333,0.35213821892393327,0,0,0,0.0,0.0,0.0,0.0,7592.1,Budget,1.0,1.0,1.0,Chitradurga,normal,NO_REPLENISHMENT_NEEDED,NOT ALLOCATED: higher-priority demand consumed available inventory or budget.,14000
BEL01,MOD044,0.35000000000000003,0.0,0.5000000000000001,0.5000000000000001,0,0,0,0.0,5141.937500000001,0.35000000000000003,12775.000000000002,7555.500000000001,Mid-range,1.0,1.0,0.55,Belgaum,post_successor,EOL_HOLD,EOL HOLD: successor already launched; avoid additional predecessor inventory.,36500
HUB02,MOD041,0.35000000000000003,0.0,0.5000000000000001,0.5000000000000001,0,0,0,0.0,5141.937500000001,0.35000000000000003,12775.000000000002,7555.500000000001,Mid-range,1.0,1.0,0.55,Hubli,post_successor,EOL_HOLD,EOL HOLD: successor already launched; avoid additional predecessor inventory.,36500
HUB02,MOD044,0.35000000000000003,0.0,0.5000000000000001,0.5000000000000001,0,0,0,0.0,5141.937500000001,0.35000000000000003,12775.000000000002,7555.500000000001,Mid-range,1.0,1.0,0.55,Hubli,post_successor,EOL_HOLD,EOL HOLD: successor already launched; avoid additional predecessor inventory.,36500
KAL01,MOD041,0.35000000000000003,0.0,0.5000000000000001,0.5000000000000001,0,0,0,0.0,5141.937500000001,0.35000000000000003,12775.000000000002,7555.500000000001,Mid-range,1.0,1.0,0.55,Kalaburagi,post_successor,EOL_HOLD,EOL HOLD: successor already launched; avoid additional predecessor inventory.,36500
MAN02,MOD044,0.35000000000000003,0.0,0.5000000000000001,0.5000000000000001,0,0,0,0.0,5141.937500000001,0.35000000000000003,12775.000000000002,7555.500000000001,Mid-range,1.0,1.0,0.55,Mangalore,post_successor,EOL_HOLD,EOL HOLD: successor already launched; avoid additional predecessor inventory.,36500
MYS02,MOD041,0.35000000000000003,0.0,0.5000000000000001,0.5000000000000001,0,0,0,0.0,5141.937500000001,0.35000000000000003,12775.000000000002,7555.500000000001,Mid-range,1.0,1.0,0.55,Mysore,post_successor,EOL_HOLD,EOL HOLD: successor already launched; avoid additional predecessor inventory.,36500
SHI01,MOD044,0.35000000000000003,0.0,0.5000000000000001,0.5000000000000001,0,0,0,0.0,5141.937500000001,0.35000000000000003,12775.000000000002,7555.500000000001,Mid-range,1.0,1.0,0.55,Shivamogga,post_successor,EOL_HOLD,EOL HOLD: successor already launched; avoid additional predecessor inventory.,36500
TUM01,MOD041,0.35000000000000003,0.0,0.5000000000000001,0.5000000000000001,0,0,0,0.0,5141.937500000001,0.35000000000000003,12775.000000000002,7555.500000000001,Mid-range,1.0,1.0,0.55,Tumkur,post_successor,EOL_HOLD,EOL HOLD: successor already launched; avoid additional predecessor inventory.,36500
TUM02,MOD041,0.35000000000000003,0.0,0.5000000000000001,0.5000000000000001,0,0,0,0.0,5141.937500000001,0.35000000000000003,12775.000000000002,7555.500000000001,Mid-range,1.0,1.0,0.55,Tumkur,post_successor,EOL_HOLD,EOL HOLD: successor already launched; avoid additional predecessor inventory.,36500
TUM02,MOD044,0.35000000000000003,0.0,0.5000000000000001,0.5000000000000001,0,0,0,0.0,5141.937500000001,0.35000000000000003,12775.000000000002,7555.500000000001,Mid-range,1.0,1.0,0.55,Tumkur,post_successor,EOL_HOLD,EOL HOLD: successor already launched; avoid additional predecessor inventory.,36500
UDU01,MOD041,0.35000000000000003,0.0,0.5000000000000001,0.5000000000000001,0,0,0,0.0,5141.937500000001,0.35000000000000003,12775.000000000002,7555.500000000001,Mid-range,1.0,1.0,0.55,Udupi,post_successor,EOL_HOLD,EOL HOLD: successor already launched; avoid additional predecessor inventory.,36500
MYS01,MOD040,0.36478857142857146,0.0,0.5211265306122449,0.5211265306122449,0,0,0,0.0,5356.095749257143,0.36478857142857146,12767.6,7551.123428571429,Mid-range,1.0,1.0,0.55,Mysore,post_successor,EOL_HOLD,EOL HOLD: successor already launched; avoid additional predecessor inventory.,35000
MYS01,MOD034,0.4537125,0.0,0.6481607142857143,0.6481607142857143,0,0,0,0.0,6628.5320515312505,0.4537125,12703.95,7513.478999999999,Mid-range,1.0,1.0,0.55,Mysore,post_successor,EOL_HOLD,EOL HOLD: successor already launched; avoid additional predecessor inventory.,28000
SHI01,MOD038,0.37662916666666674,0.0,0.5380416666666668,0.5380416666666668,0,0,0,0.0,5464.753111814671,0.37662916666666674,12617.077083333335,7462.099875000001,Mid-range,1.0,1.0,0.55,Shivamogga,post_successor,EOL_HOLD,EOL HOLD: successor already launched; avoid additional predecessor inventory.,33500
MYS01,MOD008,3.218369318181818,4.0,4.597670454545454,0.5976704545454536,0,0,0,0.0,0.0,0.0,0.0,7396.17187499999,Keypad,1.0,1.0,1.0,Mysore,normal,NO_REPLENISHMENT_NEEDED,NOT ALLOCATED: higher-priority demand consumed available inventory or budget.,7500
BLR03,MOD037,0.3524125,0.0,0.5034464285714286,0.5034464285714286,0,0,0,0.0,4570.36018175,0.3524125,11277.2,7336.624114285715,Mid-range,1.1,1.0,0.55,Bangalore,post_successor,EOL_HOLD,EOL HOLD: successor already launched; avoid additional predecessor inventory.,32000
BLR08,MOD051,0.8388068181818181,1.0,1.1982954545454543,0.19829545454545427,0,0,0,0.0,0.0,0.0,0.0,7308.178977272718,Flagship,1.2,1.0,1.0,Bangalore,normal,NO_REPLENISHMENT_NEEDED,NOT ALLOCATED: higher-priority demand consumed available inventory or budget.,45500
BLR06,MOD037,0.35000000000000003,0.0,0.5000000000000001,0.5000000000000001,0,0,0,0.0,4508.000000000001,0.35000000000000003,11200.000000000002,7286.400000000001,Mid-range,1.1,1.0,0.55,Bangalore,post_successor,EOL_HOLD,EOL HOLD: successor already launched; avoid additional predecessor inventory.,32000
DAV02,MOD037,0.40450580357142857,0.0,0.5778654336734694,0.5778654336734694,0,0,0,0.0,6021.39798052519,0.40450580357142857,12944.185714285713,7272.783202040815,Mid-range,0.95,1.0,0.55,Davangere,post_successor,EOL_HOLD,EOL HOLD: successor already launched; avoid additional predecessor inventory.,32000
DAV02,MOD026,0.5399951785714285,0.0,0.7714216836734693,0.7714216836734693,0,0,0,0.0,8018.856804210698,0.5399951785714285,13499.879464285714,7255.220934948979,Mid-range,0.95,1.0,0.55,Davangere,post_successor,EOL_HOLD,EOL HOLD: successor already launched; avoid additional predecessor inventory.,25000
BEL01,MOD043,0.35000000000000003,0.0,0.5000000000000001,0.5000000000000001,0,0,0,0.0,4930.625000000001,0.35000000000000003,12250.000000000002,7245.0,Mid-range,1.0,1.0,0.55,Belgaum,post_successor,EOL_HOLD,EOL HOLD: successor already launched; avoid additional predecessor inventory.,35000
HUB01,MOD040,0.35000000000000003,0.0,0.5000000000000001,0.5000000000000001,0,0,0,0.0,4930.625000000001,0.35000000000000003,12250.000000000002,7245.0,Mid-range,1.0,1.0,0.55,Hubli,post_successor,EOL_HOLD,EOL HOLD: successor already launched; avoid additional predecessor inventory.,35000
HUB01,MOD043,0.35000000000000003,0.0,0.5000000000000001,0.5000000000000001,0,0,0,0.0,4930.625000000001,0.35000000000000003,12250.000000000002,7245.0,Mid-range,1.0,1.0,0.55,Hubli,post_successor,EOL_HOLD,EOL HOLD: successor already launched; avoid additional predecessor inventory.,35000
MAN02,MOD043,0.35000000000000003,0.0,0.5000000000000001,0.5000000000000001,0,0,0,0.0,4930.625000000001,0.35000000000000003,12250.000000000002,7245.0,Mid-range,1.0,1.0,0.55,Mangalore,post_successor,EOL_HOLD,EOL HOLD: successor already launched; avoid additional predecessor inventory.,35000
MYS01,MOD043,0.35000000000000003,0.0,0.5000000000000001,0.5000000000000001,0,0,0,0.0,4930.625000000001,0.35000000000000003,12250.000000000002,7245.0,Mid-range,1.0,1.0,0.55,Mysore,post_successor,EOL_HOLD,EOL HOLD: successor already launched; avoid additional predecessor inventory.,35000
TUM02,MOD043,0.35000000000000003,0.0,0.5000000000000001,0.5000000000000001,0,0,0,0.0,4930.625000000001,0.35000000000000003,12250.000000000002,7245.0,Mid-range,1.0,1.0,0.55,Tumkur,post_successor,EOL_HOLD,EOL HOLD: successor already launched; avoid additional predecessor inventory.,35000
TUM02,MOD030,1.5528287337662336,2.0,2.218326762523191,0.21832676252319105,0,0,0,0.0,0.0,0.0,0.0,7204.783163265306,Mid-range,1.0,1.0,1.0,Tumkur,normal,NO_REPLENISHMENT_NEEDED,NOT ALLOCATED: higher-priority demand consumed available inventory or budget.,30000
DAV01,MOD041,0.35000000000000003,0.0,0.5000000000000001,0.5000000000000001,0,0,0,0.0,5141.937500000001,0.35000000000000003,12775.000000000002,7177.725,Mid-range,0.95,1.0,0.55,Davangere,post_successor,EOL_HOLD,EOL HOLD: successor already launched; avoid additional predecessor inventory.,36500
DAV01,MOD044,0.35000000000000003,0.0,0.5000000000000001,0.5000000000000001,0,0,0,0.0,5141.937500000001,0.35000000000000003,12775.000000000002,7177.725,Mid-range,0.95,1.0,0.55,Davangere,post_successor,EOL_HOLD,EOL HOLD: successor already launched; avoid additional predecessor inventory.,36500
DAV02,MOD041,0.35000000000000003,0.0,0.5000000000000001,0.5000000000000001,0,0,0,0.0,5141.937500000001,0.35000000000000003,12775.000000000002,7177.725,Mid-range,0.95,1.0,0.55,Davangere,post_successor,EOL_HOLD,EOL HOLD: successor already launched; avoid additional predecessor inventory.,36500
DAV02,MOD044,0.35000000000000003,0.0,0.5000000000000001,0.5000000000000001,0,0,0,0.0,5141.937500000001,0.35000000000000003,12775.000000000002,7177.725,Mid-range,0.95,1.0,0.55,Davangere,post_successor,EOL_HOLD,EOL HOLD: successor already launched; avoid additional predecessor inventory.,36500
BLR05,MOD050,0.3880936607142858,0.0,0.5544195153061225,0.5544195153061225,0,0,0,0.0,4913.869494500821,0.3880936607142858,16882.074241071434,7162.822927997451,Mid-range,1.1,1.0,0.55,Bangalore,post_successor,EOL_HOLD,EOL HOLD: successor already launched; avoid additional predecessor inventory.,43500
BLR01,MOD055,1.1265508928571433,1.0,1.6093584183673475,0.6093584183673475,0,0,0,0.0,12148.885714285754,0.12655089285714327,15186.107142857192,7110.481512244905,Premium,1.3,1.0,0.55,Bangalore,post_successor,EOL_HOLD,EOL HOLD: successor already launched; avoid additional predecessor inventory.,120000
MAN02,MOD038,0.35633307226771094,0.0,0.5090472460967299,0.5090472460967299,0,0,0,0.0,4891.644779542004,0.35633307226771094,11937.157920968317,7059.976256115548,Mid-range,1.0,1.0,0.55,Mangalore,post_successor,EOL_HOLD,EOL HOLD: successor already launched; avoid additional predecessor inventory.,33500
KAL01,MOD027,2.272696969696969,3.0,3.246709956709956,0.2467099567099562,0,0,0,0.0,0.0,0.0,0.0,7055.904761904749,Mid-range,1.0,1.0,1.0,Kalaburagi,normal,NO_REPLENISHMENT_NEEDED,NOT ALLOCATED: higher-priority demand consumed available inventory or budget.,26000
HOS01,MOD034,0.42373258928571433,0.0,0.6053322704081633,0.6053322704081633,0,0,0,0.0,5781.487692573382,0.42373258928571433,11864.5125,7017.011678571429,Mid-range,1.0,1.0,0.55,Hassan,post_successor,EOL_HOLD,EOL HOLD: successor already launched; avoid additional predecessor inventory.,28000
KOP01,MOD038,0.35000000000000003,0.0,0.5000000000000001,0.5000000000000001,0,0,0,0.0,4719.312500000001,0.35000000000000003,11725.000000000002,6934.5,Mid-range,1.0,1.0,0.55,Koppal,post_successor,EOL_HOLD,EOL HOLD: successor already launched; avoid additional predecessor inventory.,33500
MYS01,MOD038,0.35000000000000003,0.0,0.5000000000000001,0.5000000000000001,0,0,0,0.0,4719.312500000001,0.35000000000000003,11725.000000000002,6934.5,Mid-range,1.0,1.0,0.55,Mysore,post_successor,EOL_HOLD,EOL HOLD: successor already launched; avoid additional predecessor inventory.,33500
TUM02,MOD038,0.35000000000000003,0.0,0.5000000000000001,0.5000000000000001,0,0,0,0.0,4719.312500000001,0.35000000000000003,11725.000000000002,6934.5,Mid-range,1.0,1.0,0.55,Tumkur,post_successor,EOL_HOLD,EOL HOLD: successor already launched; avoid additional predecessor inventory.,33500
DAV02,MOD035,0.4237722321428572,0.0,0.6053889030612246,0.6053889030612246,0,0,0,0.0,5989.089872923576,0.4237722321428572,12289.394732142859,6904.884211645409,Mid-range,0.95,1.0,0.55,Davangere,post_successor,EOL_HOLD,EOL HOLD: successor already launched; avoid additional predecessor inventory.,29000
DAV01,MOD040,0.35000000000000003,0.0,0.5000000000000001,0.5000000000000001,0,0,0,0.0,4930.625000000001,0.35000000000000003,12250.000000000002,6882.75,Mid-range,0.95,1.0,0.55,Davangere,post_successor,EOL_HOLD,EOL HOLD: successor already launched; avoid additional predecessor inventory.,35000
DAV01,MOD043,0.35000000000000003,0.0,0.5000000000000001,0.5000000000000001,0,0,0,0.0,4930.625000000001,0.35000000000000003,12250.000000000002,6882.75,Mid-range,0.95,1.0,0.55,Davangere,post_successor,EOL_HOLD,EOL HOLD: successor already launched; avoid additional predecessor inventory.,35000
DAV02,MOD040,0.35000000000000003,0.0,0.5000000000000001,0.5000000000000001,0,0,0,0.0,4930.625000000001,0.35000000000000003,12250.000000000002,6882.75,Mid-range,0.95,1.0,0.55,Davangere,post_successor,EOL_HOLD,EOL HOLD: successor already launched; avoid additional predecessor inventory.,35000
CHI01,MOD047,0.35000000000000003,0.0,0.5000000000000001,0.5000000000000001,0,0,0,0.0,4777.500000000001,0.35000000000000003,18200.0,6805.500000000002,Flagship,1.0,1.0,0.55,Chitradurga,post_successor,EOL_HOLD,EOL HOLD: successor already launched; avoid additional predecessor inventory.,52000
HOS01,MOD047,0.35000000000000003,0.0,0.5000000000000001,0.5000000000000001,0,0,0,0.0,4777.500000000001,0.35000000000000003,18200.0,6805.500000000002,Flagship,1.0,1.0,0.55,Hassan,post_successor,EOL_HOLD,EOL HOLD: successor already launched; avoid additional predecessor inventory.,52000
HUB01,MOD047,0.35000000000000003,0.0,0.5000000000000001,0.5000000000000001,0,0,0,0.0,4777.500000000001,0.35000000000000003,18200.0,6805.500000000002,Flagship,1.0,1.0,0.55,Hubli,post_successor,EOL_HOLD,EOL HOLD: successor already launched; avoid additional predecessor inventory.,52000
HUB02,MOD047,0.35000000000000003,0.0,0.5000000000000001,0.5000000000000001,0,0,0,0.0,4777.500000000001,0.35000000000000003,18200.0,6805.500000000002,Flagship,1.0,1.0,0.55,Hubli,post_successor,EOL_HOLD,EOL HOLD: successor already launched; avoid additional predecessor inventory.,52000
KAL01,MOD047,0.35000000000000003,0.0,0.5000000000000001,0.5000000000000001,0,0,0,0.0,4777.500000000001,0.35000000000000003,18200.0,6805.500000000002,Flagship,1.0,1.0,0.55,Kalaburagi,post_successor,EOL_HOLD,EOL HOLD: successor already launched; avoid additional predecessor inventory.,52000
KOP01,MOD047,0.35000000000000003,0.0,0.5000000000000001,0.5000000000000001,0,0,0,0.0,4777.500000000001,0.35000000000000003,18200.0,6805.500000000002,Flagship,1.0,1.0,0.55,Koppal,post_successor,EOL_HOLD,EOL HOLD: successor already launched; avoid additional predecessor inventory.,52000
MAN02,MOD047,0.35000000000000003,0.0,0.5000000000000001,0.5000000000000001,0,0,0,0.0,4777.500000000001,0.35000000000000003,18200.0,6805.500000000002,Flagship,1.0,1.0,0.55,Mangalore,post_successor,EOL_HOLD,EOL HOLD: successor already launched; avoid additional predecessor inventory.,52000
MYS01,MOD047,0.35000000000000003,0.0,0.5000000000000001,0.5000000000000001,0,0,0,0.0,4777.500000000001,0.35000000000000003,18200.0,6805.500000000002,Flagship,1.0,1.0,0.55,Mysore,post_successor,EOL_HOLD,EOL HOLD: successor already launched; avoid additional predecessor inventory.,52000
MYS02,MOD047,0.35000000000000003,0.0,0.5000000000000001,0.5000000000000001,0,0,0,0.0,4777.500000000001,0.35000000000000003,18200.0,6805.500000000002,Flagship,1.0,1.0,0.55,Mysore,post_successor,EOL_HOLD,EOL HOLD: successor already launched; avoid additional predecessor inventory.,52000
SHI01,MOD047,0.35000000000000003,0.0,0.5000000000000001,0.5000000000000001,0,0,0,0.0,4777.500000000001,0.35000000000000003,18200.0,6805.500000000002,Flagship,1.0,1.0,0.55,Shivamogga,post_successor,EOL_HOLD,EOL HOLD: successor already launched; avoid additional predecessor inventory.,52000
TUM01,MOD047,0.35000000000000003,0.0,0.5000000000000001,0.5000000000000001,0,0,0,0.0,4777.500000000001,0.35000000000000003,18200.0,6805.500000000002,Flagship,1.0,1.0,0.55,Tumkur,post_successor,EOL_HOLD,EOL HOLD: successor already launched; avoid additional predecessor inventory.,52000
TUM02,MOD047,0.35000000000000003,0.0,0.5000000000000001,0.5000000000000001,0,0,0,0.0,4777.500000000001,0.35000000000000003,18200.0,6805.500000000002,Flagship,1.0,1.0,0.55,Tumkur,post_successor,EOL_HOLD,EOL HOLD: successor already launched; avoid additional predecessor inventory.,52000
UDU01,MOD047,0.35000000000000003,0.0,0.5000000000000001,0.5000000000000001,0,0,0,0.0,4777.500000000001,0.35000000000000003,18200.0,6805.500000000002,Flagship,1.0,1.0,0.55,Udupi,post_successor,EOL_HOLD,EOL HOLD: successor already launched; avoid additional predecessor inventory.,52000
CHI01,MOD046,0.3639207142857143,0.0,0.5198867346938776,0.5198867346938776,0,0,0,0.0,4966.435735733419,0.3639207142857143,18196.035714285717,6804.017640306123,Flagship,1.0,1.0,0.55,Chitradurga,post_successor,EOL_HOLD,EOL HOLD: successor already launched; avoid additional predecessor inventory.,50000
HUB01,MOD035,0.3892532142857143,0.0,0.5560760204081633,0.5560760204081633,0,0,0,0.0,5053.127462139203,0.3892532142857143,11288.343214285715,6676.248701020409,Mid-range,1.0,1.0,0.55,Hubli,post_successor,EOL_HOLD,EOL HOLD: successor already launched; avoid additional predecessor inventory.,29000
UDU01,MOD037,0.351625,0.0,0.5023214285714286,0.5023214285714286,0,0,0,0.0,4549.957175,0.351625,11252.0,6654.754285714285,Mid-range,1.0,1.0,0.55,Udupi,post_successor,EOL_HOLD,EOL HOLD: successor already launched; avoid additional predecessor inventory.,32000
TUM02,MOD037,0.3511053571428572,0.0,0.5015790816326531,0.5015790816326531,0,0,0,0.0,4536.5189627704085,0.3511053571428572,11235.37142857143,6644.919673469388,Mid-range,1.0,1.0,0.55,Tumkur,post_successor,EOL_HOLD,EOL HOLD: successor already launched; avoid additional predecessor inventory.,32000
KOP01,MOD037,0.35000000000000003,0.0,0.5000000000000001,0.5000000000000001,0,0,0,0.0,4508.000000000001,0.35000000000000003,11200.000000000002,6624.0,Mid-range,1.0,1.0,0.55,Koppal,post_successor,EOL_HOLD,EOL HOLD: successor already launched; avoid additional predecessor inventory.,32000
SHI01,MOD037,0.35000000000000003,0.0,0.5000000000000001,0.5000000000000001,0,0,0,0.0,4508.000000000001,0.35000000000000003,11200.000000000002,6624.0,Mid-range,1.0,1.0,0.55,Shivamogga,post_successor,EOL_HOLD,EOL HOLD: successor already launched; avoid additional predecessor inventory.,32000
UDU01,MOD025,0.47673472222222224,0.0,0.6810496031746032,0.6810496031746032,0,0,0,0.0,6000.086277828705,0.47673472222222224,11441.633333333333,6571.5838309523815,Upper-mid,1.0,1.0,0.55,Udupi,post_successor,EOL_HOLD,EOL HOLD: successor already launched; avoid additional predecessor inventory.,24000
BEL01,MOD016,0.6301727678571429,0.0,0.90024681122449,0.90024681122449,0,0,0,0.0,7783.507260035158,0.6301727678571429,8822.41875,6546.2347125000015,Budget,1.0,1.0,0.55,Belgaum,post_successor,EOL_HOLD,EOL HOLD: successor already launched; avoid additional predecessor inventory.,14000
BEL01,MOD046,0.35000000000000003,0.0,0.5000000000000001,0.5000000000000001,0,0,0,0.0,4593.750000000001,0.35000000000000003,17500.0,6543.750000000002,Flagship,1.0,1.0,0.55,Belgaum,post_successor,EOL_HOLD,EOL HOLD: successor already launched; avoid additional predecessor inventory.,50000
HOS01,MOD046,0.35000000000000003,0.0,0.5000000000000001,0.5000000000000001,0,0,0,0.0,4593.750000000001,0.35000000000000003,17500.0,6543.750000000002,Flagship,1.0,1.0,0.55,Hassan,post_successor,EOL_HOLD,EOL HOLD: successor already launched; avoid additional predecessor inventory.,50000
HUB02,MOD046,0.35000000000000003,0.0,0.5000000000000001,0.5000000000000001,0,0,0,0.0,4593.750000000001,0.35000000000000003,17500.0,6543.750000000002,Flagship,1.0,1.0,0.55,Hubli,post_successor,EOL_HOLD,EOL HOLD: successor already launched; avoid additional predecessor inventory.,50000
KAL01,MOD046,0.35000000000000003,0.0,0.5000000000000001,0.5000000000000001,0,0,0,0.0,4593.750000000001,0.35000000000000003,17500.0,6543.750000000002,Flagship,1.0,1.0,0.55,Kalaburagi,post_successor,EOL_HOLD,EOL HOLD: successor already launched; avoid additional predecessor inventory.,50000
KOP01,MOD046,0.35000000000000003,0.0,0.5000000000000001,0.5000000000000001,0,0,0,0.0,4593.750000000001,0.35000000000000003,17500.0,6543.750000000002,Flagship,1.0,1.0,0.55,Koppal,post_successor,EOL_HOLD,EOL HOLD: successor already launched; avoid additional predecessor inventory.,50000
MAN02,MOD046,0.35000000000000003,0.0,0.5000000000000001,0.5000000000000001,0,0,0,0.0,4593.750000000001,0.35000000000000003,17500.0,6543.750000000002,Flagship,1.0,1.0,0.55,Mangalore,post_successor,EOL_HOLD,EOL HOLD: successor already launched; avoid additional predecessor inventory.,50000
MYS02,MOD046,0.35000000000000003,0.0,0.5000000000000001,0.5000000000000001,0,0,0,0.0,4593.750000000001,0.35000000000000003,17500.0,6543.750000000002,Flagship,1.0,1.0,0.55,Mysore,post_successor,EOL_HOLD,EOL HOLD: successor already launched; avoid additional predecessor inventory.,50000
SHI01,MOD046,0.35000000000000003,0.0,0.5000000000000001,0.5000000000000001,0,0,0,0.0,4593.750000000001,0.35000000000000003,17500.0,6543.750000000002,Flagship,1.0,1.0,0.55,Shivamogga,post_successor,EOL_HOLD,EOL HOLD: successor already launched; avoid additional predecessor inventory.,50000
TUM01,MOD046,0.35000000000000003,0.0,0.5000000000000001,0.5000000000000001,0,0,0,0.0,4593.750000000001,0.35000000000000003,17500.0,6543.750000000002,Flagship,1.0,1.0,0.55,Tumkur,post_successor,EOL_HOLD,EOL HOLD: successor already launched; avoid additional predecessor inventory.,50000
TUM02,MOD046,0.35000000000000003,0.0,0.5000000000000001,0.5000000000000001,0,0,0,0.0,4593.750000000001,0.35000000000000003,17500.0,6543.750000000002,Flagship,1.0,1.0,0.55,Tumkur,post_successor,EOL_HOLD,EOL HOLD: successor already launched; avoid additional predecessor inventory.,50000
UDU01,MOD046,0.35000000000000003,0.0,0.5000000000000001,0.5000000000000001,0,0,0,0.0,4593.750000000001,0.35000000000000003,17500.0,6543.750000000002,Flagship,1.0,1.0,0.55,Udupi,post_successor,EOL_HOLD,EOL HOLD: successor already launched; avoid additional predecessor inventory.,50000
BEL01,MOD035,0.37940416666666665,0.0,0.5420059523809524,0.5420059523809524,0,0,0,0.0,4800.649848162325,0.37940416666666665,11002.720833333333,6507.323464285713,Mid-range,1.0,1.0,0.55,Belgaum,post_successor,EOL_HOLD,EOL HOLD: successor already launched; avoid additional predecessor inventory.,29000
KAL01,MOD020,0.7586156250000001,0.0,1.0837366071428574,1.0837366071428574,0,0,0,0.0,9265.512430555667,0.7586156250000001,8724.079687500001,6473.267128125001,Budget,1.0,1.0,0.55,Kalaburagi,post_successor,EOL_HOLD,EOL HOLD: successor already launched; avoid additional predecessor inventory.,11500
BLR03,MOD026,0.41532500000000006,0.0,0.5933214285714287,0.5933214285714287,0,0,0,0.0,4743.608529687502,0.41532500000000006,10383.125000000002,6461.270357142859,Mid-range,1.1,1.0,0.55,Bangalore,post_successor,EOL_HOLD,EOL HOLD: successor already launched; avoid additional predecessor inventory.,25000
DAV02,MOD029,0.409659375,0.0,0.5852276785714287,0.5852276785714287,0,0,0,0.0,5353.483632459961,0.409659375,11880.121874999999,6384.716927678572,Mid-range,0.95,1.0,0.55,Davangere,post_successor,EOL_HOLD,EOL HOLD: successor already launched; avoid additional predecessor inventory.,29000
BLR03,MOD034,0.35000000000000003,0.0,0.5000000000000001,0.5000000000000001,0,0,0,0.0,3944.500000000001,0.35000000000000003,9800.000000000002,6375.6,Mid-range,1.1,1.0,0.55,Bangalore,post_successor,EOL_HOLD,EOL HOLD: successor already launched; avoid additional predecessor inventory.,28000
BLR03,MOD008,3.2215227272727267,4.0,4.602175324675324,0.6021753246753239,0,0,0,0.0,0.0,0.0,0.0,6334.131696428563,Keypad,0.85,1.0,1.0,Bangalore,normal,NO_REPLENISHMENT_NEEDED,NOT ALLOCATED: higher-priority demand consumed available inventory or budget.,7500
BLR01,MOD029,0.35000000000000003,0.0,0.5000000000000001,0.5000000000000001,0,0,0,0.0,3907.7500000000014,0.35000000000000003,10150.000000000002,6316.200000000003,Mid-range,1.1,1.0,0.55,Bangalore,post_successor,EOL_HOLD,EOL HOLD: successor already launched; avoid additional predecessor inventory.,29000
BEL01,MOD034,0.37747928571428574,0.0,0.5392561224489796,0.5392561224489796,0,0,0,0.0,4588.197678816428,0.37747928571428574,10569.42,6251.05697142857,Mid-range,1.0,1.0,0.55,Belgaum,post_successor,EOL_HOLD,EOL HOLD: successor already launched; avoid additional predecessor inventory.,28000
BLR01,MOD049,0.35000000000000003,0.0,0.5000000000000001,0.5000000000000001,0,0,0,0.0,3858.750000000001,0.35000000000000003,14700.000000000002,6237.000000000001,Mid-range,1.1,1.0,0.55,Bangalore,post_successor,EOL_HOLD,EOL HOLD: successor already launched; avoid additional predecessor inventory.,42000
BLR04,MOD049,0.35000000000000003,0.0,0.5000000000000001,0.5000000000000001,0,0,0,0.0,3858.750000000001,0.35000000000000003,14700.000000000002,6237.000000000001,Mid-range,1.1,1.0,0.55,Bangalore,post_successor,EOL_HOLD,EOL HOLD: successor already launched; avoid additional predecessor inventory.,42000
SHI01,MOD049,0.38095794642857145,0.0,0.5442256377551021,0.5442256377551021,0,0,0,0.0,4571.562143832842,0.38095794642857145,16000.233750000001,6171.518732142858,Mid-range,1.0,1.0,0.55,Shivamogga,post_successor,EOL_HOLD,EOL HOLD: successor already launched; avoid additional predecessor inventory.,42000
TUM02,MOD035,0.35000000000000003,0.0,0.5000000000000001,0.5000000000000001,0,0,0,0.0,4085.375000000001,0.35000000000000003,10150.000000000002,6003.0,Mid-range,1.0,1.0,0.55,Tumkur,post_successor,EOL_HOLD,EOL HOLD: successor already launched; avoid additional predecessor inventory.,29000
HUB01,MOD021,1.6267987012987013,2.0,2.3239981447124305,0.3239981447124305,0,0,0,0.0,0.0,0.0,0.0,5987.485714285716,Budget,1.0,1.0,1.0,Hubli,normal,NO_REPLENISHMENT_NEEDED,NOT ALLOCATED: higher-priority demand consumed available inventory or budget.,12000
BEL01,MOD050,0.35000000000000003,0.0,0.5000000000000001,0.5000000000000001,0,0,0,0.0,3996.562500000001,0.35000000000000003,15225.000000000002,5872.5,Mid-range,1.0,1.0,0.55,Belgaum,post_successor,EOL_HOLD,EOL HOLD: successor already launched; avoid additional predecessor inventory.,43500
CHI01,MOD050,0.35000000000000003,0.0,0.5000000000000001,0.5000000000000001,0,0,0,0.0,3996.562500000001,0.35000000000000003,15225.000000000002,5872.5,Mid-range,1.0,1.0,0.55,Chitradurga,post_successor,EOL_HOLD,EOL HOLD: successor already launched; avoid additional predecessor inventory.,43500
HOS01,MOD050,0.35000000000000003,0.0,0.5000000000000001,0.5000000000000001,0,0,0,0.0,3996.562500000001,0.35000000000000003,15225.000000000002,5872.5,Mid-range,1.0,1.0,0.55,Hassan,post_successor,EOL_HOLD,EOL HOLD: successor already launched; avoid additional predecessor inventory.,43500
KAL01,MOD050,0.35000000000000003,0.0,0.5000000000000001,0.5000000000000001,0,0,0,0.0,3996.562500000001,0.35000000000000003,15225.000000000002,5872.5,Mid-range,1.0,1.0,0.55,Kalaburagi,post_successor,EOL_HOLD,EOL HOLD: successor already launched; avoid additional predecessor inventory.,43500
KOP01,MOD050,0.35000000000000003,0.0,0.5000000000000001,0.5000000000000001,0,0,0,0.0,3996.562500000001,0.35000000000000003,15225.000000000002,5872.5,Mid-range,1.0,1.0,0.55,Koppal,post_successor,EOL_HOLD,EOL HOLD: successor already launched; avoid additional predecessor inventory.,43500
MAN02,MOD050,0.35000000000000003,0.0,0.5000000000000001,0.5000000000000001,0,0,0,0.0,3996.562500000001,0.35000000000000003,15225.000000000002,5872.5,Mid-range,1.0,1.0,0.55,Mangalore,post_successor,EOL_HOLD,EOL HOLD: successor already launched; avoid additional predecessor inventory.,43500
MYS02,MOD050,0.35000000000000003,0.0,0.5000000000000001,0.5000000000000001,0,0,0,0.0,3996.562500000001,0.35000000000000003,15225.000000000002,5872.5,Mid-range,1.0,1.0,0.55,Mysore,post_successor,EOL_HOLD,EOL HOLD: successor already launched; avoid additional predecessor inventory.,43500
SHI01,MOD050,0.35000000000000003,0.0,0.5000000000000001,0.5000000000000001,0,0,0,0.0,3996.562500000001,0.35000000000000003,15225.000000000002,5872.5,Mid-range,1.0,1.0,0.55,Shivamogga,post_successor,EOL_HOLD,EOL HOLD: successor already launched; avoid additional predecessor inventory.,43500
TUM01,MOD050,0.35000000000000003,0.0,0.5000000000000001,0.5000000000000001,0,0,0,0.0,3996.562500000001,0.35000000000000003,15225.000000000002,5872.5,Mid-range,1.0,1.0,0.55,Tumkur,post_successor,EOL_HOLD,EOL HOLD: successor already launched; avoid additional predecessor inventory.,43500
TUM02,MOD050,0.35000000000000003,0.0,0.5000000000000001,0.5000000000000001,0,0,0,0.0,3996.562500000001,0.35000000000000003,15225.000000000002,5872.5,Mid-range,1.0,1.0,0.55,Tumkur,post_successor,EOL_HOLD,EOL HOLD: successor already launched; avoid additional predecessor inventory.,43500
UDU01,MOD050,0.35000000000000003,0.0,0.5000000000000001,0.5000000000000001,0,0,0,0.0,3996.562500000001,0.35000000000000003,15225.000000000002,5872.5,Mid-range,1.0,1.0,0.55,Udupi,post_successor,EOL_HOLD,EOL HOLD: successor already launched; avoid additional predecessor inventory.,43500
MAN02,MOD048,0.8117775974025974,1.0,1.1596822820037107,0.1596822820037107,0,0,0,0.0,0.0,0.0,0.0,5820.419179035255,Flagship,1.0,1.0,1.0,Mangalore,normal,NO_REPLENISHMENT_NEEDED,NOT ALLOCATED: higher-priority demand consumed available inventory or budget.,54000
TUM02,MOD026,0.411463125,0.0,0.5878044642857142,0.5878044642857142,0,0,0,0.0,4655.802338956055,0.411463125,10286.578125,5819.264196428572,Mid-range,1.0,1.0,0.55,Tumkur,post_successor,EOL_HOLD,EOL HOLD: successor already launched; avoid additional predecessor inventory.,25000
TUM02,MOD034,0.35000000000000003,0.0,0.5000000000000001,0.5000000000000001,0,0,0,0.0,3944.500000000001,0.35000000000000003,9800.000000000002,5796.0,Mid-range,1.0,1.0,0.55,Tumkur,post_successor,EOL_HOLD,EOL HOLD: successor already launched; avoid additional predecessor inventory.,28000
DAV01,MOD047,0.35000000000000003,0.0,0.5000000000000001,0.5000000000000001,0,0,0,0.0,4777.500000000001,0.35000000000000003,18200.0,5784.675000000001,Flagship,0.85,1.0,0.55,Davangere,post_successor,EOL_HOLD,EOL HOLD: successor already launched; avoid additional predecessor inventory.,52000
DAV02,MOD047,0.35000000000000003,0.0,0.5000000000000001,0.5000000000000001,0,0,0,0.0,4777.500000000001,0.35000000000000003,18200.0,5784.675000000001,Flagship,0.85,1.0,0.55,Davangere,post_successor,EOL_HOLD,EOL HOLD: successor already launched; avoid additional predecessor inventory.,52000
DAV02,MOD034,0.3674982142857143,0.0,0.5249974489795919,0.5249974489795919,0,0,0,0.0,4348.768987602678,0.3674982142857143,10289.949999999999,5781.4819071428565,Mid-range,0.95,1.0,0.55,Davangere,post_successor,EOL_HOLD,EOL HOLD: successor already launched; avoid additional predecessor inventory.,28000
BEL01,MOD029,0.35000000000000003,0.0,0.5000000000000001,0.5000000000000001,0,0,0,0.0,3907.7500000000014,0.35000000000000003,10150.000000000002,5742.000000000002,Mid-range,1.0,1.0,0.55,Belgaum,post_successor,EOL_HOLD,EOL HOLD: successor already launched; avoid additional predecessor inventory.,29000
MAN02,MOD029,0.35000000000000003,0.0,0.5000000000000001,0.5000000000000001,0,0,0,0.0,3907.7500000000014,0.35000000000000003,10150.000000000002,5742.000000000002,Mid-range,1.0,1.0,0.55,Mangalore,post_successor,EOL_HOLD,EOL HOLD: successor already launched; avoid additional predecessor inventory.,29000
MYS01,MOD029,0.35000000000000003,0.0,0.5000000000000001,0.5000000000000001,0,0,0,0.0,3907.7500000000014,0.35000000000000003,10150.000000000002,5742.000000000002,Mid-range,1.0,1.0,0.55,Mysore,post_successor,EOL_HOLD,EOL HOLD: successor already launched; avoid additional predecessor inventory.,29000
SHI01,MOD029,0.35000000000000003,0.0,0.5000000000000001,0.5000000000000001,0,0,0,0.0,3907.7500000000014,0.35000000000000003,10150.000000000002,5742.000000000002,Mid-range,1.0,1.0,0.55,Shivamogga,post_successor,EOL_HOLD,EOL HOLD: successor already launched; avoid additional predecessor inventory.,29000
BEL01,MOD031,0.38978839285714284,0.0,0.5568405612244898,0.5568405612244898,0,0,0,0.0,4345.3407484960135,0.38978839285714284,10134.498214285713,5733.230418367348,Mid-range,1.0,1.0,0.55,Belgaum,post_successor,EOL_HOLD,EOL HOLD: successor already launched; avoid additional predecessor inventory.,26000
DAV01,MOD035,0.35000000000000003,0.0,0.5000000000000001,0.5000000000000001,0,0,0,0.0,4085.375000000001,0.35000000000000003,10150.000000000002,5702.849999999999,Mid-range,0.95,1.0,0.55,Davangere,post_successor,EOL_HOLD,EOL HOLD: successor already launched; avoid additional predecessor inventory.,29000
BEL01,MOD049,0.35000000000000003,0.0,0.5000000000000001,0.5000000000000001,0,0,0,0.0,3858.750000000001,0.35000000000000003,14700.000000000002,5670.0,Mid-range,1.0,1.0,0.55,Belgaum,post_successor,EOL_HOLD,EOL HOLD: successor already launched; avoid additional predecessor inventory.,42000
CHI01,MOD049,0.35000000000000003,0.0,0.5000000000000001,0.5000000000000001,0,0,0,0.0,3858.750000000001,0.35000000000000003,14700.000000000002,5670.0,Mid-range,1.0,1.0,0.55,Chitradurga,post_successor,EOL_HOLD,EOL HOLD: successor already launched; avoid additional predecessor inventory.,42000
HOS01,MOD049,0.35000000000000003,0.0,0.5000000000000001,0.5000000000000001,0,0,0,0.0,3858.750000000001,0.35000000000000003,14700.000000000002,5670.0,Mid-range,1.0,1.0,0.55,Hassan,post_successor,EOL_HOLD,EOL HOLD: successor already launched; avoid additional predecessor inventory.,42000
HUB02,MOD049,0.35000000000000003,0.0,0.5000000000000001,0.5000000000000001,0,0,0,0.0,3858.750000000001,0.35000000000000003,14700.000000000002,5670.0,Mid-range,1.0,1.0,0.55,Hubli,post_successor,EOL_HOLD,EOL HOLD: successor already launched; avoid additional predecessor inventory.,42000
KAL01,MOD049,0.35000000000000003,0.0,0.5000000000000001,0.5000000000000001,0,0,0,0.0,3858.750000000001,0.35000000000000003,14700.000000000002,5670.0,Mid-range,1.0,1.0,0.55,Kalaburagi,post_successor,EOL_HOLD,EOL HOLD: successor already launched; avoid additional predecessor inventory.,42000
KOP01,MOD049,0.35000000000000003,0.0,0.5000000000000001,0.5000000000000001,0,0,0,0.0,3858.750000000001,0.35000000000000003,14700.000000000002,5670.0,Mid-range,1.0,1.0,0.55,Koppal,post_successor,EOL_HOLD,EOL HOLD: successor already launched; avoid additional predecessor inventory.,42000
MYS02,MOD049,0.35000000000000003,0.0,0.5000000000000001,0.5000000000000001,0,0,0,0.0,3858.750000000001,0.35000000000000003,14700.000000000002,5670.0,Mid-range,1.0,1.0,0.55,Mysore,post_successor,EOL_HOLD,EOL HOLD: successor already launched; avoid additional predecessor inventory.,42000
TUM01,MOD049,0.35000000000000003,0.0,0.5000000000000001,0.5000000000000001,0,0,0,0.0,3858.750000000001,0.35000000000000003,14700.000000000002,5670.0,Mid-range,1.0,1.0,0.55,Tumkur,post_successor,EOL_HOLD,EOL HOLD: successor already launched; avoid additional predecessor inventory.,42000
TUM02,MOD049,0.35000000000000003,0.0,0.5000000000000001,0.5000000000000001,0,0,0,0.0,3858.750000000001,0.35000000000000003,14700.000000000002,5670.0,Mid-range,1.0,1.0,0.55,Tumkur,post_successor,EOL_HOLD,EOL HOLD: successor already launched; avoid additional predecessor inventory.,42000
DAV01,MOD050,0.35000000000000003,0.0,0.5000000000000001,0.5000000000000001,0,0,0,0.0,3996.562500000001,0.35000000000000003,15225.000000000002,5578.875,Mid-range,0.95,1.0,0.55,Davangere,post_successor,EOL_HOLD,EOL HOLD: successor already launched; avoid additional predecessor inventory.,43500
DAV02,MOD050,0.35000000000000003,0.0,0.5000000000000001,0.5000000000000001,0,0,0,0.0,3996.562500000001,0.35000000000000003,15225.000000000002,5578.875,Mid-range,0.95,1.0,0.55,Davangere,post_successor,EOL_HOLD,EOL HOLD: successor already launched; avoid additional predecessor inventory.,43500
DAV01,MOD046,0.35000000000000003,0.0,0.5000000000000001,0.5000000000000001,0,0,0,0.0,4593.750000000001,0.35000000000000003,17500.0,5562.187500000002,Flagship,0.85,1.0,0.55,Davangere,post_successor,EOL_HOLD,EOL HOLD: successor already launched; avoid additional predecessor inventory.,50000
DAV02,MOD046,0.35000000000000003,0.0,0.5000000000000001,0.5000000000000001,0,0,0,0.0,4593.750000000001,0.35000000000000003,17500.0,5562.187500000002,Flagship,0.85,1.0,0.55,Davangere,post_successor,EOL_HOLD,EOL HOLD: successor already launched; avoid additional predecessor inventory.,50000
BEL01,MOD028,0.35000000000000003,0.0,0.5000000000000001,0.5000000000000001,0,0,0,0.0,3773.0000000000014,0.35000000000000003,9800.000000000002,5544.000000000002,Mid-range,1.0,1.0,0.55,Belgaum,post_successor,EOL_HOLD,EOL HOLD: successor already launched; avoid additional predecessor inventory.,28000
MAN02,MOD028,0.35000000000000003,0.0,0.5000000000000001,0.5000000000000001,0,0,0,0.0,3773.0000000000014,0.35000000000000003,9800.000000000002,5544.000000000002,Mid-range,1.0,1.0,0.55,Mangalore,post_successor,EOL_HOLD,EOL HOLD: successor already launched; avoid additional predecessor inventory.,28000
SHI01,MOD028,0.35000000000000003,0.0,0.5000000000000001,0.5000000000000001,0,0,0,0.0,3773.0000000000014,0.35000000000000003,9800.000000000002,5544.000000000002,Mid-range,1.0,1.0,0.55,Shivamogga,post_successor,EOL_HOLD,EOL HOLD: successor already launched; avoid additional predecessor inventory.,28000
TUM02,MOD028,0.35000000000000003,0.0,0.5000000000000001,0.5000000000000001,0,0,0,0.0,3773.0000000000014,0.35000000000000003,9800.000000000002,5544.000000000002,Mid-range,1.0,1.0,0.55,Tumkur,post_successor,EOL_HOLD,EOL HOLD: successor already launched; avoid additional predecessor inventory.,28000
DAV01,MOD034,0.35000000000000003,0.0,0.5000000000000001,0.5000000000000001,0,0,0,0.0,3944.500000000001,0.35000000000000003,9800.000000000002,5506.2,Mid-range,0.95,1.0,0.55,Davangere,post_successor,EOL_HOLD,EOL HOLD: successor already launched; avoid additional predecessor inventory.,28000
BEL01,MOD026,0.3887180357142857,0.0,0.5553114795918367,0.5553114795918367,0,0,0,0.0,4155.29706046325,0.3887180357142857,9717.950892857143,5497.5836479591835,Mid-range,1.0,1.0,0.55,Belgaum,post_successor,EOL_HOLD,EOL HOLD: successor already launched; avoid additional predecessor inventory.,25000
MYS02,MOD032,0.35988035714285715,0.0,0.5141147959183673,0.5141147959183673,0,0,0,0.0,3846.5619822809317,0.35988035714285715,9716.769642857143,5496.915397959184,Mid-range,1.0,1.0,0.55,Mysore,post_successor,EOL_HOLD,EOL HOLD: successor already launched; avoid additional predecessor inventory.,27000
DAV01,MOD029,0.35000000000000003,0.0,0.5000000000000001,0.5000000000000001,0,0,0,0.0,3907.7500000000014,0.35000000000000003,10150.000000000002,5454.9000000000015,Mid-range,0.95,1.0,0.55,Davangere,post_successor,EOL_HOLD,EOL HOLD: successor already launched; avoid additional predecessor inventory.,29000
MYS01,MOD032,0.3560714285714286,0.0,0.5086734693877552,0.5086734693877552,0,0,0,0.0,3765.5698086734706,0.3560714285714286,9613.928571428572,5438.736734693879,Mid-range,1.0,1.0,0.55,Mysore,post_successor,EOL_HOLD,EOL HOLD: successor already launched; avoid additional predecessor inventory.,27000
DAV01,MOD049,0.35000000000000003,0.0,0.5000000000000001,0.5000000000000001,0,0,0,0.0,3858.750000000001,0.35000000000000003,14700.000000000002,5386.5,Mid-range,0.95,1.0,0.55,Davangere,post_successor,EOL_HOLD,EOL HOLD: successor already launched; avoid additional predecessor inventory.,42000
DAV02,MOD049,0.35000000000000003,0.0,0.5000000000000001,0.5000000000000001,0,0,0,0.0,3858.750000000001,0.35000000000000003,14700.000000000002,5386.5,Mid-range,0.95,1.0,0.55,Davangere,post_successor,EOL_HOLD,EOL HOLD: successor already launched; avoid additional predecessor inventory.,42000
TUM02,MOD032,0.35000000000000003,0.0,0.5000000000000001,0.5000000000000001,0,0,0,0.0,3638.250000000001,0.35000000000000003,9450.0,5346.000000000002,Mid-range,1.0,1.0,0.55,Tumkur,post_successor,EOL_HOLD,EOL HOLD: successor already launched; avoid additional predecessor inventory.,27000
DAV01,MOD025,0.35000000000000003,0.0,0.5000000000000001,0.5000000000000001,0,0,0,0.0,3234.000000000001,0.35000000000000003,8400.0,5307.06,Upper-mid,1.1,1.0,0.55,Davangere,post_successor,EOL_HOLD,EOL HOLD: successor already launched; avoid additional predecessor inventory.,24000
BLR06,MOD035,2.3168772321428572,2.0,3.3098246173469392,1.3098246173469392,0,0,0,0.0,10567.855691964287,0.31687723214285723,9189.43973214286,5285.600769610971,Mid-range,1.1,1.0,0.55,Bangalore,post_successor,EOL_HOLD,EOL HOLD: successor already launched; avoid additional predecessor inventory.,29000
DAV02,MOD028,0.35000000000000003,0.0,0.5000000000000001,0.5000000000000001,0,0,0,0.0,3773.0000000000014,0.35000000000000003,9800.000000000002,5266.800000000001,Mid-range,0.95,1.0,0.55,Davangere,post_successor,EOL_HOLD,EOL HOLD: successor already launched; avoid additional predecessor inventory.,28000
BLR08,MOD018,2.255798701298701,3.0,3.2225695732838586,0.22256957328385862,0,0,0,0.0,0.0,0.0,0.0,5153.042045454537,Upper-mid,1.05,1.0,1.0,Bangalore,normal,NO_REPLENISHMENT_NEEDED,NOT ALLOCATED: higher-priority demand consumed available inventory or budget.,15000
MYS01,MOD031,0.35000000000000003,0.0,0.5000000000000001,0.5000000000000001,0,0,0,0.0,3503.500000000001,0.35000000000000003,9100.0,5148.000000000002,Mid-range,1.0,1.0,0.55,Mysore,post_successor,EOL_HOLD,EOL HOLD: successor already launched; avoid additional predecessor inventory.,26000
SHI01,MOD031,0.35000000000000003,0.0,0.5000000000000001,0.5000000000000001,0,0,0,0.0,3503.500000000001,0.35000000000000003,9100.0,5148.000000000002,Mid-range,1.0,1.0,0.55,Shivamogga,post_successor,EOL_HOLD,EOL HOLD: successor already launched; avoid additional predecessor inventory.,26000
TUM02,MOD031,0.35000000000000003,0.0,0.5000000000000001,0.5000000000000001,0,0,0,0.0,3503.500000000001,0.35000000000000003,9100.0,5148.000000000002,Mid-range,1.0,1.0,0.55,Tumkur,post_successor,EOL_HOLD,EOL HOLD: successor already launched; avoid additional predecessor inventory.,26000
BLR01,MOD058,1.0896235714285716,1.0,1.5566051020408165,0.5566051020408165,0,0,0,0.0,6811.391428571441,0.08962357142857158,8514.2392857143,5141.8066116326545,Premium,1.3,1.0,0.55,Bangalore,post_successor,EOL_HOLD,EOL HOLD: successor already launched; avoid additional predecessor inventory.,95000
DAV02,MOD032,0.35000000000000003,0.0,0.5000000000000001,0.5000000000000001,0,0,0,0.0,3638.250000000001,0.35000000000000003,9450.0,5078.700000000002,Mid-range,0.95,1.0,0.55,Davangere,post_successor,EOL_HOLD,EOL HOLD: successor already launched; avoid additional predecessor inventory.,27000
CHI01,MOD025,0.3644414285714286,0.0,0.5206306122448979,0.5206306122448979,0,0,0,0.0,3506.3834482824495,0.3644414285714286,8746.594285714285,5023.66890367347,Upper-mid,1.0,1.0,0.55,Chitradurga,post_successor,EOL_HOLD,EOL HOLD: successor already launched; avoid additional predecessor inventory.,24000
DAV02,MOD019,0.46758750000000004,0.0,0.667982142857143,0.667982142857143,0,0,0,0.0,3367.0262804062504,0.46758750000000004,5143.462500000001,4961.383927500001,Budget,1.3,1.0,0.55,Davangere,post_successor,EOL_HOLD,EOL HOLD: successor already launched; avoid additional predecessor inventory.,11000
MAN02,MOD026,0.35000000000000003,0.0,0.5000000000000001,0.5000000000000001,0,0,0,0.0,3368.750000000001,0.35000000000000003,8750.0,4950.000000000001,Mid-range,1.0,1.0,0.55,Mangalore,post_successor,EOL_HOLD,EOL HOLD: successor already launched; avoid additional predecessor inventory.,25000
KAL01,MOD025,0.35000000000000003,0.0,0.5000000000000001,0.5000000000000001,0,0,0,0.0,3234.000000000001,0.35000000000000003,8400.0,4824.6,Upper-mid,1.0,1.0,0.55,Kalaburagi,post_successor,EOL_HOLD,EOL HOLD: successor already launched; avoid additional predecessor inventory.,24000
MYS02,MOD025,0.35000000000000003,0.0,0.5000000000000001,0.5000000000000001,0,0,0,0.0,3234.000000000001,0.35000000000000003,8400.0,4824.6,Upper-mid,1.0,1.0,0.55,Mysore,post_successor,EOL_HOLD,EOL HOLD: successor already launched; avoid additional predecessor inventory.,24000
DAV02,MOD016,0.35000000000000003,0.0,0.5000000000000001,0.5000000000000001,0,0,0,0.0,2401.0000000000005,0.35000000000000003,4900.000000000001,4726.54,Budget,1.3,1.0,0.55,Davangere,post_successor,EOL_HOLD,EOL HOLD: successor already launched; avoid additional predecessor inventory.,14000
UDU01,MOD013,0.5251885714285714,0.0,0.7502693877551021,0.7502693877551021,0,0,0,0.0,4633.826997394286,0.5251885714285714,6302.262857142858,4676.279040000001,Budget,1.0,1.0,0.55,Udupi,post_successor,EOL_HOLD,EOL HOLD: successor already launched; avoid additional predecessor inventory.,12000
HOS01,MOD005,0.8836690178571429,0.0,1.26238431122449,1.26238431122449,0,0,0,0.0,7613.491597925924,0.8836690178571429,5743.848616071429,4566.359649776786,Keypad,1.0,1.0,0.55,Hassan,post_successor,EOL_HOLD,EOL HOLD: successor already launched; avoid additional predecessor inventory.,6500
SHI01,MOD030,2.196664772727273,3.0,3.1380925324675326,0.1380925324675326,0,0,0,0.0,0.0,0.0,0.0,4557.053571428576,Mid-range,1.0,1.0,1.0,Shivamogga,normal,NO_REPLENISHMENT_NEEDED,NOT ALLOCATED: higher-priority demand consumed available inventory or budget.,30000
TUM02,MOD017,0.41681491071428567,0.0,0.5954498724489795,0.5954498724489795,0,0,0,0.0,3526.813796813286,0.41681491071428567,6043.816205357142,4484.511624375,Budget,1.0,1.0,0.55,Tumkur,post_successor,EOL_HOLD,EOL HOLD: successor already launched; avoid additional predecessor inventory.,14500
HUB01,MOD033,1.5010227272727272,2.0,2.1443181818181816,0.14431818181818157,0,0,0,0.0,0.0,0.0,0.0,4444.999999999993,Mid-range,1.0,1.0,1.0,Hubli,normal,NO_REPLENISHMENT_NEEDED,NOT ALLOCATED: higher-priority demand consumed available inventory or budget.,28000
BLR02,MOD019,0.5594267857142857,0.0,0.7991811224489797,0.7991811224489797,0,0,0,0.0,4819.558260049107,0.5594267857142857,6153.694642857143,4337.739353750001,Budget,0.95,1.0,0.55,Bangalore,post_successor,EOL_HOLD,EOL HOLD: successor already launched; avoid additional predecessor inventory.,11000
BLR01,MOD019,0.5543319444444444,0.0,0.7919027777777777,0.7919027777777777,0,0,0,0.0,4732.172131326002,0.5543319444444444,6097.6513888888885,4298.234464027777,Budget,0.95,1.0,0.55,Bangalore,post_successor,EOL_HOLD,EOL HOLD: successor already launched; avoid additional predecessor inventory.,11000
SHI01,MOD018,1.536434343434343,2.0,2.1949062049062045,0.19490620490620447,0,0,0,0.0,0.0,0.0,0.0,4297.681818181808,Upper-mid,1.0,1.0,1.0,Shivamogga,normal,NO_REPLENISHMENT_NEEDED,NOT ALLOCATED: higher-priority demand consumed available inventory or budget.,15000
BLR02,MOD031,1.5325568181818183,1.0,2.1893668831168833,1.1893668831168833,0,0,0,0.0,15231.125000000007,0.5325568181818183,13846.477272727276,4115.923035714287,Mid-range,1.1,1.0,0.55,Bangalore,post_successor,EOL_HOLD,EOL HOLD: successor already launched; avoid additional predecessor inventory.,26000
DAV02,MOD013,0.35481785714285713,0.0,0.5068826530612245,0.5068826530612245,0,0,0,0.0,2115.047957357143,0.35481785714285713,4257.814285714286,4107.08766,Budget,1.3,1.0,0.55,Davangere,post_successor,EOL_HOLD,EOL HOLD: successor already launched; avoid additional predecessor inventory.,12000
MAN01,MOD013,0.45484305555555554,0.0,0.6497757936507936,0.6497757936507936,0,0,0,0.0,3475.6210471435184,0.45484305555555554,5458.116666666667,4049.9225666666666,Budget,1.0,1.0,0.55,Mangalore,post_successor,EOL_HOLD,EOL HOLD: successor already launched; avoid additional predecessor inventory.,12000
BLR03,MOD035,1.3934704545454544,1.0,1.9906720779220777,0.9906720779220777,0,0,0,0.0,13122.239659090903,0.3934704545454544,11410.643181818177,3997.7085696428567,Mid-range,1.1,1.0,0.55,Bangalore,post_successor,EOL_HOLD,EOL HOLD: successor already launched; avoid additional predecessor inventory.,29000
TUM02,MOD006,0.7140174107142857,0.0,1.0200248724489795,1.0200248724489795,0,0,0,0.0,5353.119059432896,0.7140174107142857,4998.121875,3973.5068906250003,Keypad,1.0,1.0,0.55,Tumkur,post_successor,EOL_HOLD,EOL HOLD: successor already launched; avoid additional predecessor inventory.,7000
BLR04,MOD037,1.3150229464285716,1.0,1.8786042091836739,0.8786042091836739,0,0,0,0.0,11592.844428571438,0.31502294642857165,10080.734285714292,3912.248822653064,Mid-range,1.1,1.0,0.55,Bangalore,post_successor,EOL_HOLD,EOL HOLD: successor already launched; avoid additional predecessor inventory.,32000
DAV01,MOD005,0.6577344642857144,0.0,0.9396206632653062,0.9396206632653062,0,0,0,0.0,4217.992598714853,0.6577344642857144,4275.274017857143,3908.6692708258934,Keypad,1.15,1.0,0.55,Davangere,post_successor,EOL_HOLD,EOL HOLD: successor already launched; avoid additional predecessor inventory.,6500
BLR03,MOD021,0.8558352272727271,1.0,1.222621753246753,0.22262175324675293,0,0,0,0.0,0.0,0.0,0.0,3908.347499999995,Budget,0.95,1.0,1.0,Bangalore,normal,NO_REPLENISHMENT_NEEDED,NOT ALLOCATED: higher-priority demand consumed available inventory or budget.,12000
UDU01,MOD010,0.6118874999999999,0.0,0.8741249999999999,0.8741249999999999,0,0,0,0.0,4492.875751874999,0.6118874999999999,4895.099999999999,3891.6044999999995,Keypad,1.0,1.0,0.55,Udupi,post_successor,EOL_HOLD,EOL HOLD: successor already launched; avoid additional predecessor inventory.,8000
BLR08,MOD015,1.541025974025974,2.0,2.201465677179963,0.201465677179963,0,0,0,0.0,0.0,0.0,0.0,3831.6757142857164,Budget,0.95,1.0,1.0,Bangalore,normal,NO_REPLENISHMENT_NEEDED,NOT ALLOCATED: higher-priority demand consumed available inventory or budget.,13000
BEL01,MOD007,0.6874368750000002,0.0,0.9820526785714289,0.9820526785714289,0,0,0,0.0,4961.979299652541,0.6874368750000002,4812.058125000001,3825.586209375001,Keypad,1.0,1.0,0.55,Belgaum,post_successor,EOL_HOLD,EOL HOLD: successor already launched; avoid additional predecessor inventory.,7000
HUB02,MOD017,0.3543357142857143,0.0,0.5061938775510205,0.5061938775510205,0,0,0,0.0,2548.742107892857,0.3543357142857143,5137.867857142857,3812.2979500000006,Budget,1.0,1.0,0.55,Hubli,post_successor,EOL_HOLD,EOL HOLD: successor already launched; avoid additional predecessor inventory.,14500
BLR07,MOD016,1.8825798214285716,1.0,2.689399744897959,1.6893997448979592,0,0,0,0.0,17298.564500000004,0.8825798214285716,12356.117500000002,3806.25141325,Budget,0.95,1.0,0.55,Bangalore,post_successor,EOL_HOLD,EOL HOLD: successor already launched; avoid additional predecessor inventory.,14000
TUM02,MOD014,0.407716875,0.0,0.5824526785714286,0.5824526785714286,0,0,0,0.0,2909.078377795898,0.407716875,5096.4609375,3781.5740156249994,Budget,1.0,1.0,0.55,Tumkur,post_successor,EOL_HOLD,EOL HOLD: successor already launched; avoid additional predecessor inventory.,12500
BEL01,MOD023,0.37616666666666665,0.0,0.5373809523809524,0.5373809523809524,0,0,0,0.0,2674.375725,0.37616666666666665,5078.25,3768.0615,Budget,1.0,1.0,0.55,Belgaum,post_successor,EOL_HOLD,EOL HOLD: successor already launched; avoid additional predecessor inventory.,13500
MAN01,MOD017,0.35000000000000003,0.0,0.5000000000000001,0.5000000000000001,0,0,0,0.0,2486.7500000000005,0.35000000000000003,5075.000000000001,3765.65,Budget,1.0,1.0,0.55,Mangalore,post_successor,EOL_HOLD,EOL HOLD: successor already launched; avoid additional predecessor inventory.,14500
BEL01,MOD020,0.4352785714285715,0.0,0.621826530612245,0.621826530612245,0,0,0,0.0,3050.425699392858,0.4352785714285715,5005.703571428572,3714.2320500000005,Budget,1.0,1.0,0.55,Belgaum,post_successor,EOL_HOLD,EOL HOLD: successor already launched; avoid additional predecessor inventory.,11500
DAV02,MOD009,0.5351290178571428,0.0,0.764470025510204,0.764470025510204,0,0,0,0.0,3221.5844897184406,0.5351290178571428,4013.467633928571,3669.312784319197,Keypad,1.15,1.0,0.55,Davangere,post_successor,EOL_HOLD,EOL HOLD: successor already launched; avoid additional predecessor inventory.,7500
BLR03,MOD032,1.4141889705882358,1.0,2.020269957983194,1.020269957983194,0,0,0,0.0,12301.412426470602,0.4141889705882358,11183.102205882366,3666.544148004205,Mid-range,1.1,1.0,0.55,Bangalore,post_successor,EOL_HOLD,EOL HOLD: successor already launched; avoid additional predecessor inventory.,27000
BLR03,MOD052,1.0103642857142856,1.0,1.4433775510204079,0.4433775510204079,0,0,0,0.0,704.771428571421,0.010364285714285604,880.9642857142763,3664.6928102040806,Premium,1.3,1.0,0.55,Bangalore,post_successor,EOL_HOLD,EOL HOLD: successor already launched; avoid additional predecessor inventory.,85000
MAN01,MOD016,0.35000000000000003,0.0,0.5000000000000001,0.5000000000000001,0,0,0,0.0,2401.0000000000005,0.35000000000000003,4900.000000000001,3635.8,Budget,1.0,1.0,0.55,Mangalore,post_successor,EOL_HOLD,EOL HOLD: successor already launched; avoid additional predecessor inventory.,14000
MYS01,MOD013,0.4046544642857143,0.0,0.578077806122449,0.578077806122449,0,0,0,0.0,2750.9199558348214,0.4046544642857143,4855.853571428572,3603.04335,Budget,1.0,1.0,0.55,Mysore,post_successor,EOL_HOLD,EOL HOLD: successor already launched; avoid additional predecessor inventory.,12000
BLR03,MOD016,0.36436428571428575,0.0,0.5205204081632654,0.5205204081632654,0,0,0,0.0,2602.1221210000003,0.36436428571428575,5101.1,3595.7653900000005,Budget,0.95,1.0,0.55,Bangalore,post_successor,EOL_HOLD,EOL HOLD: successor already launched; avoid additional predecessor inventory.,14000
BLR01,MOD017,0.35000000000000003,0.0,0.5000000000000001,0.5000000000000001,0,0,0,0.0,2486.7500000000005,0.35000000000000003,5075.000000000001,3577.3675,Budget,0.95,1.0,0.55,Bangalore,post_successor,EOL_HOLD,EOL HOLD: successor already launched; avoid additional predecessor inventory.,14500
BLR03,MOD017,0.35000000000000003,0.0,0.5000000000000001,0.5000000000000001,0,0,0,0.0,2486.7500000000005,0.35000000000000003,5075.000000000001,3577.3675,Budget,0.95,1.0,0.55,Bangalore,post_successor,EOL_HOLD,EOL HOLD: successor already launched; avoid additional predecessor inventory.,14500
BLR04,MOD017,0.35000000000000003,0.0,0.5000000000000001,0.5000000000000001,0,0,0,0.0,2486.7500000000005,0.35000000000000003,5075.000000000001,3577.3675,Budget,0.95,1.0,0.55,Bangalore,post_successor,EOL_HOLD,EOL HOLD: successor already launched; avoid additional predecessor inventory.,14500
BLR05,MOD017,0.35000000000000003,0.0,0.5000000000000001,0.5000000000000001,0,0,0,0.0,2486.7500000000005,0.35000000000000003,5075.000000000001,3577.3675,Budget,0.95,1.0,0.55,Bangalore,post_successor,EOL_HOLD,EOL HOLD: successor already launched; avoid additional predecessor inventory.,14500
DAV01,MOD011,0.483196875,0.0,0.6902812500000001,0.6902812500000001,0,0,0,0.0,2801.7506401171877,0.483196875,3865.5750000000003,3534.1019437500004,Keypad,1.15,1.0,0.55,Davangere,post_successor,EOL_HOLD,EOL HOLD: successor already launched; avoid additional predecessor inventory.,8000
TUM02,MOD020,0.41208750000000005,0.0,0.5886964285714287,0.5886964285714287,0,0,0,0.0,2734.0393332656254,0.41208750000000005,4739.00625,3516.342637500001,Budget,1.0,1.0,0.55,Tumkur,post_successor,EOL_HOLD,EOL HOLD: successor already launched; avoid additional predecessor inventory.,11500
MAN02,MOD023,0.35000000000000003,0.0,0.5000000000000001,0.5000000000000001,0,0,0,0.0,2315.25,0.35000000000000003,4725.0,3505.95,Budget,1.0,1.0,0.55,Mangalore,post_successor,EOL_HOLD,EOL HOLD: successor already launched; avoid additional predecessor inventory.,13500
BLR05,MOD047,1.2296613636363638,1.0,1.7566590909090911,0.7566590909090911,0,0,0,0.0,8956.79318181819,0.2296613636363638,11942.390909090918,3505.7529000000013,Flagship,1.2,1.0,0.55,Bangalore,post_successor,EOL_HOLD,EOL HOLD: successor already launched; avoid additional predecessor inventory.,52000
MYS01,MOD022,0.35000000000000003,0.0,0.5000000000000001,0.5000000000000001,0,0,0,0.0,2229.5,0.35000000000000003,4550.0,3376.1000000000004,Budget,1.0,1.0,0.55,Mysore,post_successor,EOL_HOLD,EOL HOLD: successor already launched; avoid additional predecessor inventory.,13000
BLR04,MOD023,0.35000000000000003,0.0,0.5000000000000001,0.5000000000000001,0,0,0,0.0,2315.25,0.35000000000000003,4725.0,3330.6524999999997,Budget,0.95,1.0,0.55,Bangalore,post_successor,EOL_HOLD,EOL HOLD: successor already launched; avoid additional predecessor inventory.,13500
BLR03,MOD011,0.613314642857143,0.0,0.8761637755102043,0.8761637755102043,0,0,0,0.0,4513.858213715818,0.613314642857143,4906.517142857144,3315.5789592857154,Keypad,0.85,1.0,0.55,Bangalore,post_successor,EOL_HOLD,EOL HOLD: successor already launched; avoid additional predecessor inventory.,8000
HUB01,MOD038,1.2446469642857145,1.0,1.7780670918367352,0.7780670918367352,0,0,0,0.0,9425.02429910715,0.24464696428571453,8195.673303571437,3297.253818431125,Mid-range,1.0,1.0,0.55,Hubli,post_successor,EOL_HOLD,EOL HOLD: successor already launched; avoid additional predecessor inventory.,33500
BEL01,MOD014,0.35547357142857144,0.0,0.507819387755102,0.507819387755102,0,0,0,0.0,2211.3255497232144,0.35547357142857144,4443.419642857143,3297.0173750000004,Budget,1.0,1.0,0.55,Belgaum,post_successor,EOL_HOLD,EOL HOLD: successor already launched; avoid additional predecessor inventory.,12500
MYS01,MOD014,0.3537571428571429,0.0,0.5053673469387755,0.5053673469387755,0,0,0,0.0,2190.0220321428574,0.3537571428571429,4421.964285714286,3281.0975,Budget,1.0,1.0,0.55,Mysore,post_successor,EOL_HOLD,EOL HOLD: successor already launched; avoid additional predecessor inventory.,12500
MAN01,MOD020,0.3781708333333333,0.0,0.5402440476190475,0.5402440476190475,0,0,0,0.0,2302.5121848628464,0.3781708333333333,4348.9645833333325,3226.931720833333,Budget,1.0,1.0,0.55,Mangalore,post_successor,EOL_HOLD,EOL HOLD: successor already launched; avoid additional predecessor inventory.,11500
BLR08,MOD025,1.3853989285714285,1.0,1.9791413265306121,0.9791413265306121,0,0,0,0.0,10174.531714285713,0.38539892857142855,9249.574285714285,3134.877619500001,Upper-mid,1.05,1.0,0.55,Bangalore,post_successor,EOL_HOLD,EOL HOLD: successor already launched; avoid additional predecessor inventory.,24000
TUM02,MOD012,2.956275974025974,4.0,4.223251391465677,0.22325139146567707,0,0,0,0.0,0.0,0.0,0.0,3131.1007653061215,Keypad,1.0,1.0,1.0,Tumkur,normal,NO_REPLENISHMENT_NEEDED,NOT ALLOCATED: higher-priority demand consumed available inventory or budget.,8500
TUM02,MOD001,0.5611347321428573,0.0,0.8016210459183676,0.8016210459183676,0,0,0,0.0,3306.15796997888,0.5611347321428573,3927.9431250000007,3122.714784375001,Keypad,1.0,1.0,0.55,Tumkur,post_successor,EOL_HOLD,EOL HOLD: successor already launched; avoid additional predecessor inventory.,7000
MAN02,MOD013,0.35000000000000003,0.0,0.5000000000000001,0.5000000000000001,0,0,0,0.0,2058.0,0.35000000000000003,4200.0,3116.4,Budget,1.0,1.0,0.55,Mangalore,post_successor,EOL_HOLD,EOL HOLD: successor already launched; avoid additional predecessor inventory.,12000
BLR04,MOD010,0.5745141964285715,0.0,0.8207345663265306,0.8207345663265306,0,0,0,0.0,3960.798742775607,0.5745141964285715,4596.113571428572,3105.823745892858,Keypad,0.85,1.0,0.55,Bangalore,post_successor,EOL_HOLD,EOL HOLD: successor already launched; avoid additional predecessor inventory.,8000
BLR07,MOD014,0.35000000000000003,0.0,0.5000000000000001,0.5000000000000001,0,0,0,0.0,2143.75,0.35000000000000003,4375.0,3083.937500000001,Budget,0.95,1.0,0.55,Bangalore,post_successor,EOL_HOLD,EOL HOLD: successor already launched; avoid additional predecessor inventory.,12500
BLR03,MOD033,0.7632150974025973,1.0,1.0903072820037105,0.09030728200371052,0,0,0,0.0,0.0,0.0,0.0,3059.6107142857127,Mid-range,1.1,1.0,1.0,Bangalore,normal,NO_REPLENISHMENT_NEEDED,NOT ALLOCATED: higher-priority demand consumed available inventory or budget.,28000
MYS01,MOD020,0.35587857142857143,0.0,0.5083979591836735,0.5083979591836735,0,0,0,0.0,2039.057877392857,0.35587857142857143,4092.6035714285713,3036.7118500000006,Budget,1.0,1.0,0.55,Mysore,post_successor,EOL_HOLD,EOL HOLD: successor already launched; avoid additional predecessor inventory.,11500
TUM01,MOD008,6.47158211143695,9.0,9.245117302052787,0.2451173020527868,0,0,0,0.0,0.0,0.0,0.0,3033.326612903237,Keypad,1.0,1.0,1.0,Tumkur,normal,NO_REPLENISHMENT_NEEDED,NOT ALLOCATED: higher-priority demand consumed available inventory or budget.,7500
UDU01,MOD020,0.35017964285714287,0.0,0.5002566326530612,0.5002566326530612,0,0,0,0.0,1974.2750945720536,0.35017964285714287,4027.065892857143,2988.0828925,Budget,1.0,1.0,0.55,Udupi,post_successor,EOL_HOLD,EOL HOLD: successor already launched; avoid additional predecessor inventory.,11500
KOP01,MOD020,0.35000000000000003,0.0,0.5000000000000001,0.5000000000000001,0,0,0,0.0,1972.2500000000002,0.35000000000000003,4025.0000000000005,2986.55,Budget,1.0,1.0,0.55,Koppal,post_successor,EOL_HOLD,EOL HOLD: successor already launched; avoid additional predecessor inventory.,11500
KAL01,MOD009,0.49834375,0.0,0.7119196428571428,0.7119196428571428,0,0,0,0.0,2793.898048095703,0.49834375,3737.578125,2971.374609375,Keypad,1.0,1.0,0.55,Kalaburagi,post_successor,EOL_HOLD,EOL HOLD: successor already launched; avoid additional predecessor inventory.,7500
BLR03,MOD013,0.35000000000000003,0.0,0.5000000000000001,0.5000000000000001,0,0,0,0.0,2058.0,0.35000000000000003,4200.0,2960.58,Budget,0.95,1.0,0.55,Bangalore,post_successor,EOL_HOLD,EOL HOLD: successor already launched; avoid additional predecessor inventory.,12000
DAV01,MOD009,0.42163151785714287,0.0,0.6023307397959183,0.6023307397959183,0,0,0,0.0,1999.9477895683294,0.42163151785714287,3162.2363839285713,2891.0746140066963,Keypad,1.15,1.0,0.55,Davangere,post_successor,EOL_HOLD,EOL HOLD: successor already launched; avoid additional predecessor inventory.,7500
BLR04,MOD024,2.197754132231405,3.0,3.139648760330579,0.13964876033057916,0,0,0,0.0,0.0,0.0,0.0,2860.2859090909224,Budget,0.95,1.0,1.0,Bangalore,normal,NO_REPLENISHMENT_NEEDED,NOT ALLOCATED: higher-priority demand consumed available inventory or budget.,14000
BLR04,MOD019,0.36427857142857145,0.0,0.5203979591836735,0.5203979591836735,0,0,0,0.0,2043.5627150714288,0.36427857142857145,4007.064285714286,2824.579615,Budget,0.95,1.0,0.55,Bangalore,post_successor,EOL_HOLD,EOL HOLD: successor already launched; avoid additional predecessor inventory.,11000
DAV01,MOD010,0.3860421428571429,0.0,0.5514887755102041,0.5514887755102041,0,0,0,0.0,1788.3424327408165,0.3860421428571429,3088.337142857143,2823.5122328571438,Keypad,1.15,1.0,0.55,Davangere,post_successor,EOL_HOLD,EOL HOLD: successor already launched; avoid additional predecessor inventory.,8000
DAV01,MOD002,0.4020975,0.0,0.574425,0.574425,0,0,0,0.0,1818.9269944453124,0.4020975,3015.73125,2757.1322953125,Keypad,1.15,1.0,0.55,Davangere,post_successor,EOL_HOLD,EOL HOLD: successor already launched; avoid additional predecessor inventory.,7500
UDU01,MOD007,0.49241383928571425,0.0,0.7034483418367347,0.7034483418367347,0,0,0,0.0,2545.949585761021,0.49241383928571425,3446.896875,2740.283015625,Keypad,1.0,1.0,0.55,Udupi,post_successor,EOL_HOLD,EOL HOLD: successor already launched; avoid additional predecessor inventory.,7000
DAV01,MOD001,0.4218,0.0,0.6025714285714285,0.6025714285714285,0,0,0,0.0,1868.11002,0.4218,2952.6,2699.41455,Keypad,1.15,1.0,0.55,Davangere,post_successor,EOL_HOLD,EOL HOLD: successor already launched; avoid additional predecessor inventory.,7000
DAV02,MOD007,0.41283080357142854,0.0,0.5897582908163265,0.5897582908163265,0,0,0,0.0,1789.50735996303,0.41283080357142854,2889.8156249999997,2642.0139351562498,Keypad,1.15,1.0,0.55,Davangere,post_successor,EOL_HOLD,EOL HOLD: successor already launched; avoid additional predecessor inventory.,7000
BLR01,MOD048,4.942207317073171,7.0,7.060296167247387,0.060296167247386734,0,0,0,0.0,0.0,0.0,0.0,2637.3543554006956,Flagship,1.2,1.0,1.0,Bangalore,normal,NO_REPLENISHMENT_NEEDED,NOT ALLOCATED: higher-priority demand consumed available inventory or budget.,54000
MAN02,MOD007,0.47025972222222223,0.0,0.6717996031746031,0.6717996031746031,0,0,0,0.0,2322.014166617477,0.47025972222222223,3291.8180555555555,2616.995354166667,Keypad,1.0,1.0,0.55,Mangalore,post_successor,EOL_HOLD,EOL HOLD: successor already launched; avoid additional predecessor inventory.,7000
TUM01,MOD021,4.998964285714285,7.0,7.141377551020407,0.1413775510204074,0,0,0,0.0,0.0,0.0,0.0,2612.6571428571287,Budget,1.0,1.0,1.0,Tumkur,normal,NO_REPLENISHMENT_NEEDED,NOT ALLOCATED: higher-priority demand consumed available inventory or budget.,12000
MYS02,MOD036,0.7522232142857143,1.0,1.0746045918367346,0.07460459183673462,0,0,0,0.0,0.0,0.0,0.0,2573.8584183673443,Mid-range,1.0,1.0,1.0,Mysore,normal,NO_REPLENISHMENT_NEEDED,NOT ALLOCATED: higher-priority demand consumed available inventory or budget.,30000
BLR02,MOD038,2.485458482142857,3.0,3.5506549744897957,0.5506549744897957,0,0,0,0.0,0.0,0.0,0.0,2566.8919299585455,Mid-range,1.1,1.0,0.55,Bangalore,post_successor,EOL_HOLD,EOL HOLD: successor already launched; avoid additional predecessor inventory.,33500
BLR05,MOD040,1.0647575892857144,1.0,1.5210822704081635,0.5210822704081635,0,0,0,0.0,2606.4929687500044,0.0647575892857144,2266.515625000004,2537.8009274553583,Mid-range,1.1,1.0,0.55,Bangalore,post_successor,EOL_HOLD,EOL HOLD: successor already launched; avoid additional predecessor inventory.,35000
TUM02,MOD010,0.3972808928571429,0.0,0.5675441326530614,0.5675441326530614,0,0,0,0.0,1893.9852939524242,0.3972808928571429,3178.2471428571434,2526.706478571429,Keypad,1.0,1.0,0.55,Tumkur,post_successor,EOL_HOLD,EOL HOLD: successor already launched; avoid additional predecessor inventory.,8000
TUM02,MOD009,0.42056116071428573,0.0,0.6008016581632653,0.6008016581632653,0,0,0,0.0,1989.8065113901566,0.42056116071428573,3154.208705357143,2507.5959207589285,Keypad,1.0,1.0,0.55,Tumkur,post_successor,EOL_HOLD,EOL HOLD: successor already launched; avoid additional predecessor inventory.,7500
CHI01,MOD027,2.860412337662338,4.0,4.086303339517626,0.08630333951762559,0,0,0,0.0,0.0,0.0,0.0,2468.275510204092,Mid-range,1.0,1.0,1.0,Chitradurga,normal,NO_REPLENISHMENT_NEEDED,NOT ALLOCATED: higher-priority demand consumed available inventory or budget.,26000
TUM02,MOD011,0.37940416666666665,0.0,0.5420059523809524,0.5420059523809524,0,0,0,0.0,1727.3702602083333,0.37940416666666665,3035.233333333333,2413.0105000000003,Keypad,1.0,1.0,0.55,Tumkur,post_successor,EOL_HOLD,EOL HOLD: successor already launched; avoid additional predecessor inventory.,8000
BLR01,MOD006,0.5016407142857143,0.0,0.7166295918367347,0.7166295918367347,0,0,0,0.0,2642.255765405357,0.5016407142857143,3511.485,2372.8859887500003,Keypad,0.85,1.0,0.55,Bangalore,post_successor,EOL_HOLD,EOL HOLD: successor already launched; avoid additional predecessor inventory.,7000
BLR06,MOD022,1.4858341071428571,1.0,2.1226201530612245,1.1226201530612245,0,0,0,0.0,8842.18075,0.48583410714285713,6315.843392857143,2348.622396017857,Budget,0.95,1.0,0.55,Bangalore,post_successor,EOL_HOLD,EOL HOLD: successor already launched; avoid additional predecessor inventory.,13000
BLR08,MOD053,0.8895416666666668,1.0,1.2707738095238097,0.2707738095238097,0,0,0,0.0,0.0,0.0,0.0,2330.2090035714305,Premium,1.3,1.0,0.55,Bangalore,post_successor,EOL_HOLD,EOL HOLD: successor already launched; avoid additional predecessor inventory.,88500
BLR04,MOD043,1.0325378571428574,1.0,1.4750540816326534,0.4750540816326534,0,0,0,0.0,1309.64875000001,0.032537857142857396,1138.825000000009,2313.6321410714304,Mid-range,1.1,1.0,0.55,Bangalore,post_successor,EOL_HOLD,EOL HOLD: successor already launched; avoid additional predecessor inventory.,35000
BLR02,MOD032,1.84329375,2.0,2.633276785714286,0.633276785714286,0,0,0,0.0,0.0,0.0,0.0,2275.80678482143,Mid-range,1.1,1.0,0.55,Bangalore,post_successor,EOL_HOLD,EOL HOLD: successor already launched; avoid additional predecessor inventory.,27000
TUM02,MOD007,0.407716875,0.0,0.5824526785714286,0.5824526785714286,0,0,0,0.0,1745.447026677539,0.407716875,2854.018125,2268.944409375,Keypad,1.0,1.0,0.55,Tumkur,post_successor,EOL_HOLD,EOL HOLD: successor already launched; avoid additional predecessor inventory.,7000
DAV02,MOD001,0.35000000000000003,0.0,0.5000000000000001,0.5000000000000001,0,0,0,0.0,1286.2500000000005,0.35000000000000003,2450.0000000000005,2239.9125000000004,Keypad,1.15,1.0,0.55,Davangere,post_successor,EOL_HOLD,EOL HOLD: successor already launched; avoid additional predecessor inventory.,7000
KOP01,MOD013,2.170595089285714,2.0,3.10085012755102,1.1008501275510199,0,0,0,0.0,2865.997499999995,0.17059508928571399,2047.1410714285678,2237.808139285713,Budget,1.0,1.0,0.55,Koppal,post_successor,EOL_HOLD,EOL HOLD: successor already launched; avoid additional predecessor inventory.,12000
MYS01,MOD010,0.35000000000000003,0.0,0.5000000000000001,0.5000000000000001,0,0,0,0.0,1470.0000000000005,0.35000000000000003,2800.0000000000005,2226.0000000000005,Keypad,1.0,1.0,0.55,Mysore,post_successor,EOL_HOLD,EOL HOLD: successor already launched; avoid additional predecessor inventory.,8000
UDU01,MOD011,0.35000000000000003,0.0,0.5000000000000001,0.5000000000000001,0,0,0,0.0,1470.0000000000005,0.35000000000000003,2800.0000000000005,2226.0000000000005,Keypad,1.0,1.0,0.55,Udupi,post_successor,EOL_HOLD,EOL HOLD: successor already launched; avoid additional predecessor inventory.,8000
SHI01,MOD034,1.1388600000000002,1.0,1.6269428571428575,0.6269428571428575,0,0,0,0.0,4471.292000000007,0.1388600000000002,3888.080000000006,2220.631600000001,Mid-range,1.0,1.0,0.55,Shivamogga,post_successor,EOL_HOLD,EOL HOLD: successor already launched; avoid additional predecessor inventory.,28000
HOS01,MOD014,1.430621517857143,1.0,2.0437450255102045,1.0437450255102045,0,0,0,0.0,7535.876562500004,0.4306215178571431,5382.768973214289,2210.1300915178585,Budget,1.0,1.0,0.55,Hassan,post_successor,EOL_HOLD,EOL HOLD: successor already launched; avoid additional predecessor inventory.,12500
BLR08,MOD004,3.931706493506493,4.0,5.616723562152133,1.6167235621521332,0,0,0,0.0,0.0,0.0,0.0,2176.7566040816328,Keypad,0.85,1.0,0.6,Bangalore,post_successor,EOL_HOLD,EOL HOLD: successor already launched; avoid additional predecessor inventory.,8000
SHI01,MOD009,0.35695000000000005,0.0,0.5099285714285715,0.5099285714285715,0,0,0,0.0,1433.3996531250004,0.35695000000000005,2677.1250000000005,2128.314375000001,Keypad,1.0,1.0,0.55,Shivamogga,post_successor,EOL_HOLD,EOL HOLD: successor already launched; avoid additional predecessor inventory.,7500
HOS01,MOD002,0.35000000000000003,0.0,0.5000000000000001,0.5000000000000001,0,0,0,0.0,1378.1250000000005,0.35000000000000003,2625.0000000000005,2086.8750000000005,Keypad,1.0,1.0,0.55,Hassan,post_successor,EOL_HOLD,EOL HOLD: successor already launched; avoid additional predecessor inventory.,7500
HUB01,MOD002,0.35000000000000003,0.0,0.5000000000000001,0.5000000000000001,0,0,0,0.0,1378.1250000000005,0.35000000000000003,2625.0000000000005,2086.8750000000005,Keypad,1.0,1.0,0.55,Hubli,post_successor,EOL_HOLD,EOL HOLD: successor already launched; avoid additional predecessor inventory.,7500
MAN01,MOD009,0.35000000000000003,0.0,0.5000000000000001,0.5000000000000001,0,0,0,0.0,1378.1250000000005,0.35000000000000003,2625.0000000000005,2086.8750000000005,Keypad,1.0,1.0,0.55,Mangalore,post_successor,EOL_HOLD,EOL HOLD: successor already launched; avoid additional predecessor inventory.,7500
MYS01,MOD009,0.35000000000000003,0.0,0.5000000000000001,0.5000000000000001,0,0,0,0.0,1378.1250000000005,0.35000000000000003,2625.0000000000005,2086.8750000000005,Keypad,1.0,1.0,0.55,Mysore,post_successor,EOL_HOLD,EOL HOLD: successor already launched; avoid additional predecessor inventory.,7500
TUM02,MOD002,0.35000000000000003,0.0,0.5000000000000001,0.5000000000000001,0,0,0,0.0,1378.1250000000005,0.35000000000000003,2625.0000000000005,2086.8750000000005,Keypad,1.0,1.0,0.55,Tumkur,post_successor,EOL_HOLD,EOL HOLD: successor already launched; avoid additional predecessor inventory.,7500
BLR03,MOD010,0.37881723214285723,0.0,0.541167474489796,0.541167474489796,0,0,0,0.0,1722.0299444205045,0.37881723214285723,3030.537857142858,2047.8859569642862,Keypad,0.85,1.0,0.55,Bangalore,post_successor,EOL_HOLD,EOL HOLD: successor already launched; avoid additional predecessor inventory.,8000
BLR01,MOD047,1.706706617647059,2.0,2.43815231092437,0.4381523109243699,0,0,0,0.0,0.0,0.0,0.0,2030.0472869747907,Flagship,1.2,1.0,0.55,Bangalore,post_successor,EOL_HOLD,EOL HOLD: successor already launched; avoid additional predecessor inventory.,52000
BLR02,MOD010,0.3639785714285715,0.0,0.5199693877551022,0.5199693877551022,0,0,0,0.0,1589.7648055102047,0.3639785714285715,2911.828571428572,1967.6681571428578,Keypad,0.85,1.0,0.55,Bangalore,post_successor,EOL_HOLD,EOL HOLD: successor already launched; avoid additional predecessor inventory.,8000
BLR02,MOD012,1.5148076298701296,2.0,2.1640108998144707,0.1640108998144707,0,0,0,0.0,0.0,0.0,0.0,1955.214939413259,Keypad,0.85,1.0,1.0,Bangalore,normal,NO_REPLENISHMENT_NEEDED,NOT ALLOCATED: higher-priority demand consumed available inventory or budget.,8500
BEL01,MOD001,0.35000000000000003,0.0,0.5000000000000001,0.5000000000000001,0,0,0,0.0,1286.2500000000005,0.35000000000000003,2450.0000000000005,1947.7500000000005,Keypad,1.0,1.0,0.55,Belgaum,post_successor,EOL_HOLD,EOL HOLD: successor already launched; avoid additional predecessor inventory.,7000
BEL01,MOD006,0.35000000000000003,0.0,0.5000000000000001,0.5000000000000001,0,0,0,0.0,1286.2500000000005,0.35000000000000003,2450.0000000000005,1947.7500000000005,Keypad,1.0,1.0,0.55,Belgaum,post_successor,EOL_HOLD,EOL HOLD: successor already launched; avoid additional predecessor inventory.,7000
MYS01,MOD001,0.35000000000000003,0.0,0.5000000000000001,0.5000000000000001,0,0,0,0.0,1286.2500000000005,0.35000000000000003,2450.0000000000005,1947.7500000000005,Keypad,1.0,1.0,0.55,Mysore,post_successor,EOL_HOLD,EOL HOLD: successor already launched; avoid additional predecessor inventory.,7000
BLR01,MOD010,0.35000000000000003,0.0,0.5000000000000001,0.5000000000000001,0,0,0,0.0,1470.0000000000005,0.35000000000000003,2800.0000000000005,1892.1000000000004,Keypad,0.85,1.0,0.55,Bangalore,post_successor,EOL_HOLD,EOL HOLD: successor already launched; avoid additional predecessor inventory.,8000
BLR01,MOD011,0.35000000000000003,0.0,0.5000000000000001,0.5000000000000001,0,0,0,0.0,1470.0000000000005,0.35000000000000003,2800.0000000000005,1892.1000000000004,Keypad,0.85,1.0,0.55,Bangalore,post_successor,EOL_HOLD,EOL HOLD: successor already launched; avoid additional predecessor inventory.,8000
BLR07,MOD011,0.35000000000000003,0.0,0.5000000000000001,0.5000000000000001,0,0,0,0.0,1470.0000000000005,0.35000000000000003,2800.0000000000005,1892.1000000000004,Keypad,0.85,1.0,0.55,Bangalore,post_successor,EOL_HOLD,EOL HOLD: successor already launched; avoid additional predecessor inventory.,8000
BLR05,MOD005,0.4201647321428571,0.0,0.6002353316326531,0.6002353316326531,0,0,0,0.0,1721.2494208326189,0.4201647321428571,2731.070758928571,1845.5210653459822,Keypad,0.85,1.0,0.55,Bangalore,post_successor,EOL_HOLD,EOL HOLD: successor already launched; avoid additional predecessor inventory.,6500
BLR03,MOD003,0.35000000000000003,0.0,0.5000000000000001,0.5000000000000001,0,0,0,0.0,1378.1250000000005,0.35000000000000003,2625.0000000000005,1826.4375000000002,Keypad,0.85,1.0,0.6,Bangalore,post_successor,EOL_HOLD,EOL HOLD: successor already launched; avoid additional predecessor inventory.,7500
BLR02,MOD006,0.38390142857142856,0.0,0.548430612244898,0.548430612244898,0,0,0,0.0,1547.4932220214287,0.38390142857142856,2687.31,1815.9497325,Keypad,0.85,1.0,0.55,Bangalore,post_successor,EOL_HOLD,EOL HOLD: successor already launched; avoid additional predecessor inventory.,7000
HUB01,MOD007,2.396886428571429,2.0,3.4241234693877556,1.4241234693877556,0,0,0,0.0,4167.3075000000035,0.39688642857142886,2778.205000000002,1809.348867857144,Keypad,1.0,1.0,0.55,Hubli,post_successor,EOL_HOLD,EOL HOLD: successor already launched; avoid additional predecessor inventory.,7000
MAN01,MOD005,0.35000000000000003,0.0,0.5000000000000001,0.5000000000000001,0,0,0,0.0,1194.3750000000002,0.35000000000000003,2275.0,1808.6250000000005,Keypad,1.0,1.0,0.55,Mangalore,post_successor,EOL_HOLD,EOL HOLD: successor already launched; avoid additional predecessor inventory.,6500
BLR02,MOD017,1.2424170535714285,1.0,1.7748815051020408,0.7748815051020408,0,0,0,0.0,4921.066187499998,0.2424170535714285,3515.047276785713,1808.1743689330358,Budget,0.95,1.0,0.55,Bangalore,post_successor,EOL_HOLD,EOL HOLD: successor already launched; avoid additional predecessor inventory.,14500
DAV01,MOD014,1.154647767857143,1.0,1.6494968112244899,0.6494968112244899,0,0,0,0.0,2706.3359375000014,0.15464776785714296,1933.097098214287,1787.9023470982152,Budget,1.3,1.0,0.55,Davangere,post_successor,EOL_HOLD,EOL HOLD: successor already launched; avoid additional predecessor inventory.,12500
BLR07,MOD009,0.35000000000000003,0.0,0.5000000000000001,0.5000000000000001,0,0,0,0.0,1378.1250000000005,0.35000000000000003,2625.0000000000005,1773.8437500000002,Keypad,0.85,1.0,0.55,Bangalore,post_successor,EOL_HOLD,EOL HOLD: successor already launched; avoid additional predecessor inventory.,7500
BLR03,MOD001,0.35746428571428573,0.0,0.5106632653061225,0.5106632653061225,0,0,0,0.0,1341.6975133928572,0.35746428571428573,2502.25,1690.8954375000003,Keypad,0.85,1.0,0.55,Bangalore,post_successor,EOL_HOLD,EOL HOLD: successor already launched; avoid additional predecessor inventory.,7000
BLR04,MOD001,0.35000000000000003,0.0,0.5000000000000001,0.5000000000000001,0,0,0,0.0,1286.2500000000005,0.35000000000000003,2450.0000000000005,1655.5875000000003,Keypad,0.85,1.0,0.55,Bangalore,post_successor,EOL_HOLD,EOL HOLD: successor already launched; avoid additional predecessor inventory.,7000
BLR05,MOD007,0.35000000000000003,0.0,0.5000000000000001,0.5000000000000001,0,0,0,0.0,1286.2500000000005,0.35000000000000003,2450.0000000000005,1655.5875000000003,Keypad,0.85,1.0,0.55,Bangalore,post_successor,EOL_HOLD,EOL HOLD: successor already launched; avoid additional predecessor inventory.,7000
BLR03,MOD005,0.36938821428571433,0.0,0.5276974489795919,0.5276974489795919,0,0,0,0.0,1330.364615318591,0.36938821428571433,2401.0233928571433,1622.4915577232148,Keypad,0.85,1.0,0.55,Bangalore,post_successor,EOL_HOLD,EOL HOLD: successor already launched; avoid additional predecessor inventory.,6500
BLR05,MOD012,4.29260064935065,6.0,6.1322866419294995,0.13228664192949946,0,0,0,0.0,0.0,0.0,0.0,1577.0221301020454,Keypad,0.85,1.0,1.0,Bangalore,normal,NO_REPLENISHMENT_NEEDED,NOT ALLOCATED: higher-priority demand consumed available inventory or budget.,8500
KOP01,MOD023,1.175252142857143,1.0,1.6789316326530614,0.6789316326530614,0,0,0,0.0,3312.2655000000013,0.17525214285714297,2365.9039285714302,1552.6487507142865,Budget,1.0,1.0,0.55,Koppal,post_successor,EOL_HOLD,EOL HOLD: successor already launched; avoid additional predecessor inventory.,13500
SHI01,MOD003,2.8246725,3.0,4.035246428571429,1.035246428571429,0,0,0,0.0,0.0,0.0,0.0,1537.340946428572,Keypad,1.0,1.0,0.6,Shivamogga,post_successor,EOL_HOLD,EOL HOLD: successor already launched; avoid additional predecessor inventory.,7500
BLR08,MOD012,3.5893003246753246,5.0,5.127571892393321,0.12757189239332067,0,0,0,0.0,0.0,0.0,0.0,1520.8164221938744,Keypad,0.85,1.0,1.0,Bangalore,normal,NO_REPLENISHMENT_NEEDED,NOT ALLOCATED: higher-priority demand consumed available inventory or budget.,8500
BLR08,MOD032,0.9945401785714286,1.0,1.4207716836734696,0.4207716836734696,0,0,0,0.0,0.0,0.0,0.0,1512.1271996173482,Mid-range,1.1,1.0,0.55,Bangalore,post_successor,EOL_HOLD,EOL HOLD: successor already launched; avoid additional predecessor inventory.,27000
HUB01,MOD044,0.9230938392857144,1.0,1.3187054846938777,0.3187054846938777,0,0,0,0.0,0.0,0.0,0.0,1471.5428992028071,Mid-range,1.0,1.0,0.55,Hubli,post_successor,EOL_HOLD,EOL HOLD: successor already launched; avoid additional predecessor inventory.,36500
HUB02,MOD031,1.0258250000000002,1.0,1.465464285714286,0.4654642857142861,0,0,0,0.0,738.5950000000059,0.02582500000000021,671.4500000000054,1464.3506428571445,Mid-range,1.0,1.0,0.55,Hubli,post_successor,EOL_HOLD,EOL HOLD: successor already launched; avoid additional predecessor inventory.,26000
BLR02,MOD004,1.4604536688311687,1.0,2.0863623840445267,1.0863623840445267,0,0,0,0.0,5525.444025974024,0.46045366883116867,3683.6293506493494,1462.6783138775509,Keypad,0.85,1.0,0.6,Bangalore,post_successor,EOL_HOLD,EOL HOLD: successor already launched; avoid additional predecessor inventory.,8000
BLR05,MOD041,0.8943428571428572,1.0,1.2776326530612248,0.27763265306122475,0,0,0,0.0,0.0,0.0,0.0,1410.0893040816345,Mid-range,1.1,1.0,0.55,Bangalore,post_successor,EOL_HOLD,EOL HOLD: successor already launched; avoid additional predecessor inventory.,36500
MYS01,MOD044,0.9102495535714288,1.0,1.3003565051020411,0.30035650510204115,0,0,0,0.0,0.0,0.0,0.0,1386.8210731823997,Mid-range,1.0,1.0,0.55,Mysore,post_successor,EOL_HOLD,EOL HOLD: successor already launched; avoid additional predecessor inventory.,36500
BLR01,MOD046,0.9133714285714285,1.0,1.3048163265306123,0.3048163265306123,0,0,0,0.0,0.0,0.0,0.0,1357.9567346938782,Flagship,1.2,1.0,0.55,Bangalore,post_successor,EOL_HOLD,EOL HOLD: successor already launched; avoid additional predecessor inventory.,50000
KOP01,MOD034,0.957375,1.0,1.3676785714285715,0.3676785714285715,0,0,0,0.0,0.0,0.0,0.0,1302.3175000000003,Mid-range,1.0,1.0,0.55,Koppal,post_successor,EOL_HOLD,EOL HOLD: successor already launched; avoid additional predecessor inventory.,28000
KOP01,MOD042,1.4203314935064932,2.0,2.0290449907235617,0.029044990723561703,0,0,0,0.0,0.0,0.0,0.0,1269.2660946196465,Mid-range,1.0,1.0,1.0,Koppal,normal,NO_REPLENISHMENT_NEEDED,NOT ALLOCATED: higher-priority demand consumed available inventory or budget.,38000
BLR07,MOD031,0.9552403846153846,1.0,1.3646291208791208,0.3646291208791208,0,0,0,0.0,0.0,0.0,0.0,1261.835535714286,Mid-range,1.1,1.0,0.55,Bangalore,post_successor,EOL_HOLD,EOL HOLD: successor already launched; avoid additional predecessor inventory.,26000
BLR05,MOD058,0.7942941964285715,1.0,1.1347059948979592,0.1347059948979592,0,0,0,0.0,0.0,0.0,0.0,1244.3870396683678,Premium,1.3,1.0,0.55,Bangalore,post_successor,EOL_HOLD,EOL HOLD: successor already launched; avoid additional predecessor inventory.,95000
DAV01,MOD013,1.025032142857143,1.0,1.4643316326530613,0.4643316326530613,0,0,0,0.0,420.5400000000015,0.025032142857142947,300.3857142857154,1227.0613457142863,Budget,1.3,1.0,0.55,Davangere,post_successor,EOL_HOLD,EOL HOLD: successor already launched; avoid additional predecessor inventory.,12000
DAV01,MOD036,0.7258246753246753,1.0,1.0368923933209648,0.036892393320964834,0,0,0,0.0,0.0,0.0,0.0,1209.1481910946222,Mid-range,0.95,1.0,1.0,Davangere,normal,NO_REPLENISHMENT_NEEDED,NOT ALLOCATED: higher-priority demand consumed available inventory or budget.,30000
HUB02,MOD003,2.663437792207792,3.0,3.8049111317254165,0.8049111317254165,0,0,0,0.0,0.0,0.0,0.0,1195.2930306122435,Keypad,1.0,1.0,0.6,Hubli,post_successor,EOL_HOLD,EOL HOLD: successor already launched; avoid additional predecessor inventory.,7500
TUM02,MOD022,1.0773144642857142,1.0,1.539020663265306,0.5390206632653061,0,0,0,0.0,1407.1232499999983,0.0773144642857142,1005.0880357142846,1187.0313046428573,Budget,1.0,1.0,0.55,Tumkur,post_successor,EOL_HOLD,EOL HOLD: successor already launched; avoid additional predecessor inventory.,13000
CHI01,MOD038,1.5924238392857144,2.0,2.274891198979592,0.27489119897959213,0,0,0,0.0,0.0,0.0,0.0,1164.9201784757668,Mid-range,1.0,1.0,0.55,Chitradurga,post_successor,EOL_HOLD,EOL HOLD: successor already launched; avoid additional predecessor inventory.,33500
BLR06,MOD023,1.0718714999999999,1.0,1.531245,0.531245,0,0,0,0.0,1358.3713499999976,0.07187149999999987,970.2652499999982,1154.158980975,Budget,0.95,1.0,0.55,Bangalore,post_successor,EOL_HOLD,EOL HOLD: successor already launched; avoid additional predecessor inventory.,13500
TUM01,MOD003,1.9343947214076245,2.0,2.763421030582321,0.7634210305823208,0,0,0,0.0,0.0,0.0,0.0,1133.6802304147466,Keypad,1.0,1.0,0.6,Tumkur,post_successor,EOL_HOLD,EOL HOLD: successor already launched; avoid additional predecessor inventory.,7500
BLR04,MOD047,2.9657812500000005,4.0,4.236830357142858,0.23683035714285783,0,0,0,0.0,0.0,0.0,0.0,1097.282410714289,Flagship,1.2,1.0,0.55,Bangalore,post_successor,EOL_HOLD,EOL HOLD: successor already launched; avoid additional predecessor inventory.,52000
BLR05,MOD044,0.8456713392857143,1.0,1.2081019132653061,0.20810191326530614,0,0,0,0.0,0.0,0.0,0.0,1056.9444149266583,Mid-range,1.1,1.0,0.55,Bangalore,post_successor,EOL_HOLD,EOL HOLD: successor already launched; avoid additional predecessor inventory.,36500
KOP01,MOD019,1.7850881250000001,2.0,2.550125892857143,0.5501258928571429,0,0,0,0.0,0.0,0.0,0.0,1025.1045887500002,Budget,1.0,1.0,0.55,Koppal,post_successor,EOL_HOLD,EOL HOLD: successor already launched; avoid additional predecessor inventory.,11000
SHI01,MOD022,1.0161125000000002,1.0,1.451589285714286,0.451589285714286,0,0,0,0.0,293.2475000000035,0.016112500000000196,209.46250000000254,994.4899250000009,Budget,1.0,1.0,0.55,Shivamogga,post_successor,EOL_HOLD,EOL HOLD: successor already launched; avoid additional predecessor inventory.,13000
CHI01,MOD006,1.2321,1.0,1.760142857142857,0.760142857142857,0,0,0,0.0,2437.0499999999993,0.23209999999999997,1624.6999999999998,965.7614999999998,Keypad,1.0,1.0,0.55,Chitradurga,post_successor,EOL_HOLD,EOL HOLD: successor already launched; avoid additional predecessor inventory.,7000
MYS02,MOD016,0.9808931250000001,1.0,1.401275892857143,0.40127589285714294,0,0,0,0.0,0.0,0.0,0.0,951.6659075000002,Budget,1.0,1.0,0.55,Mysore,post_successor,EOL_HOLD,EOL HOLD: successor already launched; avoid additional predecessor inventory.,14000
BLR06,MOD060,0.706760064935065,1.0,1.0096572356215214,0.009657235621521432,0,0,0,0.0,0.0,0.0,0.0,875.0421196660569,Premium,1.3,1.0,1.0,Bangalore,normal,NO_REPLENISHMENT_NEEDED,NOT ALLOCATED: higher-priority demand consumed available inventory or budget.,102500
BLR01,MOD021,2.1325154220779217,3.0,3.0464506029684597,0.04645060296845971,0,0,0,0.0,0.0,0.0,0.0,815.4867857142787,Budget,0.95,1.0,1.0,Bangalore,normal,NO_REPLENISHMENT_NEEDED,NOT ALLOCATED: higher-priority demand consumed available inventory or budget.,12000
BLR08,MOD014,0.9788316964285715,1.0,1.3983309948979592,0.3983309948979592,0,0,0,0.0,0.0,0.0,0.0,801.2925876116072,Budget,0.95,1.0,0.55,Bangalore,post_successor,EOL_HOLD,EOL HOLD: successor already launched; avoid additional predecessor inventory.,12500
BLR08,MOD059,0.7576344642857145,1.0,1.082334948979592,0.08233494897959193,0,0,0,0.0,0.0,0.0,0.0,792.6187934387766,Premium,1.3,1.0,0.55,Bangalore,post_successor,EOL_HOLD,EOL HOLD: successor already launched; avoid additional predecessor inventory.,99000
MAN02,MOD014,1.6619970535714288,2.0,2.374281505102041,0.37428150510204095,0,0,0,0.0,0.0,0.0,0.0,792.5410870535719,Budget,1.0,1.0,0.55,Mangalore,post_successor,EOL_HOLD,EOL HOLD: successor already launched; avoid additional predecessor inventory.,12500
BEL01,MOD022,0.9514886363636363,1.0,1.3592694805194807,0.3592694805194807,0,0,0,0.0,0.0,0.0,0.0,791.1832500000006,Budget,1.0,1.0,0.55,Belgaum,post_successor,EOL_HOLD,EOL HOLD: successor already launched; avoid additional predecessor inventory.,13000
DAV01,MOD007,1.7709058928571433,2.0,2.5298655612244905,0.5298655612244905,0,0,0,0.0,0.0,0.0,0.0,774.1733248660724,Keypad,1.15,1.0,0.55,Davangere,post_successor,EOL_HOLD,EOL HOLD: successor already launched; avoid additional predecessor inventory.,7000
MAN01,MOD041,0.8071384821428572,1.0,1.153054974489796,0.153054974489796,0,0,0,0.0,0.0,0.0,0.0,706.6930809630106,Mid-range,1.0,1.0,0.55,Mangalore,post_successor,EOL_HOLD,EOL HOLD: successor already launched; avoid additional predecessor inventory.,36500
BLR07,MOD004,3.1412454545454533,4.0,4.487493506493505,0.48749350649350465,0,0,0,0.0,0.0,0.0,0.0,656.3612571428547,Keypad,0.85,1.0,0.6,Bangalore,post_successor,EOL_HOLD,EOL HOLD: successor already launched; avoid additional predecessor inventory.,8000
BLR06,MOD013,0.9342037500000001,1.0,1.334576785714286,0.33457678571428606,0,0,0,0.0,0.0,0.0,0.0,646.1213055000007,Budget,0.95,1.0,0.55,Bangalore,post_successor,EOL_HOLD,EOL HOLD: successor already launched; avoid additional predecessor inventory.,12000
UDU01,MOD003,1.6968584415584413,2.0,2.4240834879406306,0.42408348794063055,0,0,0,0.0,0.0,0.0,0.0,629.7639795918365,Keypad,1.0,1.0,0.6,Udupi,post_successor,EOL_HOLD,EOL HOLD: successor already launched; avoid additional predecessor inventory.,7500
MAN01,MOD010,0.97902,1.0,1.3986,0.39860000000000007,0,0,0,0.0,0.0,0.0,0.0,578.7672000000002,Keypad,1.0,1.0,0.55,Mangalore,post_successor,EOL_HOLD,EOL HOLD: successor already launched; avoid additional predecessor inventory.,8000
BLR03,MOD038,0.7866704545454546,1.0,1.1238149350649351,0.12381493506493513,0,0,0,0.0,0.0,0.0,0.0,577.1664151785718,Mid-range,1.1,1.0,0.55,Bangalore,post_successor,EOL_HOLD,EOL HOLD: successor already launched; avoid additional predecessor inventory.,33500
KAL01,MOD006,1.0126437499999998,1.0,1.4466339285714283,0.44663392857142825,0,0,0,0.0,132.75937499999836,0.012643749999999843,88.5062499999989,567.4484062499997,Keypad,1.0,1.0,0.55,Kalaburagi,post_successor,EOL_HOLD,EOL HOLD: successor already launched; avoid additional predecessor inventory.,7000
DAV01,MOD017,0.8189124107142858,1.0,1.1698748724489796,0.16987487244897959,0,0,0,0.0,0.0,0.0,0.0,542.4427439553573,Budget,1.3,1.0,0.55,Davangere,post_successor,EOL_HOLD,EOL HOLD: successor already launched; avoid additional predecessor inventory.,14500
BLR02,MOD024,2.1179265734265735,3.0,3.0256093906093904,0.02560939060939038,0,0,0,0.0,0.0,0.0,0.0,524.5315384615338,Budget,0.95,1.0,1.0,Bangalore,normal,NO_REPLENISHMENT_NEEDED,NOT ALLOCATED: higher-priority demand consumed available inventory or budget.,14000
BLR02,MOD047,1.4779848214285718,2.0,2.1114068877551024,0.11140688775510244,0,0,0,0.0,0.0,0.0,0.0,516.1703923469408,Flagship,1.2,1.0,0.55,Bangalore,post_successor,EOL_HOLD,EOL HOLD: successor already launched; avoid additional predecessor inventory.,52000
HOS01,MOD041,0.7744925892857144,1.0,1.1064179846938778,0.10641798469387775,0,0,0,0.0,0.0,0.0,0.0,491.3584398278071,Mid-range,1.0,1.0,0.55,Hassan,post_successor,EOL_HOLD,EOL HOLD: successor already launched; avoid additional predecessor inventory.,36500
CHI01,MOD001,1.6603023214285717,2.0,2.3718604591836736,0.3718604591836736,0,0,0,0.0,0.0,0.0,0.0,472.4487133928574,Keypad,1.0,1.0,0.55,Chitradurga,post_successor,EOL_HOLD,EOL HOLD: successor already launched; avoid additional predecessor inventory.,7000
MYS01,MOD011,0.9276428571428574,1.0,1.3252040816326536,0.3252040816326536,0,0,0,0.0,0.0,0.0,0.0,472.19632653061313,Keypad,1.0,1.0,0.55,Mysore,post_successor,EOL_HOLD,EOL HOLD: successor already launched; avoid additional predecessor inventory.,8000
MYS02,MOD010,0.9260075892857145,1.0,1.3228679846938778,0.3228679846938778,0,0,0,0.0,0.0,0.0,0.0,468.8043137755106,Keypad,1.0,1.0,0.55,Mysore,post_successor,EOL_HOLD,EOL HOLD: successor already launched; avoid additional predecessor inventory.,8000
MYS02,MOD003,0.9179875494071146,1.0,1.3114107848673064,0.31141078486730644,0,0,0,0.0,0.0,0.0,0.0,462.44501552795015,Keypad,1.0,1.0,0.6,Mysore,post_successor,EOL_HOLD,EOL HOLD: successor already launched; avoid additional predecessor inventory.,7500
BLR06,MOD010,0.9615795454545455,1.0,1.3736850649350651,0.37368506493506515,0,0,0,0.0,0.0,0.0,0.0,461.2021071428575,Keypad,0.85,1.0,0.55,Bangalore,post_successor,EOL_HOLD,EOL HOLD: successor already launched; avoid additional predecessor inventory.,8000
DAV02,MOD006,0.9160473214285715,1.0,1.3086390306122448,0.30863903061224485,0,0,0,0.0,0.0,0.0,0.0,450.94477165178563,Keypad,1.15,1.0,0.55,Davangere,post_successor,EOL_HOLD,EOL HOLD: successor already launched; avoid additional predecessor inventory.,7000
KAL01,MOD005,1.663854761904762,2.0,2.3769353741496597,0.3769353741496597,0,0,0,0.0,0.0,0.0,0.0,444.6895076530611,Keypad,1.0,1.0,0.55,Kalaburagi,post_successor,EOL_HOLD,EOL HOLD: successor already launched; avoid additional predecessor inventory.,6500
BLR05,MOD031,0.789025,1.0,1.1271785714285714,0.12717857142857136,0,0,0,0.0,0.0,0.0,0.0,440.1141642857142,Mid-range,1.1,1.0,0.55,Bangalore,post_successor,EOL_HOLD,EOL HOLD: successor already launched; avoid additional predecessor inventory.,26000
HOS01,MOD037,0.7757666666666667,1.0,1.1082380952380952,0.10823809523809524,0,0,0,0.0,0.0,0.0,0.0,438.14780952380954,Mid-range,1.0,1.0,0.55,Hassan,post_successor,EOL_HOLD,EOL HOLD: successor already launched; avoid additional predecessor inventory.,32000
MAN01,MOD003,0.895802435064935,1.0,1.2797177643784785,0.2797177643784785,0,0,0,0.0,0.0,0.0,0.0,415.38088010204063,Keypad,1.0,1.0,0.6,Mangalore,post_successor,EOL_HOLD,EOL HOLD: successor already launched; avoid additional predecessor inventory.,7500
BLR03,MOD007,0.9612173076923076,1.0,1.3731675824175824,0.3731675824175824,0,0,0,0.0,0.0,0.0,0.0,402.9930014423078,Keypad,0.85,1.0,0.55,Bangalore,post_successor,EOL_HOLD,EOL HOLD: successor already launched; avoid additional predecessor inventory.,7000
SHI01,MOD010,0.8895559821428571,1.0,1.2707942602040816,0.2707942602040816,0,0,0,0.0,0.0,0.0,0.0,393.1932658163265,Keypad,1.0,1.0,0.55,Shivamogga,post_successor,EOL_HOLD,EOL HOLD: successor already launched; avoid additional predecessor inventory.,8000
BEL01,MOD010,0.8891100000000001,1.0,1.270157142857143,0.270157142857143,0,0,0,0.0,0.0,0.0,0.0,392.26817142857163,Keypad,1.0,1.0,0.55,Belgaum,post_successor,EOL_HOLD,EOL HOLD: successor already launched; avoid additional predecessor inventory.,8000
UDU01,MOD009,0.8879183823529413,1.0,1.2684548319327733,0.2684548319327733,0,0,0,0.0,0.0,0.0,0.0,365.4341399684878,Keypad,1.0,1.0,0.55,Udupi,post_successor,EOL_HOLD,EOL HOLD: successor already launched; avoid additional predecessor inventory.,7500
DAV02,MOD011,0.8507865384615385,1.0,1.2154093406593407,0.2154093406593407,0,0,0,0.0,0.0,0.0,0.0,359.6905170329671,Keypad,1.15,1.0,0.55,Davangere,post_successor,EOL_HOLD,EOL HOLD: successor already launched; avoid additional predecessor inventory.,8000
KAL01,MOD010,0.8715350000000002,1.0,1.2450500000000002,0.2450500000000002,0,0,0,0.0,0.0,0.0,0.0,355.81260000000043,Keypad,1.0,1.0,0.55,Kalaburagi,post_successor,EOL_HOLD,EOL HOLD: successor already launched; avoid additional predecessor inventory.,8000
BLR06,MOD034,0.7627186607142858,1.0,1.0895980867346942,0.08959808673469416,0,0,0,0.0,0.0,0.0,0.0,349.0920655357154,Mid-range,1.1,1.0,0.55,Bangalore,post_successor,EOL_HOLD,EOL HOLD: successor already launched; avoid additional predecessor inventory.,28000
CHI01,MOD017,0.7937340909090909,1.0,1.133905844155844,0.13390584415584406,0,0,0,0.0,0.0,0.0,0.0,328.91292499999986,Budget,1.0,1.0,0.55,Chitradurga,post_successor,EOL_HOLD,EOL HOLD: successor already launched; avoid additional predecessor inventory.,14500
HOS01,MOD009,0.8582480357142858,1.0,1.2260686224489796,0.22606862244897963,0,0,0,0.0,0.0,0.0,0.0,307.7359123086735,Keypad,1.0,1.0,0.55,Hassan,post_successor,EOL_HOLD,EOL HOLD: successor already launched; avoid additional predecessor inventory.,7500
MYS01,MOD019,0.804834090909091,1.0,1.1497629870129873,0.1497629870129873,0,0,0,0.0,0.0,0.0,0.0,279.06835000000063,Budget,1.0,1.0,0.55,Mysore,post_successor,EOL_HOLD,EOL HOLD: successor already launched; avoid additional predecessor inventory.,11000
BLR01,MOD014,0.7814499107142856,1.0,1.1163570153061222,0.11635701530612219,0,0,0,0.0,0.0,0.0,0.0,234.06668091517813,Budget,0.95,1.0,0.55,Bangalore,post_successor,EOL_HOLD,EOL HOLD: successor already launched; avoid additional predecessor inventory.,12500
MYS02,MOD006,0.8219886363636364,1.0,1.1742694805194807,0.17426948051948066,0,0,0,0.0,0.0,0.0,0.0,221.40937500000024,Keypad,1.0,1.0,0.55,Mysore,post_successor,EOL_HOLD,EOL HOLD: successor already launched; avoid additional predecessor inventory.,7000
BLR03,MOD024,0.7073547077922079,1.0,1.0105067254174398,0.0105067254174398,0,0,0,0.0,0.0,0.0,0.0,215.19875000000198,Budget,0.95,1.0,1.0,Bangalore,normal,NO_REPLENISHMENT_NEEDED,NOT ALLOCATED: higher-priority demand consumed available inventory or budget.,14000
BLR02,MOD009,0.8230365384615385,1.0,1.1757664835164834,0.17576648351648338,0,0,0,0.0,0.0,0.0,0.0,203.37280683379112,Keypad,0.85,1.0,0.55,Bangalore,post_successor,EOL_HOLD,EOL HOLD: successor already launched; avoid additional predecessor inventory.,7500
UDU01,MOD026,0.7457316964285714,1.0,1.0653309948979592,0.06533099489795924,0,0,0,0.0,0.0,0.0,0.0,197.62625956632675,Mid-range,1.0,1.0,0.55,Udupi,post_successor,EOL_HOLD,EOL HOLD: successor already launched; avoid additional predecessor inventory.,25000
UDU01,MOD032,0.7413115178571429,1.0,1.0590164540816327,0.0590164540816327,0,0,0,0.0,0.0,0.0,0.0,192.80675548469407,Mid-range,1.0,1.0,0.55,Udupi,post_successor,EOL_HOLD,EOL HOLD: successor already launched; avoid additional predecessor inventory.,27000
TUM01,MOD023,1.4541693750000002,2.0,2.0773848214285717,0.07738482142857173,0,0,0,0.0,0.0,0.0,0.0,176.97134812500073,Budget,1.0,1.0,0.55,Tumkur,post_successor,EOL_HOLD,EOL HOLD: successor already launched; avoid additional predecessor inventory.,13500
TUM01,MOD035,0.7299736607142857,1.0,1.0428195153061224,0.04281951530612238,0,0,0,0.0,0.0,0.0,0.0,157.08339190050998,Mid-range,1.0,1.0,0.55,Tumkur,post_successor,EOL_HOLD,EOL HOLD: successor already launched; avoid additional predecessor inventory.,29000
SHI01,MOD023,0.7445424107142857,1.0,1.0636320153061225,0.0636320153061225,0,0,0,0.0,0.0,0.0,0.0,145.52005580357158,Budget,1.0,1.0,0.55,Shivamogga,post_successor,EOL_HOLD,EOL HOLD: successor already launched; avoid additional predecessor inventory.,13500
BLR05,MOD025,0.7290816964285715,1.0,1.041545280612245,0.04154528061224494,0,0,0,0.0,0.0,0.0,0.0,133.0138631250002,Upper-mid,1.05,1.0,0.55,Bangalore,post_successor,EOL_HOLD,EOL HOLD: successor already launched; avoid additional predecessor inventory.,24000
KAL01,MOD004,2.1545532467532467,3.0,3.077933209647495,0.07793320964749517,0,0,0,0.0,0.0,0.0,0.0,123.44620408163236,Keypad,1.0,1.0,0.6,Kalaburagi,post_successor,EOL_HOLD,EOL HOLD: successor already launched; avoid additional predecessor inventory.,8000
CHI01,MOD011,0.7582191964285715,1.0,1.083170280612245,0.08317028061224496,0,0,0,0.0,0.0,0.0,0.0,120.7632474489797,Keypad,1.0,1.0,0.55,Chitradurga,post_successor,EOL_HOLD,EOL HOLD: successor already launched; avoid additional predecessor inventory.,8000
BLR04,MOD003,1.4631782142857142,2.0,2.0902545918367346,0.09025459183673457,0,0,0,0.0,0.0,0.0,0.0,113.92385854591822,Keypad,0.85,1.0,0.6,Bangalore,post_successor,EOL_HOLD,EOL HOLD: successor already launched; avoid additional predecessor inventory.,7500
HOS01,MOD029,1.4213450892857145,2.0,2.0304929846938777,0.030492984693877734,0,0,0,0.0,0.0,0.0,0.0,106.99988329081698,Mid-range,1.0,1.0,0.55,Hassan,post_successor,EOL_HOLD,EOL HOLD: successor already launched; avoid additional predecessor inventory.,29000
KOP01,MOD001,0.7546513392857145,1.0,1.078073341836735,0.07807334183673498,0,0,0,0.0,0.0,0.0,0.0,99.1921808035718,Keypad,1.0,1.0,0.55,Koppal,post_successor,EOL_HOLD,EOL HOLD: successor already launched; avoid additional predecessor inventory.,7000
UDU01,MOD049,0.7191016071428573,1.0,1.0272880102040818,0.02728801020408178,0,0,0,0.0,0.0,0.0,0.0,94.55295535714339,Mid-range,1.0,1.0,0.55,Udupi,post_successor,EOL_HOLD,EOL HOLD: successor already launched; avoid additional predecessor inventory.,42000
BLR01,MOD032,1.4180448214285717,2.0,2.025778316326531,0.025778316326531048,0,0,0,0.0,0.0,0.0,0.0,92.63953538265464,Mid-range,1.1,1.0,0.55,Bangalore,post_successor,EOL_HOLD,EOL HOLD: successor already launched; avoid additional predecessor inventory.,27000
BLR03,MOD004,1.4449405594405593,2.0,2.064200799200799,0.06420079920079891,0,0,0,0.0,0.0,0.0,0.0,86.43995604395566,Keypad,0.85,1.0,0.6,Bangalore,post_successor,EOL_HOLD,EOL HOLD: successor already launched; avoid additional predecessor inventory.,8000
BLR06,MOD041,1.41039375,2.0,2.0148482142857143,0.014848214285714256,0,0,0,0.0,0.0,0.0,0.0,75.41370915178558,Mid-range,1.1,1.0,0.55,Bangalore,post_successor,EOL_HOLD,EOL HOLD: successor already launched; avoid additional predecessor inventory.,36500
TUM01,MOD001,2.140089910714286,3.0,3.0572713010204082,0.05727130102040823,0,0,0,0.0,0.0,0.0,0.0,72.76318794642866,Keypad,1.0,1.0,0.55,Tumkur,post_successor,EOL_HOLD,EOL HOLD: successor already launched; avoid additional predecessor inventory.,7000
CHI01,MOD019,0.7194187500000001,1.0,1.0277410714285715,0.027741071428571518,0,0,0,0.0,0.0,0.0,0.0,51.69271250000018,Budget,1.0,1.0,0.55,Chitradurga,post_successor,EOL_HOLD,EOL HOLD: successor already launched; avoid additional predecessor inventory.,11000
HUB01,MOD041,0.7070600892857144,1.0,1.0100858418367349,0.010085841836734888,0,0,0,0.0,0.0,0.0,0.0,46.56885322066416,Mid-range,1.0,1.0,0.55,Hubli,post_successor,EOL_HOLD,EOL HOLD: successor already launched; avoid additional predecessor inventory.,36500
MAN01,MOD011,0.7194187500000001,1.0,1.0277410714285715,0.027741071428571518,0,0,0,0.0,0.0,0.0,0.0,40.280035714285845,Keypad,1.0,1.0,0.55,Mangalore,post_successor,EOL_HOLD,EOL HOLD: successor already launched; avoid additional predecessor inventory.,8000
TUM01,MOD017,0.705890625,1.0,1.0084151785714286,0.008415178571428594,0,0,0,0.0,0.0,0.0,0.0,20.67020312500006,Budget,1.0,1.0,0.55,Tumkur,post_successor,EOL_HOLD,EOL HOLD: successor already launched; avoid additional predecessor inventory.,14500
MAN02,MOD010,0.7076250000000001,1.0,1.0108928571428573,0.01089285714285726,0,0,0,0.0,0.0,0.0,0.0,15.816428571428744,Keypad,1.0,1.0,0.55,Mangalore,post_successor,EOL_HOLD,EOL HOLD: successor already launched; avoid additional predecessor inventory.,8000
BLR06,MOD012,16.31269290465632,29.0,23.303847006651885,0.0,0,0,0,0.0,0.0,0.0,0.0,0.0,Keypad,0.85,1.0,1.0,Bangalore,normal,NO_REPLENISHMENT_NEEDED,HOLD: current stock covers the target forecast requirement.,8500
HUB02,MOD008,8.677328722002631,16.0,12.396183888575186,0.0,0,0,0,0.0,0.0,0.0,0.0,0.0,Keypad,1.0,1.0,1.0,Hubli,normal,NO_REPLENISHMENT_NEEDED,HOLD: current stock covers the target forecast requirement.,7500
BLR08,MOD008,7.185538149350649,16.0,10.265054499072358,0.0,0,0,0,0.0,0.0,0.0,0.0,0.0,Keypad,0.85,1.0,1.0,Bangalore,normal,NO_REPLENISHMENT_NEEDED,HOLD: current stock covers the target forecast requirement.,7500
CHI01,MOD012,6.627030564263322,10.0,9.467186520376174,0.0,0,0,0,0.0,0.0,0.0,0.0,0.0,Keypad,1.0,1.0,1.0,Chitradurga,normal,NO_REPLENISHMENT_NEEDED,HOLD: current stock covers the target forecast requirement.,8500
BLR01,MOD027,6.15321212121212,9.0,8.79030303030303,0.0,0,0,0,0.0,0.0,0.0,0.0,0.0,Mid-range,1.1,1.0,1.0,Bangalore,normal,NO_REPLENISHMENT_NEEDED,HOLD: current stock covers the target forecast requirement.,26000
BLR05,MOD039,5.495761363636364,10.0,7.851087662337662,0.0,0,0,0,0.0,0.0,0.0,0.0,0.0,Mid-range,1.1,1.0,1.0,Bangalore,normal,NO_REPLENISHMENT_NEEDED,HOLD: current stock covers the target forecast requirement.,34500
MYS02,MOD012,5.404611244019138,8.0,7.720873205741626,0.0,0,0,0,0.0,0.0,0.0,0.0,0.0,Keypad,1.0,1.0,1.0,Mysore,normal,NO_REPLENISHMENT_NEEDED,HOLD: current stock covers the target forecast requirement.,8500
BLR07,MOD008,5.401609577922078,13.0,7.716585111317253,0.0,0,0,0,0.0,0.0,0.0,0.0,0.0,Keypad,0.85,1.0,1.0,Bangalore,normal,NO_REPLENISHMENT_NEEDED,HOLD: current stock covers the target forecast requirement.,7500
BLR06,MOD021,5.374490259740259,9.0,7.677843228200371,0.0,0,0,0,0.0,0.0,0.0,0.0,0.0,Budget,0.95,1.0,1.0,Bangalore,normal,NO_REPLENISHMENT_NEEDED,HOLD: current stock covers the target forecast requirement.,12000
BLR02,MOD027,5.352563397129186,8.0,7.646519138755981,0.0,0,0,0,0.0,0.0,0.0,0.0,0.0,Mid-range,1.1,1.0,1.0,Bangalore,normal,NO_REPLENISHMENT_NEEDED,HOLD: current stock covers the target forecast requirement.,26000
DAV02,MOD012,5.334396915584415,8.0,7.62056702226345,0.0,0,0,0,0.0,0.0,0.0,0.0,0.0,Keypad,1.15,1.0,1.0,Davangere,normal,NO_REPLENISHMENT_NEEDED,HOLD: current stock covers the target forecast requirement.,8500
MYS02,MOD021,5.235521561771562,10.0,7.479316516816517,0.0,0,0,0,0.0,0.0,0.0,0.0,0.0,Budget,1.0,1.0,1.0,Mysore,normal,NO_REPLENISHMENT_NEEDED,HOLD: current stock covers the target forecast requirement.,12000
HUB02,MOD024,4.875440746753247,10.0,6.964915352504639,0.0,0,0,0,0.0,0.0,0.0,0.0,0.0,Budget,1.0,1.0,1.0,Hubli,normal,NO_REPLENISHMENT_NEEDED,HOLD: current stock covers the target forecast requirement.,14000
HOS01,MOD004,4.758613246753247,9.0,6.798018923933209,0.0,0,0,0,0.0,0.0,0.0,0.0,0.0,Keypad,1.0,1.0,0.6,Hassan,post_successor,EOL_HOLD,EOL HOLD: successor already launched; avoid additional predecessor inventory.,8000
MAN01,MOD057,4.688930652680653,9.0,6.698472360972361,0.0,0,0,0,0.0,0.0,0.0,0.0,0.0,Premium,1.0,1.0,1.0,Mangalore,normal,NO_REPLENISHMENT_NEEDED,HOLD: current stock covers the target forecast requirement.,129500
BLR03,MOD039,4.614793103448275,7.0,6.5925615763546785,0.0,0,0,0,0.0,0.0,0.0,0.0,0.0,Mid-range,1.1,1.0,1.0,Bangalore,normal,NO_REPLENISHMENT_NEEDED,HOLD: current stock covers the target forecast requirement.,34500
MYS02,MOD008,4.519465909090908,10.0,6.456379870129868,0.0,0,0,0,0.0,0.0,0.0,0.0,0.0,Keypad,1.0,1.0,1.0,Mysore,normal,NO_REPLENISHMENT_NEEDED,HOLD: current stock covers the target forecast requirement.,7500
KAL01,MOD003,4.0743597902097894,8.0,5.820513986013985,0.0,0,0,0,0.0,0.0,0.0,0.0,0.0,Keypad,1.0,1.0,0.6,Kalaburagi,post_successor,EOL_HOLD,EOL HOLD: successor already launched; avoid additional predecessor inventory.,7500
BLR04,MOD012,3.868181818181818,10.0,5.525974025974025,0.0,0,0,0,0.0,0.0,0.0,0.0,0.0,Keypad,0.85,1.0,1.0,Bangalore,normal,NO_REPLENISHMENT_NEEDED,HOLD: current stock covers the target forecast requirement.,8500
MAN01,MOD051,3.826977272727272,7.0,5.467110389610389,0.0,0,0,0,0.0,0.0,0.0,0.0,0.0,Flagship,1.0,1.0,1.0,Mangalore,normal,NO_REPLENISHMENT_NEEDED,HOLD: current stock covers the target forecast requirement.,45500
BLR08,MOD027,3.7449886363636367,10.0,5.349983766233767,0.0,0,0,0,0.0,0.0,0.0,0.0,0.0,Mid-range,1.1,1.0,1.0,Bangalore,normal,NO_REPLENISHMENT_NEEDED,HOLD: current stock covers the target forecast requirement.,26000
MAN01,MOD012,3.7099407467532464,7.0,5.299915352504638,0.0,0,0,0,0.0,0.0,0.0,0.0,0.0,Keypad,1.0,1.0,1.0,Mangalore,normal,NO_REPLENISHMENT_NEEDED,HOLD: current stock covers the target forecast requirement.,8500
BLR04,MOD039,3.592814123376623,8.0,5.132591604823746,0.0,0,0,0,0.0,0.0,0.0,0.0,0.0,Mid-range,1.1,1.0,1.0,Bangalore,normal,NO_REPLENISHMENT_NEEDED,HOLD: current stock covers the target forecast requirement.,34500
HUB02,MOD004,3.576268636363636,10.0,5.108955194805193,0.0,0,0,0,0.0,0.0,0.0,0.0,0.0,Keypad,1.0,1.0,0.6,Hubli,post_successor,EOL_HOLD,EOL HOLD: successor already launched; avoid additional predecessor inventory.,8000
BLR04,MOD008,3.4896525974025967,8.0,4.985217996289424,0.0,0,0,0,0.0,0.0,0.0,0.0,0.0,Keypad,0.85,1.0,1.0,Bangalore,normal,NO_REPLENISHMENT_NEEDED,HOLD: current stock covers the target forecast requirement.,7500
BLR05,MOD045,3.4337922077922083,7.0,4.905417439703155,0.0,0,0,0,0.0,0.0,0.0,0.0,0.0,Mid-range,1.1,1.0,1.0,Bangalore,normal,NO_REPLENISHMENT_NEEDED,HOLD: current stock covers the target forecast requirement.,38000
BLR06,MOD003,3.397897402597402,5.0,4.854139146567717,0.0,0,0,0,0.0,0.0,0.0,0.0,0.0,Keypad,0.85,1.0,0.6,Bangalore,post_successor,EOL_HOLD,EOL HOLD: successor already launched; avoid additional predecessor inventory.,7500
TUM01,MOD030,3.375156818181818,5.0,4.821652597402597,0.0,0,0,0,0.0,0.0,0.0,0.0,0.0,Mid-range,1.0,1.0,1.0,Tumkur,normal,NO_REPLENISHMENT_NEEDED,HOLD: current stock covers the target forecast requirement.,30000
BLR04,MOD057,3.369282467532467,5.0,4.813260667903525,0.0,0,0,0,0.0,0.0,0.0,0.0,0.0,Premium,1.3,1.0,1.0,Bangalore,normal,NO_REPLENISHMENT_NEEDED,HOLD: current stock covers the target forecast requirement.,129500
UDU01,MOD024,3.358831168831168,5.0,4.798330241187382,0.0,0,0,0,0.0,0.0,0.0,0.0,0.0,Budget,1.0,1.0,1.0,Udupi,normal,NO_REPLENISHMENT_NEEDED,HOLD: current stock covers the target forecast requirement.,14000
BLR06,MOD007,3.336303214285715,5.0,4.766147448979593,0.0,0,0,0,0.0,0.0,0.0,0.0,0.0,Keypad,0.85,1.0,0.55,Bangalore,post_successor,EOL_HOLD,EOL HOLD: successor already launched; avoid additional predecessor inventory.,7000
MAN02,MOD012,3.3344147727272726,8.0,4.763449675324675,0.0,0,0,0,0.0,0.0,0.0,0.0,0.0,Keypad,1.0,1.0,1.0,Mangalore,normal,NO_REPLENISHMENT_NEEDED,HOLD: current stock covers the target forecast requirement.,8500
HOS01,MOD015,3.3215308441558435,6.0,4.745044063079776,0.0,0,0,0,0.0,0.0,0.0,0.0,0.0,Budget,1.0,1.0,1.0,Hassan,normal,NO_REPLENISHMENT_NEEDED,HOLD: current stock covers the target forecast requirement.,13000
CHI01,MOD018,3.29184375,5.0,4.702633928571428,0.0,0,0,0,0.0,0.0,0.0,0.0,0.0,Upper-mid,1.0,1.0,1.0,Chitradurga,normal,NO_REPLENISHMENT_NEEDED,HOLD: current stock covers the target forecast requirement.,15000
MAN01,MOD024,3.2812573051948046,6.0,4.6875104359925786,0.0,0,0,0,0.0,0.0,0.0,0.0,0.0,Budget,1.0,1.0,1.0,Mangalore,normal,NO_REPLENISHMENT_NEEDED,HOLD: current stock covers the target forecast requirement.,14000
HUB01,MOD027,3.2150357142857136,5.0,4.592908163265305,0.0,0,0,0,0.0,0.0,0.0,0.0,0.0,Mid-range,1.0,1.0,1.0,Hubli,normal,NO_REPLENISHMENT_NEEDED,HOLD: current stock covers the target forecast requirement.,26000
MYS02,MOD004,3.1927636363636362,6.0,4.561090909090909,0.0,0,0,0,0.0,0.0,0.0,0.0,0.0,Keypad,1.0,1.0,0.6,Mysore,post_successor,EOL_HOLD,EOL HOLD: successor already launched; avoid additional predecessor inventory.,8000
SHI01,MOD004,3.1076118881118875,5.0,4.4394455544455536,0.0,0,0,0,0.0,0.0,0.0,0.0,0.0,Keypad,1.0,1.0,0.6,Shivamogga,post_successor,EOL_HOLD,EOL HOLD: successor already launched; avoid additional predecessor inventory.,8000
CHI01,MOD004,3.1008301435406693,12.0,4.429757347915242,0.0,0,0,0,0.0,0.0,0.0,0.0,0.0,Keypad,1.0,1.0,0.6,Chitradurga,post_successor,EOL_HOLD,EOL HOLD: successor already launched; avoid additional predecessor inventory.,8000
BLR03,MOD045,2.9602102272727273,6.0,4.228871753246753,0.0,0,0,0,0.0,0.0,0.0,0.0,0.0,Mid-range,1.1,1.0,1.0,Bangalore,normal,NO_REPLENISHMENT_NEEDED,HOLD: current stock covers the target forecast requirement.,38000
BLR03,MOD018,2.948257305194805,7.0,4.211796150278293,0.0,0,0,0,0.0,0.0,0.0,0.0,0.0,Upper-mid,1.05,1.0,1.0,Bangalore,normal,NO_REPLENISHMENT_NEEDED,HOLD: current stock covers the target forecast requirement.,15000
MYS02,MOD027,2.9072629870129867,6.0,4.153232838589981,0.0,0,0,0,0.0,0.0,0.0,0.0,0.0,Mid-range,1.0,1.0,1.0,Mysore,normal,NO_REPLENISHMENT_NEEDED,HOLD: current stock covers the target forecast requirement.,26000
BLR01,MOD051,2.894161764705882,5.0,4.134516806722688,0.0,0,0,0,0.0,0.0,0.0,0.0,0.0,Flagship,1.2,1.0,1.0,Bangalore,normal,NO_REPLENISHMENT_NEEDED,HOLD: current stock covers the target forecast requirement.,45500
UDU01,MOD039,2.8648887559808607,5.0,4.092698222829801,0.0,0,0,0,0.0,0.0,0.0,0.0,0.0,Mid-range,1.0,1.0,1.0,Udupi,normal,NO_REPLENISHMENT_NEEDED,HOLD: current stock covers the target forecast requirement.,34500
BLR02,MOD003,2.712724675324675,7.0,3.875320964749536,0.0,0,0,0,0.0,0.0,0.0,0.0,0.0,Keypad,0.85,1.0,0.6,Bangalore,post_successor,EOL_HOLD,EOL HOLD: successor already launched; avoid additional predecessor inventory.,7500
TUM01,MOD027,2.697606331168831,4.0,3.8537233302411873,0.0,0,0,0,0.0,0.0,0.0,0.0,0.0,Mid-range,1.0,1.0,1.0,Tumkur,normal,NO_REPLENISHMENT_NEEDED,HOLD: current stock covers the target forecast requirement.,26000
HUB01,MOD004,2.635745454545454,8.0,3.7653506493506486,0.0,0,0,0,0.0,0.0,0.0,0.0,0.0,Keypad,1.0,1.0,0.6,Hubli,post_successor,EOL_HOLD,EOL HOLD: successor already launched; avoid additional predecessor inventory.,8000
KOP01,MOD003,2.627768831168831,5.0,3.75395547309833,0.0,0,0,0,0.0,0.0,0.0,0.0,0.0,Keypad,1.0,1.0,0.6,Koppal,post_successor,EOL_HOLD,EOL HOLD: successor already launched; avoid additional predecessor inventory.,7500
DAV02,MOD004,2.6175818181818182,4.0,3.7394025974025977,0.0,0,0,0,0.0,0.0,0.0,0.0,0.0,Keypad,1.15,1.0,0.6,Davangere,post_successor,EOL_HOLD,EOL HOLD: successor already launched; avoid additional predecessor inventory.,8000
BLR01,MOD025,2.5714119047619044,5.0,3.673445578231292,0.0,0,0,0,0.0,0.0,0.0,0.0,0.0,Upper-mid,1.05,1.0,0.55,Bangalore,post_successor,EOL_HOLD,EOL HOLD: successor already launched; avoid additional predecessor inventory.,24000
DAV01,MOD003,2.5516341233766235,5.0,3.6451916048237476,0.0,0,0,0,0.0,0.0,0.0,0.0,0.0,Keypad,1.15,1.0,0.6,Davangere,post_successor,EOL_HOLD,EOL HOLD: successor already launched; avoid additional predecessor inventory.,7500
MAN01,MOD032,2.5238129464285715,5.0,3.6054470663265303,0.0,0,0,0,0.0,0.0,0.0,0.0,0.0,Mid-range,1.0,1.0,0.55,Mangalore,post_successor,EOL_HOLD,EOL HOLD: successor already launched; avoid additional predecessor inventory.,27000
DAV01,MOD004,2.4884722402597403,5.0,3.5549603432282004,0.0,0,0,0,0.0,0.0,0.0,0.0,0.0,Keypad,1.15,1.0,0.6,Davangere,post_successor,EOL_HOLD,EOL HOLD: successor already launched; avoid additional predecessor inventory.,8000
CHI01,MOD039,2.4853368506493507,4.0,3.5504812152133582,0.0,0,0,0,0.0,0.0,0.0,0.0,0.0,Mid-range,1.0,1.0,1.0,Chitradurga,normal,NO_REPLENISHMENT_NEEDED,HOLD: current stock covers the target forecast requirement.,34500
SHI01,MOD033,2.46975,4.0,3.5282142857142853,0.0,0,0,0,0.0,0.0,0.0,0.0,0.0,Mid-range,1.0,1.0,1.0,Shivamogga,normal,NO_REPLENISHMENT_NEEDED,HOLD: current stock covers the target forecast requirement.,28000
BLR04,MOD055,2.4667523148148147,4.0,3.5239318783068785,0.0,0,0,0,0.0,0.0,0.0,0.0,0.0,Premium,1.3,1.0,0.55,Bangalore,post_successor,EOL_HOLD,EOL HOLD: successor already launched; avoid additional predecessor inventory.,120000
HUB02,MOD015,2.3983027597402593,6.0,3.426146799628942,0.0,0,0,0,0.0,0.0,0.0,0.0,0.0,Budget,1.0,1.0,1.0,Hubli,normal,NO_REPLENISHMENT_NEEDED,HOLD: current stock covers the target forecast requirement.,13000
BLR04,MOD033,2.3932272727272728,4.0,3.418896103896104,0.0,0,0,0,0.0,0.0,0.0,0.0,0.0,Mid-range,1.1,1.0,1.0,Bangalore,normal,NO_REPLENISHMENT_NEEDED,HOLD: current stock covers the target forecast requirement.,28000
BLR07,MOD006,2.363616160714286,4.0,3.376594515306123,0.0,0,0,0,0.0,0.0,0.0,0.0,0.0,Keypad,0.85,1.0,0.55,Bangalore,post_successor,EOL_HOLD,EOL HOLD: successor already launched; avoid additional predecessor inventory.,7000
KOP01,MOD039,2.341541396103896,4.0,3.3450591372912797,0.0,0,0,0,0.0,0.0,0.0,0.0,0.0,Mid-range,1.0,1.0,1.0,Koppal,normal,NO_REPLENISHMENT_NEEDED,HOLD: current stock covers the target forecast requirement.,34500
TUM01,MOD033,2.3237021103896103,4.0,3.319574443413729,0.0,0,0,0,0.0,0.0,0.0,0.0,0.0,Mid-range,1.0,1.0,1.0,Tumkur,normal,NO_REPLENISHMENT_NEEDED,HOLD: current stock covers the target forecast requirement.,28000
BLR04,MOD045,2.3153230519480523,5.0,3.307604359925789,0.0,0,0,0,0.0,0.0,0.0,0.0,0.0,Mid-range,1.1,1.0,1.0,Bangalore,normal,NO_REPLENISHMENT_NEEDED,HOLD: current stock covers the target forecast requirement.,38000
BLR01,MOD039,2.2922581168831164,5.0,3.2746544526901666,0.0,0,0,0,0.0,0.0,0.0,0.0,0.0,Mid-range,1.1,1.0,1.0,Bangalore,normal,NO_REPLENISHMENT_NEEDED,HOLD: current stock covers the target forecast requirement.,34500
BLR05,MOD028,2.284441666666667,4.0,3.2634880952380954,0.0,0,0,0,0.0,0.0,0.0,0.0,0.0,Mid-range,1.1,1.0,0.55,Bangalore,post_successor,EOL_HOLD,EOL HOLD: successor already launched; avoid additional predecessor inventory.,28000
BLR02,MOD033,2.2653189935064937,4.0,3.2361699907235626,0.0,0,0,0,0.0,0.0,0.0,0.0,0.0,Mid-range,1.1,1.0,1.0,Bangalore,normal,NO_REPLENISHMENT_NEEDED,HOLD: current stock covers the target forecast requirement.,28000
BLR06,MOD033,2.247979338842975,4.0,3.211399055489964,0.0,0,0,0,0.0,0.0,0.0,0.0,0.0,Mid-range,1.1,1.0,1.0,Bangalore,normal,NO_REPLENISHMENT_NEEDED,HOLD: current stock covers the target forecast requirement.,28000
MYS02,MOD007,2.2462633928571427,5.0,3.2089477040816328,0.0,0,0,0,0.0,0.0,0.0,0.0,0.0,Keypad,1.0,1.0,0.55,Mysore,post_successor,EOL_HOLD,EOL HOLD: successor already launched; avoid additional predecessor inventory.,7000
BLR02,MOD021,2.221441558441558,5.0,3.173487940630797,0.0,0,0,0,0.0,0.0,0.0,0.0,0.0,Budget,0.95,1.0,1.0,Bangalore,normal,NO_REPLENISHMENT_NEEDED,HOLD: current stock covers the target forecast requirement.,12000
BLR04,MOD046,2.2196531250000002,5.0,3.170933035714286,0.0,0,0,0,0.0,0.0,0.0,0.0,0.0,Flagship,1.2,1.0,0.55,Bangalore,post_successor,EOL_HOLD,EOL HOLD: successor already launched; avoid additional predecessor inventory.,50000
KAL01,MOD015,2.191349025974026,4.0,3.1304986085343223,0.0,0,0,0,0.0,0.0,0.0,0.0,0.0,Budget,1.0,1.0,1.0,Kalaburagi,normal,NO_REPLENISHMENT_NEEDED,HOLD: current stock covers the target forecast requirement.,13000
MAN02,MOD008,2.15549025974026,4.0,3.0792717996289425,0.0,0,0,0,0.0,0.0,0.0,0.0,0.0,Keypad,1.0,1.0,1.0,Mangalore,normal,NO_REPLENISHMENT_NEEDED,HOLD: current stock covers the target forecast requirement.,7500
TUM01,MOD013,2.144026666666667,5.0,3.0628952380952383,0.0,0,0,0,0.0,0.0,0.0,0.0,0.0,Budget,1.0,1.0,0.55,Tumkur,post_successor,EOL_HOLD,EOL HOLD: successor already launched; avoid additional predecessor inventory.,12000
TUM01,MOD004,2.1259022727272727,5.0,3.037003246753247,0.0,0,0,0,0.0,0.0,0.0,0.0,0.0,Keypad,1.0,1.0,0.6,Tumkur,post_successor,EOL_HOLD,EOL HOLD: successor already launched; avoid additional predecessor inventory.,8000
BLR05,MOD043,2.09165625,3.0,2.988080357142857,0.0,0,0,0,0.0,0.0,0.0,0.0,0.0,Mid-range,1.1,1.0,0.55,Bangalore,post_successor,EOL_HOLD,EOL HOLD: successor already launched; avoid additional predecessor inventory.,35000
UDU01,MOD019,2.0913886607142858,4.0,2.9876980867346936,0.0,0,0,0,0.0,0.0,0.0,0.0,0.0,Budget,1.0,1.0,0.55,Udupi,post_successor,EOL_HOLD,EOL HOLD: successor already launched; avoid additional predecessor inventory.,11000
BLR01,MOD056,2.090842592592592,3.0,2.986917989417989,0.0,0,0,0,0.0,0.0,0.0,0.0,0.0,Premium,1.3,1.0,0.55,Bangalore,post_successor,EOL_HOLD,EOL HOLD: successor already launched; avoid additional predecessor inventory.,125000
BLR06,MOD018,2.0851241883116884,3.0,2.9787488404452693,0.0,0,0,0,0.0,0.0,0.0,0.0,0.0,Upper-mid,1.05,1.0,1.0,Bangalore,normal,NO_REPLENISHMENT_NEEDED,HOLD: current stock covers the target forecast requirement.,15000
HUB01,MOD039,2.0774659090909093,3.0,2.967808441558442,0.0,0,0,0,0.0,0.0,0.0,0.0,0.0,Mid-range,1.0,1.0,1.0,Hubli,normal,NO_REPLENISHMENT_NEEDED,HOLD: current stock covers the target forecast requirement.,34500
KOP01,MOD004,2.077381818181818,3.0,2.967688311688312,0.0,0,0,0,0.0,0.0,0.0,0.0,0.0,Keypad,1.0,1.0,0.6,Koppal,post_successor,EOL_HOLD,EOL HOLD: successor already launched; avoid additional predecessor inventory.,8000
MYS02,MOD005,2.0638157608695655,8.0,2.9483082298136654,0.0,0,0,0,0.0,0.0,0.0,0.0,0.0,Keypad,1.0,1.0,0.55,Mysore,post_successor,EOL_HOLD,EOL HOLD: successor already launched; avoid additional predecessor inventory.,6500
HUB02,MOD007,2.0571403225806453,5.0,2.938771889400922,0.0,0,0,0,0.0,0.0,0.0,0.0,0.0,Keypad,1.0,1.0,0.55,Hubli,post_successor,EOL_HOLD,EOL HOLD: successor already launched; avoid additional predecessor inventory.,7000
BLR06,MOD051,2.057031818181818,3.0,2.938616883116883,0.0,0,0,0,0.0,0.0,0.0,0.0,0.0,Flagship,1.2,1.0,1.0,Bangalore,normal,NO_REPLENISHMENT_NEEDED,HOLD: current stock covers the target forecast requirement.,45500
MAN01,MOD034,2.044025357142857,4.0,2.9200362244897957,0.0,0,0,0,0.0,0.0,0.0,0.0,0.0,Mid-range,1.0,1.0,0.55,Mangalore,post_successor,EOL_HOLD,EOL HOLD: successor already launched; avoid additional predecessor inventory.,28000
CHI01,MOD007,2.022727232142857,5.0,2.889610331632653,0.0,0,0,0,0.0,0.0,0.0,0.0,0.0,Keypad,1.0,1.0,0.55,Chitradurga,post_successor,EOL_HOLD,EOL HOLD: successor already launched; avoid additional predecessor inventory.,7000
BLR04,MOD035,2.0027657608695653,8.0,2.861093944099379,0.0,0,0,0,0.0,0.0,0.0,0.0,0.0,Mid-range,1.1,1.0,0.55,Bangalore,post_successor,EOL_HOLD,EOL HOLD: successor already launched; avoid additional predecessor inventory.,29000
HOS01,MOD019,1.9794471428571432,3.0,2.8277816326530614,0.0,0,0,0,0.0,0.0,0.0,0.0,0.0,Budget,1.0,1.0,0.55,Hassan,post_successor,EOL_HOLD,EOL HOLD: successor already launched; avoid additional predecessor inventory.,11000
BLR07,MOD039,1.9767370129870132,3.0,2.823910018552876,0.0,0,0,0,0.0,0.0,0.0,0.0,0.0,Mid-range,1.1,1.0,1.0,Bangalore,normal,NO_REPLENISHMENT_NEEDED,HOLD: current stock covers the target forecast requirement.,34500
SHI01,MOD042,1.9695292207792208,3.0,2.8136131725417437,0.0,0,0,0,0.0,0.0,0.0,0.0,0.0,Mid-range,1.0,1.0,1.0,Shivamogga,normal,NO_REPLENISHMENT_NEEDED,HOLD: current stock covers the target forecast requirement.,38000
HUB01,MOD057,1.9669424242424238,3.0,2.8099177489177483,0.0,0,0,0,0.0,0.0,0.0,0.0,0.0,Premium,1.0,1.0,1.0,Hubli,normal,NO_REPLENISHMENT_NEEDED,HOLD: current stock covers the target forecast requirement.,129500
DAV02,MOD015,1.957933155080214,4.0,2.7970473644003055,0.0,0,0,0,0.0,0.0,0.0,0.0,0.0,Budget,1.3,1.0,1.0,Davangere,normal,NO_REPLENISHMENT_NEEDED,HOLD: current stock covers the target forecast requirement.,13000
HOS01,MOD007,1.948494,4.0,2.783562857142857,0.0,0,0,0,0.0,0.0,0.0,0.0,0.0,Keypad,1.0,1.0,0.55,Hassan,post_successor,EOL_HOLD,EOL HOLD: successor already launched; avoid additional predecessor inventory.,7000
KOP01,MOD015,1.947455357142857,3.0,2.7820790816326526,0.0,0,0,0,0.0,0.0,0.0,0.0,0.0,Budget,1.0,1.0,1.0,Koppal,normal,NO_REPLENISHMENT_NEEDED,HOLD: current stock covers the target forecast requirement.,13000
BLR02,MOD007,1.9178333333333333,5.0,2.739761904761905,0.0,0,0,0,0.0,0.0,0.0,0.0,0.0,Keypad,0.85,1.0,0.55,Bangalore,post_successor,EOL_HOLD,EOL HOLD: successor already launched; avoid additional predecessor inventory.,7000
UDU01,MOD004,1.8900452922077915,5.0,2.7000647031539877,0.0,0,0,0,0.0,0.0,0.0,0.0,0.0,Keypad,1.0,1.0,0.6,Udupi,post_successor,EOL_HOLD,EOL HOLD: successor already launched; avoid additional predecessor inventory.,8000
DAV02,MOD027,1.844954545454545,4.0,2.63564935064935,0.0,0,0,0,0.0,0.0,0.0,0.0,0.0,Mid-range,0.95,1.0,1.0,Davangere,normal,NO_REPLENISHMENT_NEEDED,HOLD: current stock covers the target forecast requirement.,26000
HUB02,MOD025,1.844314553571429,4.0,2.634735076530613,0.0,0,0,0,0.0,0.0,0.0,0.0,0.0,Upper-mid,1.0,1.0,0.55,Hubli,post_successor,EOL_HOLD,EOL HOLD: successor already launched; avoid additional predecessor inventory.,24000
TUM01,MOD022,1.8301124999999998,5.0,2.6144464285714286,0.0,0,0,0,0.0,0.0,0.0,0.0,0.0,Budget,1.0,1.0,0.55,Tumkur,post_successor,EOL_HOLD,EOL HOLD: successor already launched; avoid additional predecessor inventory.,13000
HUB01,MOD025,1.827684375,4.0,2.610977678571429,0.0,0,0,0,0.0,0.0,0.0,0.0,0.0,Upper-mid,1.0,1.0,0.55,Hubli,post_successor,EOL_HOLD,EOL HOLD: successor already launched; avoid additional predecessor inventory.,24000
BLR02,MOD005,1.816485267857143,4.0,2.594978954081633,0.0,0,0,0,0.0,0.0,0.0,0.0,0.0,Keypad,0.85,1.0,0.55,Bangalore,post_successor,EOL_HOLD,EOL HOLD: successor already launched; avoid additional predecessor inventory.,6500
TUM01,MOD007,1.8161185714285717,4.0,2.594455102040817,0.0,0,0,0,0.0,0.0,0.0,0.0,0.0,Keypad,1.0,1.0,0.55,Tumkur,post_successor,EOL_HOLD,EOL HOLD: successor already launched; avoid additional predecessor inventory.,7000
SHI01,MOD007,1.8078332142857145,3.0,2.582618877551021,0.0,0,0,0,0.0,0.0,0.0,0.0,0.0,Keypad,1.0,1.0,0.55,Shivamogga,post_successor,EOL_HOLD,EOL HOLD: successor already launched; avoid additional predecessor inventory.,7000
MAN01,MOD021,1.792577922077922,3.0,2.56082560296846,0.0,0,0,0,0.0,0.0,0.0,0.0,0.0,Budget,1.0,1.0,1.0,Mangalore,normal,NO_REPLENISHMENT_NEEDED,HOLD: current stock covers the target forecast requirement.,12000
HUB01,MOD003,1.7918751623376619,7.0,2.559821660482374,0.0,0,0,0,0.0,0.0,0.0,0.0,0.0,Keypad,1.0,1.0,0.6,Hubli,post_successor,EOL_HOLD,EOL HOLD: successor already launched; avoid additional predecessor inventory.,7500
TUM01,MOD005,1.7911138392857144,5.0,2.558734056122449,0.0,0,0,0,0.0,0.0,0.0,0.0,0.0,Keypad,1.0,1.0,0.55,Tumkur,post_successor,EOL_HOLD,EOL HOLD: successor already launched; avoid additional predecessor inventory.,6500
BLR05,MOD021,1.7801444805194806,3.0,2.5430635435992577,0.0,0,0,0,0.0,0.0,0.0,0.0,0.0,Budget,0.95,1.0,1.0,Bangalore,normal,NO_REPLENISHMENT_NEEDED,HOLD: current stock covers the target forecast requirement.,12000
BLR05,MOD003,1.761224025974026,4.0,2.5160343228200373,0.0,0,0,0,0.0,0.0,0.0,0.0,0.0,Keypad,0.85,1.0,0.6,Bangalore,post_successor,EOL_HOLD,EOL HOLD: successor already launched; avoid additional predecessor inventory.,7500
MAN01,MOD006,1.7404007142857143,3.0,2.4862867346938775,0.0,0,0,0,0.0,0.0,0.0,0.0,0.0,Keypad,1.0,1.0,0.55,Mangalore,post_successor,EOL_HOLD,EOL HOLD: successor already launched; avoid additional predecessor inventory.,7000
BLR05,MOD034,1.734028125,4.0,2.477183035714286,0.0,0,0,0,0.0,0.0,0.0,0.0,0.0,Mid-range,1.1,1.0,0.55,Bangalore,post_successor,EOL_HOLD,EOL HOLD: successor already launched; avoid additional predecessor inventory.,28000
BLR08,MOD003,1.7234912337662338,5.0,2.4621303339517624,0.0,0,0,0,0.0,0.0,0.0,0.0,0.0,Keypad,0.85,1.0,0.6,Bangalore,post_successor,EOL_HOLD,EOL HOLD: successor already launched; avoid additional predecessor inventory.,7500
MAN01,MOD025,1.6911642857142857,3.0,2.4159489795918367,0.0,0,0,0,0.0,0.0,0.0,0.0,0.0,Upper-mid,1.0,1.0,0.55,Mangalore,post_successor,EOL_HOLD,EOL HOLD: successor already launched; avoid additional predecessor inventory.,24000
BLR02,MOD028,1.6774874999999998,3.0,2.396410714285714,0.0,0,0,0,0.0,0.0,0.0,0.0,0.0,Mid-range,1.1,1.0,0.55,Bangalore,post_successor,EOL_HOLD,EOL HOLD: successor already launched; avoid additional predecessor inventory.,28000
BLR05,MOD026,1.6769671875000003,3.0,2.395667410714286,0.0,0,0,0,0.0,0.0,0.0,0.0,0.0,Mid-range,1.1,1.0,0.55,Bangalore,post_successor,EOL_HOLD,EOL HOLD: successor already launched; avoid additional predecessor inventory.,25000
BLR08,MOD002,1.6638701785714287,3.0,2.376957397959184,0.0,0,0,0,0.0,0.0,0.0,0.0,0.0,Keypad,0.85,1.0,0.55,Bangalore,post_successor,EOL_HOLD,EOL HOLD: successor already launched; avoid additional predecessor inventory.,7500
BLR07,MOD007,1.6626135000000002,4.0,2.375162142857143,0.0,0,0,0,0.0,0.0,0.0,0.0,0.0,Keypad,0.85,1.0,0.55,Bangalore,post_successor,EOL_HOLD,EOL HOLD: successor already launched; avoid additional predecessor inventory.,7000
BLR04,MOD026,1.6542369642857142,3.0,2.363195663265306,0.0,0,0,0,0.0,0.0,0.0,0.0,0.0,Mid-range,1.1,1.0,0.55,Bangalore,post_successor,EOL_HOLD,EOL HOLD: successor already launched; avoid additional predecessor inventory.,25000
TUM01,MOD011,1.6538504464285715,4.0,2.3626434948979593,0.0,0,0,0,0.0,0.0,0.0,0.0,0.0,Keypad,1.0,1.0,0.55,Tumkur,post_successor,EOL_HOLD,EOL HOLD: successor already launched; avoid additional predecessor inventory.,8000
MYS02,MOD014,1.6399655357142857,3.0,2.3428079081632656,0.0,0,0,0,0.0,0.0,0.0,0.0,0.0,Budget,1.0,1.0,0.55,Mysore,post_successor,EOL_HOLD,EOL HOLD: successor already launched; avoid additional predecessor inventory.,12500
CHI01,MOD005,1.639268181818182,5.0,2.341811688311689,0.0,0,0,0,0.0,0.0,0.0,0.0,0.0,Keypad,1.0,1.0,0.55,Chitradurga,post_successor,EOL_HOLD,EOL HOLD: successor already launched; avoid additional predecessor inventory.,6500
CHI01,MOD002,1.637695982142857,6.0,2.3395656887755103,0.0,0,0,0,0.0,0.0,0.0,0.0,0.0,Keypad,1.0,1.0,0.55,Chitradurga,post_successor,EOL_HOLD,EOL HOLD: successor already launched; avoid additional predecessor inventory.,7500
KOP01,MOD007,1.629024107142857,4.0,2.3271772959183674,0.0,0,0,0,0.0,0.0,0.0,0.0,0.0,Keypad,1.0,1.0,0.55,Koppal,post_successor,EOL_HOLD,EOL HOLD: successor already launched; avoid additional predecessor inventory.,7000
BLR03,MOD046,1.6209964285714287,7.0,2.3157091836734693,0.0,0,0,0,0.0,0.0,0.0,0.0,0.0,Flagship,1.2,1.0,0.55,Bangalore,post_successor,EOL_HOLD,EOL HOLD: successor already launched; avoid additional predecessor inventory.,50000
KAL01,MOD030,1.6203116883116884,3.0,2.314730983302412,0.0,0,0,0,0.0,0.0,0.0,0.0,0.0,Mid-range,1.0,1.0,1.0,Kalaburagi,normal,NO_REPLENISHMENT_NEEDED,HOLD: current stock covers the target forecast requirement.,30000
SHI01,MOD011,1.6073691964285712,6.0,2.296241709183673,0.0,0,0,0,0.0,0.0,0.0,0.0,0.0,Keypad,1.0,1.0,0.55,Shivamogga,post_successor,EOL_HOLD,EOL HOLD: successor already launched; avoid additional predecessor inventory.,8000
CHI01,MOD003,1.6023462662337662,4.0,2.289066094619666,0.0,0,0,0,0.0,0.0,0.0,0.0,0.0,Keypad,1.0,1.0,0.6,Chitradurga,post_successor,EOL_HOLD,EOL HOLD: successor already launched; avoid additional predecessor inventory.,7500
BLR07,MOD013,1.5896587500000001,3.0,2.2709410714285716,0.0,0,0,0,0.0,0.0,0.0,0.0,0.0,Budget,0.95,1.0,0.55,Bangalore,post_successor,EOL_HOLD,EOL HOLD: successor already launched; avoid additional predecessor inventory.,12000
BLR08,MOD007,1.5796322368421052,3.0,2.2566174812030075,0.0,0,0,0,0.0,0.0,0.0,0.0,0.0,Keypad,0.85,1.0,0.55,Bangalore,post_successor,EOL_HOLD,EOL HOLD: successor already launched; avoid additional predecessor inventory.,7000
TUM02,MOD039,1.578686688311688,3.0,2.2552666975881257,0.0,0,0,0,0.0,0.0,0.0,0.0,0.0,Mid-range,1.0,1.0,1.0,Tumkur,normal,NO_REPLENISHMENT_NEEDED,HOLD: current stock covers the target forecast requirement.,34500
BLR08,MOD052,1.5776172321428572,4.0,2.2537389030612247,0.0,0,0,0,0.0,0.0,0.0,0.0,0.0,Premium,1.3,1.0,0.55,Bangalore,post_successor,EOL_HOLD,EOL HOLD: successor already launched; avoid additional predecessor inventory.,85000
KOP01,MOD011,1.5758115000000001,3.0,2.251159285714286,0.0,0,0,0,0.0,0.0,0.0,0.0,0.0,Keypad,1.0,1.0,0.55,Koppal,post_successor,EOL_HOLD,EOL HOLD: successor already launched; avoid additional predecessor inventory.,8000
TUM01,MOD002,1.5719978571428572,4.0,2.245711224489796,0.0,0,0,0,0.0,0.0,0.0,0.0,0.0,Keypad,1.0,1.0,0.55,Tumkur,post_successor,EOL_HOLD,EOL HOLD: successor already launched; avoid additional predecessor inventory.,7500
MAN02,MOD021,1.5532792207792205,4.0,2.2189703153988867,0.0,0,0,0,0.0,0.0,0.0,0.0,0.0,Budget,1.0,1.0,1.0,Mangalore,normal,NO_REPLENISHMENT_NEEDED,HOLD: current stock covers the target forecast requirement.,12000
KOP01,MOD017,1.52416875,4.0,2.177383928571429,0.0,0,0,0,0.0,0.0,0.0,0.0,0.0,Budget,1.0,1.0,0.55,Koppal,post_successor,EOL_HOLD,EOL HOLD: successor already launched; avoid additional predecessor inventory.,14500
BLR08,MOD005,1.5193124999999998,5.0,2.170446428571428,0.0,0,0,0,0.0,0.0,0.0,0.0,0.0,Keypad,0.85,1.0,0.55,Bangalore,post_successor,EOL_HOLD,EOL HOLD: successor already launched; avoid additional predecessor inventory.,6500
HUB01,MOD013,1.5123749999999998,4.0,2.160535714285714,0.0,0,0,0,0.0,0.0,0.0,0.0,0.0,Budget,1.0,1.0,0.55,Hubli,post_successor,EOL_HOLD,EOL HOLD: successor already launched; avoid additional predecessor inventory.,12000
MYS01,MOD003,1.5120146103896102,4.0,2.1600208719851572,0.0,0,0,0,0.0,0.0,0.0,0.0,0.0,Keypad,1.0,1.0,0.6,Mysore,post_successor,EOL_HOLD,EOL HOLD: successor already launched; avoid additional predecessor inventory.,7500
TUM01,MOD016,1.5059825892857144,5.0,2.151403698979592,0.0,0,0,0,0.0,0.0,0.0,0.0,0.0,Budget,1.0,1.0,0.55,Tumkur,post_successor,EOL_HOLD,EOL HOLD: successor already launched; avoid additional predecessor inventory.,14000
KAL01,MOD017,1.4863692857142858,3.0,2.123384693877551,0.0,0,0,0,0.0,0.0,0.0,0.0,0.0,Budget,1.0,1.0,0.55,Kalaburagi,post_successor,EOL_HOLD,EOL HOLD: successor already launched; avoid additional predecessor inventory.,14500
BLR06,MOD017,1.484995,3.0,2.1214214285714283,0.0,0,0,0,0.0,0.0,0.0,0.0,0.0,Budget,0.95,1.0,0.55,Bangalore,post_successor,EOL_HOLD,EOL HOLD: successor already launched; avoid additional predecessor inventory.,14500
BLR06,MOD004,1.4779577922077922,3.0,2.1113682745825604,0.0,0,0,0,0.0,0.0,0.0,0.0,0.0,Keypad,0.85,1.0,0.6,Bangalore,post_successor,EOL_HOLD,EOL HOLD: successor already launched; avoid additional predecessor inventory.,8000
TUM01,MOD032,1.4423392857142858,5.0,2.060484693877551,0.0,0,0,0,0.0,0.0,0.0,0.0,0.0,Mid-range,1.0,1.0,0.55,Tumkur,post_successor,EOL_HOLD,EOL HOLD: successor already launched; avoid additional predecessor inventory.,27000
TUM02,MOD004,1.4333595779220778,6.0,2.0476565398886826,0.0,0,0,0,0.0,0.0,0.0,0.0,0.0,Keypad,1.0,1.0,0.6,Tumkur,post_successor,EOL_HOLD,EOL HOLD: successor already launched; avoid additional predecessor inventory.,8000
TUM01,MOD014,1.4322964285714286,3.0,2.0461377551020408,0.0,0,0,0,0.0,0.0,0.0,0.0,0.0,Budget,1.0,1.0,0.55,Tumkur,post_successor,EOL_HOLD,EOL HOLD: successor already launched; avoid additional predecessor inventory.,12500
KAL01,MOD007,1.4212459821428571,4.0,2.0303514030612244,0.0,0,0,0,0.0,0.0,0.0,0.0,0.0,Keypad,1.0,1.0,0.55,Kalaburagi,post_successor,EOL_HOLD,EOL HOLD: successor already launched; avoid additional predecessor inventory.,7000
TUM01,MOD031,1.4106415178571428,4.0,2.0152021683673467,0.0,0,0,0,0.0,0.0,0.0,0.0,0.0,Mid-range,1.0,1.0,0.55,Tumkur,post_successor,EOL_HOLD,EOL HOLD: successor already launched; avoid additional predecessor inventory.,26000
TUM01,MOD018,1.4093936688311686,3.0,2.0134195269016693,0.0,0,0,0,0.0,0.0,0.0,0.0,0.0,Upper-mid,1.0,1.0,1.0,Tumkur,normal,NO_REPLENISHMENT_NEEDED,HOLD: current stock covers the target forecast requirement.,15000
CHI01,MOD020,1.404397767857143,3.0,2.0062825255102044,0.0,0,0,0,0.0,0.0,0.0,0.0,0.0,Budget,1.0,1.0,0.55,Chitradurga,post_successor,EOL_HOLD,EOL HOLD: successor already launched; avoid additional predecessor inventory.,11500
SHI01,MOD005,1.4038625892857146,3.0,2.005517984693878,0.0,0,0,0,0.0,0.0,0.0,0.0,0.0,Keypad,1.0,1.0,0.55,Shivamogga,post_successor,EOL_HOLD,EOL HOLD: successor already launched; avoid additional predecessor inventory.,6500
UDU01,MOD016,1.4030598214285717,4.0,2.004371173469388,0.0,0,0,0,0.0,0.0,0.0,0.0,0.0,Budget,1.0,1.0,0.55,Udupi,post_successor,EOL_HOLD,EOL HOLD: successor already launched; avoid additional predecessor inventory.,14000
SHI01,MOD002,1.39651875,4.0,1.9950267857142858,0.0,0,0,0,0.0,0.0,0.0,0.0,0.0,Keypad,1.0,1.0,0.55,Shivamogga,post_successor,EOL_HOLD,EOL HOLD: successor already launched; avoid additional predecessor inventory.,7500
BLR06,MOD002,1.3955276785714286,2.0,1.993610969387755,0.0,0,0,0,0.0,0.0,0.0,0.0,0.0,Keypad,0.85,1.0,0.55,Bangalore,post_successor,EOL_HOLD,EOL HOLD: successor already launched; avoid additional predecessor inventory.,7500
HOS01,MOD003,1.3948159090909087,3.0,1.9925941558441553,0.0,0,0,0,0.0,0.0,0.0,0.0,0.0,Keypad,1.0,1.0,0.6,Hassan,post_successor,EOL_HOLD,EOL HOLD: successor already launched; avoid additional predecessor inventory.,7500
BLR04,MOD028,1.3919568181818183,3.0,1.9885097402597403,0.0,0,0,0,0.0,0.0,0.0,0.0,0.0,Mid-range,1.1,1.0,0.55,Bangalore,post_successor,EOL_HOLD,EOL HOLD: successor already launched; avoid additional predecessor inventory.,28000
KAL01,MOD034,1.3843285714285716,2.0,1.9776122448979596,0.0,0,0,0,0.0,0.0,0.0,0.0,0.0,Mid-range,1.0,1.0,0.55,Kalaburagi,post_successor,EOL_HOLD,EOL HOLD: successor already launched; avoid additional predecessor inventory.,28000
BLR04,MOD034,1.3813613636363637,2.0,1.9733733766233768,0.0,0,0,0,0.0,0.0,0.0,0.0,0.0,Mid-range,1.1,1.0,0.55,Bangalore,post_successor,EOL_HOLD,EOL HOLD: successor already launched; avoid additional predecessor inventory.,28000
BLR06,MOD011,1.380810267857143,3.0,1.9725860969387756,0.0,0,0,0,0.0,0.0,0.0,0.0,0.0,Keypad,0.85,1.0,0.55,Bangalore,post_successor,EOL_HOLD,EOL HOLD: successor already launched; avoid additional predecessor inventory.,8000
BLR01,MOD028,1.3796953125,3.0,1.9709933035714287,0.0,0,0,0,0.0,0.0,0.0,0.0,0.0,Mid-range,1.1,1.0,0.55,Bangalore,post_successor,EOL_HOLD,EOL HOLD: successor already launched; avoid additional predecessor inventory.,28000
HUB01,MOD001,1.378838636363636,3.0,1.9697694805194799,0.0,0,0,0,0.0,0.0,0.0,0.0,0.0,Keypad,1.0,1.0,0.55,Hubli,post_successor,EOL_HOLD,EOL HOLD: successor already launched; avoid additional predecessor inventory.,7000
BLR05,MOD023,1.3781343750000001,3.0,1.968763392857143,0.0,0,0,0,0.0,0.0,0.0,0.0,0.0,Budget,0.95,1.0,0.55,Bangalore,post_successor,EOL_HOLD,EOL HOLD: successor already launched; avoid additional predecessor inventory.,13500
MYS02,MOD001,1.3729312500000002,4.0,1.9613303571428575,0.0,0,0,0,0.0,0.0,0.0,0.0,0.0,Keypad,1.0,1.0,0.55,Mysore,post_successor,EOL_HOLD,EOL HOLD: successor already launched; avoid additional predecessor inventory.,7000
BLR06,MOD014,1.3704139285714287,3.0,1.9577341836734696,0.0,0,0,0,0.0,0.0,0.0,0.0,0.0,Budget,0.95,1.0,0.55,Bangalore,post_successor,EOL_HOLD,EOL HOLD: successor already launched; avoid additional predecessor inventory.,12500
BLR08,MOD040,1.366241517857143,7.0,1.9517735969387755,0.0,0,0,0,0.0,0.0,0.0,0.0,0.0,Mid-range,1.1,1.0,0.55,Bangalore,post_successor,EOL_HOLD,EOL HOLD: successor already launched; avoid additional predecessor inventory.,35000
MAN02,MOD004,1.36541871657754,3.0,1.950598166539343,0.0,0,0,0,0.0,0.0,0.0,0.0,0.0,Keypad,1.0,1.0,0.6,Mangalore,post_successor,EOL_HOLD,EOL HOLD: successor already launched; avoid additional predecessor inventory.,8000
SHI01,MOD020,1.3599779464285713,3.0,1.9428256377551019,0.0,0,0,0,0.0,0.0,0.0,0.0,0.0,Budget,1.0,1.0,0.55,Shivamogga,post_successor,EOL_HOLD,EOL HOLD: successor already launched; avoid additional predecessor inventory.,11500
BLR02,MOD034,1.358957142857143,3.0,1.9413673469387758,0.0,0,0,0,0.0,0.0,0.0,0.0,0.0,Mid-range,1.1,1.0,0.55,Bangalore,post_successor,EOL_HOLD,EOL HOLD: successor already launched; avoid additional predecessor inventory.,28000
CHI01,MOD026,1.3555875,2.0,1.9365535714285715,0.0,0,0,0,0.0,0.0,0.0,0.0,0.0,Mid-range,1.0,1.0,0.55,Chitradurga,post_successor,EOL_HOLD,EOL HOLD: successor already launched; avoid additional predecessor inventory.,25000
BLR05,MOD053,1.3547450892857145,3.0,1.9353501275510205,0.0,0,0,0,0.0,0.0,0.0,0.0,0.0,Premium,1.3,1.0,0.55,Bangalore,post_successor,EOL_HOLD,EOL HOLD: successor already launched; avoid additional predecessor inventory.,88500
UDU01,MOD018,1.3433522727272726,2.0,1.9190746753246752,0.0,0,0,0,0.0,0.0,0.0,0.0,0.0,Upper-mid,1.0,1.0,1.0,Udupi,normal,NO_REPLENISHMENT_NEEDED,HOLD: current stock covers the target forecast requirement.,15000
KAL01,MOD045,1.3371388888888887,4.0,1.9101984126984124,0.0,0,0,0,0.0,0.0,0.0,0.0,0.0,Mid-range,1.0,1.0,1.0,Kalaburagi,normal,NO_REPLENISHMENT_NEEDED,HOLD: current stock covers the target forecast requirement.,38000
MAN01,MOD037,1.335092142857143,2.0,1.9072744897959184,0.0,0,0,0,0.0,0.0,0.0,0.0,0.0,Mid-range,1.0,1.0,0.55,Mangalore,post_successor,EOL_HOLD,EOL HOLD: successor already launched; avoid additional predecessor inventory.,32000
BLR08,MOD011,1.334775,4.0,1.9068214285714287,0.0,0,0,0,0.0,0.0,0.0,0.0,0.0,Keypad,0.85,1.0,0.55,Bangalore,post_successor,EOL_HOLD,EOL HOLD: successor already launched; avoid additional predecessor inventory.,8000
MYS02,MOD011,1.3322973214285716,4.0,1.9032818877551023,0.0,0,0,0,0.0,0.0,0.0,0.0,0.0,Keypad,1.0,1.0,0.55,Mysore,post_successor,EOL_HOLD,EOL HOLD: successor already launched; avoid additional predecessor inventory.,8000
BEL01,MOD004,1.3293651515151517,3.0,1.8990930735930738,0.0,0,0,0,0.0,0.0,0.0,0.0,0.0,Keypad,1.0,1.0,0.6,Belgaum,post_successor,EOL_HOLD,EOL HOLD: successor already launched; avoid additional predecessor inventory.,8000
BLR02,MOD052,1.3227830357142858,2.0,1.8896900510204084,0.0,0,0,0,0.0,0.0,0.0,0.0,0.0,Premium,1.3,1.0,0.55,Bangalore,post_successor,EOL_HOLD,EOL HOLD: successor already launched; avoid additional predecessor inventory.,85000
TUM01,MOD025,1.3164173076923078,4.0,1.880596153846154,0.0,0,0,0,0.0,0.0,0.0,0.0,0.0,Upper-mid,1.0,1.0,0.55,Tumkur,post_successor,EOL_HOLD,EOL HOLD: successor already launched; avoid additional predecessor inventory.,24000
MYS02,MOD039,1.3145211038961038,4.0,1.877887291280148,0.0,0,0,0,0.0,0.0,0.0,0.0,0.0,Mid-range,1.0,1.0,1.0,Mysore,normal,NO_REPLENISHMENT_NEEDED,HOLD: current stock covers the target forecast requirement.,34500
CHI01,MOD013,1.3121480769230771,4.0,1.874497252747253,0.0,0,0,0,0.0,0.0,0.0,0.0,0.0,Budget,1.0,1.0,0.55,Chitradurga,post_successor,EOL_HOLD,EOL HOLD: successor already launched; avoid additional predecessor inventory.,12000
DAV02,MOD003,1.3050572727272727,2.0,1.8643675324675324,0.0,0,0,0,0.0,0.0,0.0,0.0,0.0,Keypad,1.15,1.0,0.6,Davangere,post_successor,EOL_HOLD,EOL HOLD: successor already launched; avoid additional predecessor inventory.,7500
UDU01,MOD057,1.2976728896103897,3.0,1.853818413729128,0.0,0,0,0,0.0,0.0,0.0,0.0,0.0,Premium,1.0,1.0,1.0,Udupi,normal,NO_REPLENISHMENT_NEEDED,HOLD: current stock covers the target forecast requirement.,129500
HUB01,MOD042,1.2947897727272726,3.0,1.849699675324675,0.0,0,0,0,0.0,0.0,0.0,0.0,0.0,Mid-range,1.0,1.0,1.0,Hubli,normal,NO_REPLENISHMENT_NEEDED,HOLD: current stock covers the target forecast requirement.,38000
TUM01,MOD020,1.2922670454545455,3.0,1.8460957792207793,0.0,0,0,0,0.0,0.0,0.0,0.0,0.0,Budget,1.0,1.0,0.55,Tumkur,post_successor,EOL_HOLD,EOL HOLD: successor already launched; avoid additional predecessor inventory.,11500
UDU01,MOD033,1.290375,2.0,1.8433928571428573,0.0,0,0,0,0.0,0.0,0.0,0.0,0.0,Mid-range,1.0,1.0,1.0,Udupi,normal,NO_REPLENISHMENT_NEEDED,HOLD: current stock covers the target forecast requirement.,28000
BLR08,MOD037,1.27996875,3.0,1.828526785714286,0.0,0,0,0,0.0,0.0,0.0,0.0,0.0,Mid-range,1.1,1.0,0.55,Bangalore,post_successor,EOL_HOLD,EOL HOLD: successor already launched; avoid additional predecessor inventory.,32000
BLR05,MOD020,1.2767576785714285,2.0,1.8239395408163264,0.0,0,0,0,0.0,0.0,0.0,0.0,0.0,Budget,0.95,1.0,0.55,Bangalore,post_successor,EOL_HOLD,EOL HOLD: successor already launched; avoid additional predecessor inventory.,11500
HUB02,MOD009,1.2700249999999997,3.0,1.8143214285714282,0.0,0,0,0,0.0,0.0,0.0,0.0,0.0,Keypad,1.0,1.0,0.55,Hubli,post_successor,EOL_HOLD,EOL HOLD: successor already launched; avoid additional predecessor inventory.,7500
BEL01,MOD045,1.2683011363636363,2.0,1.811858766233766,0.0,0,0,0,0.0,0.0,0.0,0.0,0.0,Mid-range,1.0,1.0,1.0,Belgaum,normal,NO_REPLENISHMENT_NEEDED,HOLD: current stock covers the target forecast requirement.,38000
BLR01,MOD035,1.2675583333333331,6.0,1.810797619047619,0.0,0,0,0,0.0,0.0,0.0,0.0,0.0,Mid-range,1.1,1.0,0.55,Bangalore,post_successor,EOL_HOLD,EOL HOLD: successor already launched; avoid additional predecessor inventory.,29000
DAV02,MOD025,1.2660541071428573,2.0,1.808648724489796,0.0,0,0,0,0.0,0.0,0.0,0.0,0.0,Upper-mid,1.1,1.0,0.55,Davangere,post_successor,EOL_HOLD,EOL HOLD: successor already launched; avoid additional predecessor inventory.,24000
BLR04,MOD004,1.26053474025974,2.0,1.8007639146567713,0.0,0,0,0,0.0,0.0,0.0,0.0,0.0,Keypad,0.85,1.0,0.6,Bangalore,post_successor,EOL_HOLD,EOL HOLD: successor already launched; avoid additional predecessor inventory.,8000
MYS01,MOD004,1.2599509090909091,5.0,1.7999298701298703,0.0,0,0,0,0.0,0.0,0.0,0.0,0.0,Keypad,1.0,1.0,0.6,Mysore,post_successor,EOL_HOLD,EOL HOLD: successor already launched; avoid additional predecessor inventory.,8000
MAN02,MOD002,1.2569560714285717,2.0,1.7956515306122454,0.0,0,0,0,0.0,0.0,0.0,0.0,0.0,Keypad,1.0,1.0,0.55,Mangalore,post_successor,EOL_HOLD,EOL HOLD: successor already launched; avoid additional predecessor inventory.,7500
BLR08,MOD036,1.2560478896103895,2.0,1.794354128014842,0.0,0,0,0,0.0,0.0,0.0,0.0,0.0,Mid-range,1.1,1.0,1.0,Bangalore,normal,NO_REPLENISHMENT_NEEDED,HOLD: current stock covers the target forecast requirement.,30000
DAV01,MOD032,1.2540125892857146,3.0,1.7914465561224495,0.0,0,0,0,0.0,0.0,0.0,0.0,0.0,Mid-range,0.95,1.0,0.55,Davangere,post_successor,EOL_HOLD,EOL HOLD: successor already launched; avoid additional predecessor inventory.,27000
BLR02,MOD040,1.2503357142857143,3.0,1.7861938775510207,0.0,0,0,0,0.0,0.0,0.0,0.0,0.0,Mid-range,1.1,1.0,0.55,Bangalore,post_successor,EOL_HOLD,EOL HOLD: successor already launched; avoid additional predecessor inventory.,35000
MAN01,MOD007,1.2494767857142857,3.0,1.784966836734694,0.0,0,0,0,0.0,0.0,0.0,0.0,0.0,Keypad,1.0,1.0,0.55,Mangalore,post_successor,EOL_HOLD,EOL HOLD: successor already launched; avoid additional predecessor inventory.,7000
MAN02,MOD055,1.2425062500000001,2.0,1.7750089285714288,0.0,0,0,0,0.0,0.0,0.0,0.0,0.0,Premium,1.0,1.0,0.55,Mangalore,post_successor,EOL_HOLD,EOL HOLD: successor already launched; avoid additional predecessor inventory.,120000
CHI01,MOD044,1.242238660714286,3.0,1.7746266581632655,0.0,0,0,0,0.0,0.0,0.0,0.0,0.0,Mid-range,1.0,1.0,0.55,Chitradurga,post_successor,EOL_HOLD,EOL HOLD: successor already launched; avoid additional predecessor inventory.,36500
BLR04,MOD007,1.2316795454545453,4.0,1.7595422077922076,0.0,0,0,0,0.0,0.0,0.0,0.0,0.0,Keypad,0.85,1.0,0.55,Bangalore,post_successor,EOL_HOLD,EOL HOLD: successor already launched; avoid additional predecessor inventory.,7000
BLR06,MOD040,1.2299295535714287,2.0,1.7570422193877555,0.0,0,0,0,0.0,0.0,0.0,0.0,0.0,Mid-range,1.1,1.0,0.55,Bangalore,post_successor,EOL_HOLD,EOL HOLD: successor already launched; avoid additional predecessor inventory.,35000
BLR01,MOD050,1.2296613636363638,2.0,1.7566590909090911,0.0,0,0,0,0.0,0.0,0.0,0.0,0.0,Mid-range,1.1,1.0,0.55,Bangalore,post_successor,EOL_HOLD,EOL HOLD: successor already launched; avoid additional predecessor inventory.,43500
DAV02,MOD020,1.2256481250000002,3.0,1.7509258928571432,0.0,0,0,0,0.0,0.0,0.0,0.0,0.0,Budget,1.3,1.0,0.55,Davangere,post_successor,EOL_HOLD,EOL HOLD: successor already launched; avoid additional predecessor inventory.,11500
BLR08,MOD006,1.2185718749999999,3.0,1.7408169642857143,0.0,0,0,0,0.0,0.0,0.0,0.0,0.0,Keypad,0.85,1.0,0.55,Bangalore,post_successor,EOL_HOLD,EOL HOLD: successor already launched; avoid additional predecessor inventory.,7000
MAN01,MOD052,1.216460892857143,2.0,1.7378012755102041,0.0,0,0,0,0.0,0.0,0.0,0.0,0.0,Premium,1.0,1.0,0.55,Mangalore,post_successor,EOL_HOLD,EOL HOLD: successor already launched; avoid additional predecessor inventory.,85000
HUB02,MOD037,1.2155340909090908,2.0,1.7364772727272726,0.0,0,0,0,0.0,0.0,0.0,0.0,0.0,Mid-range,1.0,1.0,0.55,Hubli,post_successor,EOL_HOLD,EOL HOLD: successor already launched; avoid additional predecessor inventory.,32000
BLR02,MOD013,1.2136000000000002,4.0,1.7337142857142862,0.0,0,0,0,0.0,0.0,0.0,0.0,0.0,Budget,0.95,1.0,0.55,Bangalore,post_successor,EOL_HOLD,EOL HOLD: successor already launched; avoid additional predecessor inventory.,12000
BLR07,MOD026,1.2116442857142857,2.0,1.7309204081632654,0.0,0,0,0,0.0,0.0,0.0,0.0,0.0,Mid-range,1.1,1.0,0.55,Bangalore,post_successor,EOL_HOLD,EOL HOLD: successor already launched; avoid additional predecessor inventory.,25000
BLR04,MOD025,1.2115796052631578,2.0,1.7308280075187967,0.0,0,0,0,0.0,0.0,0.0,0.0,0.0,Upper-mid,1.05,1.0,0.55,Bangalore,post_successor,EOL_HOLD,EOL HOLD: successor already launched; avoid additional predecessor inventory.,24000
TUM02,MOD015,1.2076655844155844,2.0,1.7252365491651207,0.0,0,0,0,0.0,0.0,0.0,0.0,0.0,Budget,1.0,1.0,1.0,Tumkur,normal,NO_REPLENISHMENT_NEEDED,HOLD: current stock covers the target forecast requirement.,13000
UDU01,MOD023,1.2060249107142857,3.0,1.7228927295918368,0.0,0,0,0,0.0,0.0,0.0,0.0,0.0,Budget,1.0,1.0,0.55,Udupi,post_successor,EOL_HOLD,EOL HOLD: successor already launched; avoid additional predecessor inventory.,13500
BEL01,MOD039,1.2006379870129869,3.0,1.715197124304267,0.0,0,0,0,0.0,0.0,0.0,0.0,0.0,Mid-range,1.0,1.0,1.0,Belgaum,normal,NO_REPLENISHMENT_NEEDED,HOLD: current stock covers the target forecast requirement.,34500
MAN02,MOD027,1.1998838383838382,2.0,1.714119769119769,0.0,0,0,0,0.0,0.0,0.0,0.0,0.0,Mid-range,1.0,1.0,1.0,Mangalore,normal,NO_REPLENISHMENT_NEEDED,HOLD: current stock covers the target forecast requirement.,26000
MAN01,MOD004,1.180713986013986,4.0,1.6867342657342657,0.0,0,0,0,0.0,0.0,0.0,0.0,0.0,Keypad,1.0,1.0,0.6,Mangalore,post_successor,EOL_HOLD,EOL HOLD: successor already launched; avoid additional predecessor inventory.,8000
UDU01,MOD051,1.1798254870129872,2.0,1.6854649814471245,0.0,0,0,0,0.0,0.0,0.0,0.0,0.0,Flagship,1.0,1.0,1.0,Udupi,normal,NO_REPLENISHMENT_NEEDED,HOLD: current stock covers the target forecast requirement.,45500
BLR08,MOD019,1.1778096153846154,2.0,1.6825851648351648,0.0,0,0,0,0.0,0.0,0.0,0.0,0.0,Budget,0.95,1.0,0.55,Bangalore,post_successor,EOL_HOLD,EOL HOLD: successor already launched; avoid additional predecessor inventory.,11000
HOS01,MOD036,1.1764318181818179,3.0,1.6806168831168828,0.0,0,0,0,0.0,0.0,0.0,0.0,0.0,Mid-range,1.0,1.0,1.0,Hassan,normal,NO_REPLENISHMENT_NEEDED,HOLD: current stock covers the target forecast requirement.,30000
MYS01,MOD039,1.1722573051948049,2.0,1.6746532931354354,0.0,0,0,0,0.0,0.0,0.0,0.0,0.0,Mid-range,1.0,1.0,1.0,Mysore,normal,NO_REPLENISHMENT_NEEDED,HOLD: current stock covers the target forecast requirement.,34500
HUB02,MOD013,1.1720410714285714,2.0,1.674344387755102,0.0,0,0,0,0.0,0.0,0.0,0.0,0.0,Budget,1.0,1.0,0.55,Hubli,post_successor,EOL_HOLD,EOL HOLD: successor already launched; avoid additional predecessor inventory.,12000
KAL01,MOD014,1.1676583333333335,2.0,1.6680833333333336,0.0,0,0,0,0.0,0.0,0.0,0.0,0.0,Budget,1.0,1.0,0.55,Kalaburagi,post_successor,EOL_HOLD,EOL HOLD: successor already launched; avoid additional predecessor inventory.,12500
BLR03,MOD031,1.1626754464285716,2.0,1.660964923469388,0.0,0,0,0,0.0,0.0,0.0,0.0,0.0,Mid-range,1.1,1.0,0.55,Bangalore,post_successor,EOL_HOLD,EOL HOLD: successor already launched; avoid additional predecessor inventory.,26000
BLR08,MOD048,1.1614456168831166,2.0,1.6592080241187381,0.0,0,0,0,0.0,0.0,0.0,0.0,0.0,Flagship,1.2,1.0,1.0,Bangalore,normal,NO_REPLENISHMENT_NEEDED,HOLD: current stock covers the target forecast requirement.,54000
KOP01,MOD006,1.1564132352941177,4.0,1.6520189075630252,0.0,0,0,0,0.0,0.0,0.0,0.0,0.0,Keypad,1.0,1.0,0.55,Koppal,post_successor,EOL_HOLD,EOL HOLD: successor already launched; avoid additional predecessor inventory.,7000
BLR05,MOD038,1.1557602941176475,2.0,1.6510861344537822,0.0,0,0,0,0.0,0.0,0.0,0.0,0.0,Mid-range,1.1,1.0,0.55,Bangalore,post_successor,EOL_HOLD,EOL HOLD: successor already launched; avoid additional predecessor inventory.,33500
SHI01,MOD039,1.1508141233766234,2.0,1.644020176252319,0.0,0,0,0,0.0,0.0,0.0,0.0,0.0,Mid-range,1.0,1.0,1.0,Shivamogga,normal,NO_REPLENISHMENT_NEEDED,HOLD: current stock covers the target forecast requirement.,34500
BLR01,MOD004,1.1480486631016045,3.0,1.640069518716578,0.0,0,0,0,0.0,0.0,0.0,0.0,0.0,Keypad,0.85,1.0,0.6,Bangalore,post_successor,EOL_HOLD,EOL HOLD: successor already launched; avoid additional predecessor inventory.,8000
TUM01,MOD009,1.1450343750000003,2.0,1.6357633928571431,0.0,0,0,0,0.0,0.0,0.0,0.0,0.0,Keypad,1.0,1.0,0.55,Tumkur,post_successor,EOL_HOLD,EOL HOLD: successor already launched; avoid additional predecessor inventory.,7500
HUB02,MOD002,1.1426833333333333,2.0,1.632404761904762,0.0,0,0,0,0.0,0.0,0.0,0.0,0.0,Keypad,1.0,1.0,0.55,Hubli,post_successor,EOL_HOLD,EOL HOLD: successor already launched; avoid additional predecessor inventory.,7500
BLR07,MOD028,1.1409214285714286,3.0,1.629887755102041,0.0,0,0,0,0.0,0.0,0.0,0.0,0.0,Mid-range,1.1,1.0,0.55,Bangalore,post_successor,EOL_HOLD,EOL HOLD: successor already launched; avoid additional predecessor inventory.,28000
BLR07,MOD051,1.1379842532467532,2.0,1.6256917903525046,0.0,0,0,0,0.0,0.0,0.0,0.0,0.0,Flagship,1.2,1.0,1.0,Bangalore,normal,NO_REPLENISHMENT_NEEDED,HOLD: current stock covers the target forecast requirement.,45500
BLR05,MOD014,1.1362083333333335,2.0,1.6231547619047622,0.0,0,0,0,0.0,0.0,0.0,0.0,0.0,Budget,0.95,1.0,0.55,Bangalore,post_successor,EOL_HOLD,EOL HOLD: successor already launched; avoid additional predecessor inventory.,12500
SHI01,MOD006,1.133917857142857,4.0,1.619882653061224,0.0,0,0,0,0.0,0.0,0.0,0.0,0.0,Keypad,1.0,1.0,0.55,Shivamogga,post_successor,EOL_HOLD,EOL HOLD: successor already launched; avoid additional predecessor inventory.,7000
HOS01,MOD017,1.1309611607142858,2.0,1.6156588010204083,0.0,0,0,0,0.0,0.0,0.0,0.0,0.0,Budget,1.0,1.0,0.55,Hassan,post_successor,EOL_HOLD,EOL HOLD: successor already launched; avoid additional predecessor inventory.,14500
BLR02,MOD029,1.1217937500000001,2.0,1.6025625000000001,0.0,0,0,0,0.0,0.0,0.0,0.0,0.0,Mid-range,1.1,1.0,0.55,Bangalore,post_successor,EOL_HOLD,EOL HOLD: successor already launched; avoid additional predecessor inventory.,29000
MYS02,MOD042,1.1209318181818182,2.0,1.6013311688311689,0.0,0,0,0,0.0,0.0,0.0,0.0,0.0,Mid-range,1.0,1.0,1.0,Mysore,normal,NO_REPLENISHMENT_NEEDED,HOLD: current stock covers the target forecast requirement.,38000
MAN01,MOD047,1.1172678571428571,2.0,1.5960969387755102,0.0,0,0,0,0.0,0.0,0.0,0.0,0.0,Flagship,1.0,1.0,0.55,Mangalore,post_successor,EOL_HOLD,EOL HOLD: successor already launched; avoid additional predecessor inventory.,52000
BLR06,MOD009,1.1131714285714285,2.0,1.5902448979591834,0.0,0,0,0,0.0,0.0,0.0,0.0,0.0,Keypad,0.85,1.0,0.55,Bangalore,post_successor,EOL_HOLD,EOL HOLD: successor already launched; avoid additional predecessor inventory.,7500
MAN02,MOD054,1.1107387987012987,2.0,1.5867697124304265,0.0,0,0,0,0.0,0.0,0.0,0.0,0.0,Premium,1.0,1.0,1.0,Mangalore,normal,NO_REPLENISHMENT_NEEDED,HOLD: current stock covers the target forecast requirement.,92000
HUB01,MOD016,1.1102279464285716,3.0,1.5860399234693878,0.0,0,0,0,0.0,0.0,0.0,0.0,0.0,Budget,1.0,1.0,0.55,Hubli,post_successor,EOL_HOLD,EOL HOLD: successor already launched; avoid additional predecessor inventory.,14000
BLR01,MOD031,1.1052428571428572,4.0,1.5789183673469387,0.0,0,0,0,0.0,0.0,0.0,0.0,0.0,Mid-range,1.1,1.0,0.55,Bangalore,post_successor,EOL_HOLD,EOL HOLD: successor already launched; avoid additional predecessor inventory.,26000
BLR01,MOD052,1.1032359375,2.0,1.5760513392857143,0.0,0,0,0,0.0,0.0,0.0,0.0,0.0,Premium,1.3,1.0,0.55,Bangalore,post_successor,EOL_HOLD,EOL HOLD: successor already launched; avoid additional predecessor inventory.,85000
BLR05,MOD056,1.0989495535714287,2.0,1.5699279336734695,0.0,0,0,0,0.0,0.0,0.0,0.0,0.0,Premium,1.3,1.0,0.55,Bangalore,post_successor,EOL_HOLD,EOL HOLD: successor already launched; avoid additional predecessor inventory.,125000
BLR08,MOD050,1.098454017857143,2.0,1.569220025510204,0.0,0,0,0,0.0,0.0,0.0,0.0,0.0,Mid-range,1.1,1.0,0.55,Bangalore,post_successor,EOL_HOLD,EOL HOLD: successor already launched; avoid additional predecessor inventory.,43500
CHI01,MOD034,1.098454017857143,2.0,1.569220025510204,0.0,0,0,0,0.0,0.0,0.0,0.0,0.0,Mid-range,1.0,1.0,0.55,Chitradurga,post_successor,EOL_HOLD,EOL HOLD: successor already launched; avoid additional predecessor inventory.,28000
HUB02,MOD023,1.096025892857143,6.0,1.565751275510204,0.0,0,0,0,0.0,0.0,0.0,0.0,0.0,Budget,1.0,1.0,0.55,Hubli,post_successor,EOL_HOLD,EOL HOLD: successor already launched; avoid additional predecessor inventory.,13500
MYS02,MOD031,1.0908596153846155,4.0,1.5583708791208792,0.0,0,0,0,0.0,0.0,0.0,0.0,0.0,Mid-range,1.0,1.0,0.55,Mysore,post_successor,EOL_HOLD,EOL HOLD: successor already launched; avoid additional predecessor inventory.,26000
BLR03,MOD029,1.0890613636363637,2.0,1.5558019480519483,0.0,0,0,0,0.0,0.0,0.0,0.0,0.0,Mid-range,1.1,1.0,0.55,Bangalore,post_successor,EOL_HOLD,EOL HOLD: successor already launched; avoid additional predecessor inventory.,29000
BLR07,MOD035,1.0799011607142859,2.0,1.5427159438775513,0.0,0,0,0,0.0,0.0,0.0,0.0,0.0,Mid-range,1.1,1.0,0.55,Bangalore,post_successor,EOL_HOLD,EOL HOLD: successor already launched; avoid additional predecessor inventory.,29000
HUB01,MOD026,1.0793326923076922,3.0,1.541903846153846,0.0,0,0,0,0.0,0.0,0.0,0.0,0.0,Mid-range,1.0,1.0,0.55,Hubli,post_successor,EOL_HOLD,EOL HOLD: successor already launched; avoid additional predecessor inventory.,25000
BLR06,MOD016,1.0735285714285714,2.0,1.5336122448979592,0.0,0,0,0,0.0,0.0,0.0,0.0,0.0,Budget,0.95,1.0,0.55,Bangalore,post_successor,EOL_HOLD,EOL HOLD: successor already launched; avoid additional predecessor inventory.,14000
BLR04,MOD052,1.0705553571428572,4.0,1.5293647959183674,0.0,0,0,0,0.0,0.0,0.0,0.0,0.0,Premium,1.3,1.0,0.55,Bangalore,post_successor,EOL_HOLD,EOL HOLD: successor already launched; avoid additional predecessor inventory.,85000
DAV01,MOD042,1.0698465909090908,2.0,1.5283522727272725,0.0,0,0,0,0.0,0.0,0.0,0.0,0.0,Mid-range,0.95,1.0,1.0,Davangere,normal,NO_REPLENISHMENT_NEEDED,HOLD: current stock covers the target forecast requirement.,38000
BLR07,MOD019,1.0673955882352946,3.0,1.5248508403361352,0.0,0,0,0,0.0,0.0,0.0,0.0,0.0,Budget,0.95,1.0,0.55,Bangalore,post_successor,EOL_HOLD,EOL HOLD: successor already launched; avoid additional predecessor inventory.,11000
MAN01,MOD015,1.056752435064935,2.0,1.50964633580705,0.0,0,0,0,0.0,0.0,0.0,0.0,0.0,Budget,1.0,1.0,1.0,Mangalore,normal,NO_REPLENISHMENT_NEEDED,HOLD: current stock covers the target forecast requirement.,13000
KAL01,MOD011,1.0486526785714287,2.0,1.498075255102041,0.0,0,0,0,0.0,0.0,0.0,0.0,0.0,Keypad,1.0,1.0,0.55,Kalaburagi,post_successor,EOL_HOLD,EOL HOLD: successor already launched; avoid additional predecessor inventory.,8000
HUB02,MOD026,1.0447875000000002,2.0,1.4925535714285716,0.0,0,0,0,0.0,0.0,0.0,0.0,0.0,Mid-range,1.0,1.0,0.55,Hubli,post_successor,EOL_HOLD,EOL HOLD: successor already launched; avoid additional predecessor inventory.,25000
SHI01,MOD014,1.0423098214285713,3.0,1.4890140306122446,0.0,0,0,0,0.0,0.0,0.0,0.0,0.0,Budget,1.0,1.0,0.55,Shivamogga,post_successor,EOL_HOLD,EOL HOLD: successor already launched; avoid additional predecessor inventory.,12500
BLR02,MOD050,1.036809375,3.0,1.48115625,0.0,0,0,0,0.0,0.0,0.0,0.0,0.0,Mid-range,1.1,1.0,0.55,Bangalore,post_successor,EOL_HOLD,EOL HOLD: successor already launched; avoid additional predecessor inventory.,43500
HUB01,MOD011,1.0346785714285713,4.0,1.4781122448979591,0.0,0,0,0,0.0,0.0,0.0,0.0,0.0,Keypad,1.0,1.0,0.55,Hubli,post_successor,EOL_HOLD,EOL HOLD: successor already launched; avoid additional predecessor inventory.,8000
TUM01,MOD026,1.0339848214285716,3.0,1.477121173469388,0.0,0,0,0,0.0,0.0,0.0,0.0,0.0,Mid-range,1.0,1.0,0.55,Tumkur,post_successor,EOL_HOLD,EOL HOLD: successor already launched; avoid additional predecessor inventory.,25000
KAL01,MOD019,1.0333901785714286,4.0,1.4762716836734693,0.0,0,0,0,0.0,0.0,0.0,0.0,0.0,Budget,1.0,1.0,0.55,Kalaburagi,post_successor,EOL_HOLD,EOL HOLD: successor already launched; avoid additional predecessor inventory.,11000
BLR08,MOD045,1.0307142857142857,2.0,1.4724489795918367,0.0,0,0,0,0.0,0.0,0.0,0.0,0.0,Mid-range,1.1,1.0,1.0,Bangalore,normal,NO_REPLENISHMENT_NEEDED,HOLD: current stock covers the target forecast requirement.,38000
MYS01,MOD016,1.026650892857143,2.0,1.4666441326530613,0.0,0,0,0,0.0,0.0,0.0,0.0,0.0,Budget,1.0,1.0,0.55,Mysore,post_successor,EOL_HOLD,EOL HOLD: successor already launched; avoid additional predecessor inventory.,14000
UDU01,MOD001,1.025957142857143,3.0,1.46565306122449,0.0,0,0,0,0.0,0.0,0.0,0.0,0.0,Keypad,1.0,1.0,0.55,Udupi,post_successor,EOL_HOLD,EOL HOLD: successor already launched; avoid additional predecessor inventory.,7000
BLR08,MOD038,1.0245101785714286,2.0,1.4635859693877553,0.0,0,0,0,0.0,0.0,0.0,0.0,0.0,Mid-range,1.1,1.0,0.55,Bangalore,post_successor,EOL_HOLD,EOL HOLD: successor already launched; avoid additional predecessor inventory.,33500
MAN01,MOD028,1.0240245535714287,3.0,1.4628922193877554,0.0,0,0,0,0.0,0.0,0.0,0.0,0.0,Mid-range,1.0,1.0,0.55,Mangalore,post_successor,EOL_HOLD,EOL HOLD: successor already launched; avoid additional predecessor inventory.,28000
BLR03,MOD055,1.023975,3.0,1.4628214285714287,0.0,0,0,0,0.0,0.0,0.0,0.0,0.0,Premium,1.3,1.0,0.55,Bangalore,post_successor,EOL_HOLD,EOL HOLD: successor already launched; avoid additional predecessor inventory.,120000
UDU01,MOD005,1.0238758928571428,3.0,1.4626798469387754,0.0,0,0,0,0.0,0.0,0.0,0.0,0.0,Keypad,1.0,1.0,0.55,Udupi,post_successor,EOL_HOLD,EOL HOLD: successor already launched; avoid additional predecessor inventory.,6500
BLR05,MOD032,1.022703125,2.0,1.4610044642857143,0.0,0,0,0,0.0,0.0,0.0,0.0,0.0,Mid-range,1.1,1.0,0.55,Bangalore,post_successor,EOL_HOLD,EOL HOLD: successor already launched; avoid additional predecessor inventory.,27000
HUB02,MOD019,1.02096875,3.0,1.4585267857142856,0.0,0,0,0,0.0,0.0,0.0,0.0,0.0,Budget,1.0,1.0,0.55,Hubli,post_successor,EOL_HOLD,EOL HOLD: successor already launched; avoid additional predecessor inventory.,11000
BLR05,MOD035,1.019482142857143,3.0,1.45640306122449,0.0,0,0,0,0.0,0.0,0.0,0.0,0.0,Mid-range,1.1,1.0,0.55,Bangalore,post_successor,EOL_HOLD,EOL HOLD: successor already launched; avoid additional predecessor inventory.,29000
UDU01,MOD048,1.017830357142857,2.0,1.4540433673469388,0.0,0,0,0,0.0,0.0,0.0,0.0,0.0,Flagship,1.0,1.0,1.0,Udupi,normal,NO_REPLENISHMENT_NEEDED,HOLD: current stock covers the target forecast requirement.,54000
BLR02,MOD014,1.0167500892857142,2.0,1.4525001275510203,0.0,0,0,0,0.0,0.0,0.0,0.0,0.0,Budget,0.95,1.0,0.55,Bangalore,post_successor,EOL_HOLD,EOL HOLD: successor already launched; avoid additional predecessor inventory.,12500
HUB02,MOD006,1.0161125,3.0,1.4515892857142858,0.0,0,0,0,0.0,0.0,0.0,0.0,0.0,Keypad,1.0,1.0,0.55,Hubli,post_successor,EOL_HOLD,EOL HOLD: successor already launched; avoid additional predecessor inventory.,7000
BLR07,MOD020,1.0147249999999999,2.0,1.4496071428571429,0.0,0,0,0,0.0,0.0,0.0,0.0,0.0,Budget,0.95,1.0,0.55,Bangalore,post_successor,EOL_HOLD,EOL HOLD: successor already launched; avoid additional predecessor inventory.,11500
BLR03,MOD050,1.001229910714286,2.0,1.4303284438775512,0.0,0,0,0,0.0,0.0,0.0,0.0,0.0,Mid-range,1.1,1.0,0.55,Bangalore,post_successor,EOL_HOLD,EOL HOLD: successor already launched; avoid additional predecessor inventory.,43500
MYS02,MOD057,0.9991801948051948,3.0,1.4274002782931354,0.0,0,0,0,0.0,0.0,0.0,0.0,0.0,Premium,1.0,1.0,1.0,Mysore,normal,NO_REPLENISHMENT_NEEDED,HOLD: current stock covers the target forecast requirement.,129500
BLR05,MOD049,0.9982566964285716,3.0,1.4260809948979596,0.0,0,0,0,0.0,0.0,0.0,0.0,0.0,Mid-range,1.1,1.0,0.55,Bangalore,post_successor,EOL_HOLD,EOL HOLD: successor already launched; avoid additional predecessor inventory.,42000
BLR05,MOD004,0.9828905844155844,4.0,1.404129406307978,0.0,0,0,0,0.0,0.0,0.0,0.0,0.0,Keypad,0.85,1.0,0.6,Bangalore,post_successor,EOL_HOLD,EOL HOLD: successor already launched; avoid additional predecessor inventory.,8000
BLR07,MOD032,0.9682272321428573,2.0,1.383181760204082,0.0,0,0,0,0.0,0.0,0.0,0.0,0.0,Mid-range,1.1,1.0,0.55,Bangalore,post_successor,EOL_HOLD,EOL HOLD: successor already launched; avoid additional predecessor inventory.,27000
BEL01,MOD060,0.9681866883116883,2.0,1.3831238404452688,0.0,0,0,0,0.0,0.0,0.0,0.0,0.0,Premium,1.0,1.0,1.0,Belgaum,normal,NO_REPLENISHMENT_NEEDED,HOLD: current stock covers the target forecast requirement.,102500
SHI01,MOD001,0.9659081250000001,2.0,1.3798687500000002,0.0,0,0,0,0.0,0.0,0.0,0.0,0.0,Keypad,1.0,1.0,0.55,Shivamogga,post_successor,EOL_HOLD,EOL HOLD: successor already launched; avoid additional predecessor inventory.,7000
BLR05,MOD055,0.9653191176470588,2.0,1.3790273109243698,0.0,0,0,0,0.0,0.0,0.0,0.0,0.0,Premium,1.3,1.0,0.55,Bangalore,post_successor,EOL_HOLD,EOL HOLD: successor already launched; avoid additional predecessor inventory.,120000
HOS01,MOD033,0.9594472402597403,3.0,1.3706389146567717,0.0,0,0,0,0.0,0.0,0.0,0.0,0.0,Mid-range,1.0,1.0,1.0,Hassan,normal,NO_REPLENISHMENT_NEEDED,HOLD: current stock covers the target forecast requirement.,28000
UDU01,MOD002,0.959010267857143,3.0,1.370014668367347,0.0,0,0,0,0.0,0.0,0.0,0.0,0.0,Keypad,1.0,1.0,0.55,Udupi,post_successor,EOL_HOLD,EOL HOLD: successor already launched; avoid additional predecessor inventory.,7500
BLR06,MOD019,0.9587316666666666,2.0,1.3696166666666667,0.0,0,0,0,0.0,0.0,0.0,0.0,0.0,Budget,0.95,1.0,0.55,Bangalore,post_successor,EOL_HOLD,EOL HOLD: successor already launched; avoid additional predecessor inventory.,11000
HUB02,MOD016,0.9545455882352942,4.0,1.363636554621849,0.0,0,0,0,0.0,0.0,0.0,0.0,0.0,Budget,1.0,1.0,0.55,Hubli,post_successor,EOL_HOLD,EOL HOLD: successor already launched; avoid additional predecessor inventory.,14000
MAN01,MOD029,0.9533611607142858,3.0,1.3619445153061225,0.0,0,0,0,0.0,0.0,0.0,0.0,0.0,Mid-range,1.0,1.0,0.55,Mangalore,post_successor,EOL_HOLD,EOL HOLD: successor already launched; avoid additional predecessor inventory.,29000
MYS01,MOD025,0.9533314285714286,2.0,1.3619020408163267,0.0,0,0,0,0.0,0.0,0.0,0.0,0.0,Upper-mid,1.0,1.0,0.55,Mysore,post_successor,EOL_HOLD,EOL HOLD: successor already launched; avoid additional predecessor inventory.,24000
TUM01,MOD010,0.9519934821428573,2.0,1.3599906887755104,0.0,0,0,0,0.0,0.0,0.0,0.0,0.0,Keypad,1.0,1.0,0.55,Tumkur,post_successor,EOL_HOLD,EOL HOLD: successor already launched; avoid additional predecessor inventory.,8000
BLR04,MOD031,0.9471768750000003,2.0,1.3531098214285717,0.0,0,0,0,0.0,0.0,0.0,0.0,0.0,Mid-range,1.1,1.0,0.55,Bangalore,post_successor,EOL_HOLD,EOL HOLD: successor already launched; avoid additional predecessor inventory.,26000
BEL01,MOD002,0.9418250892857144,3.0,1.3454644132653062,0.0,0,0,0,0.0,0.0,0.0,0.0,0.0,Keypad,1.0,1.0,0.55,Belgaum,post_successor,EOL_HOLD,EOL HOLD: successor already launched; avoid additional predecessor inventory.,7500
BLR01,MOD003,0.940400649350649,2.0,1.3434294990723556,0.0,0,0,0,0.0,0.0,0.0,0.0,0.0,Keypad,0.85,1.0,0.6,Bangalore,post_successor,EOL_HOLD,EOL HOLD: successor already launched; avoid additional predecessor inventory.,7500
MAN01,MOD026,0.9394442307692308,2.0,1.342063186813187,0.0,0,0,0,0.0,0.0,0.0,0.0,0.0,Mid-range,1.0,1.0,0.55,Mangalore,post_successor,EOL_HOLD,EOL HOLD: successor already launched; avoid additional predecessor inventory.,25000
BLR02,MOD002,0.9389410714285715,4.0,1.3413443877551021,0.0,0,0,0,0.0,0.0,0.0,0.0,0.0,Keypad,0.85,1.0,0.55,Bangalore,post_successor,EOL_HOLD,EOL HOLD: successor already launched; avoid additional predecessor inventory.,7500
BLR08,MOD001,0.934867767857143,3.0,1.3355253826530615,0.0,0,0,0,0.0,0.0,0.0,0.0,0.0,Keypad,0.85,1.0,0.55,Bangalore,post_successor,EOL_HOLD,EOL HOLD: successor already launched; avoid additional predecessor inventory.,7000
BLR02,MOD016,0.9338942307692307,2.0,1.3341346153846152,0.0,0,0,0,0.0,0.0,0.0,0.0,0.0,Budget,0.95,1.0,0.55,Bangalore,post_successor,EOL_HOLD,EOL HOLD: successor already launched; avoid additional predecessor inventory.,14000
BLR05,MOD013,0.9274281249999999,2.0,1.3248973214285713,0.0,0,0,0,0.0,0.0,0.0,0.0,0.0,Budget,0.95,1.0,0.55,Bangalore,post_successor,EOL_HOLD,EOL HOLD: successor already launched; avoid additional predecessor inventory.,12000
MYS01,MOD054,0.9268920454545453,2.0,1.3241314935064934,0.0,0,0,0,0.0,0.0,0.0,0.0,0.0,Premium,1.0,1.0,1.0,Mysore,normal,NO_REPLENISHMENT_NEEDED,HOLD: current stock covers the target forecast requirement.,92000
BLR07,MOD034,0.9255120535714285,4.0,1.322160076530612,0.0,0,0,0,0.0,0.0,0.0,0.0,0.0,Mid-range,1.1,1.0,0.55,Bangalore,post_successor,EOL_HOLD,EOL HOLD: successor already launched; avoid additional predecessor inventory.,28000
CHI01,MOD023,0.9248183035714286,3.0,1.3211690051020408,0.0,0,0,0,0.0,0.0,0.0,0.0,0.0,Budget,1.0,1.0,0.55,Chitradurga,post_successor,EOL_HOLD,EOL HOLD: successor already launched; avoid additional predecessor inventory.,13500
BLR02,MOD026,0.9228361607142856,4.0,1.3183373724489795,0.0,0,0,0,0.0,0.0,0.0,0.0,0.0,Mid-range,1.1,1.0,0.55,Bangalore,post_successor,EOL_HOLD,EOL HOLD: successor already launched; avoid additional predecessor inventory.,25000
KOP01,MOD022,0.9221424107142859,4.0,1.3173463010204085,0.0,0,0,0,0.0,0.0,0.0,0.0,0.0,Budget,1.0,1.0,0.55,Koppal,post_successor,EOL_HOLD,EOL HOLD: successor already launched; avoid additional predecessor inventory.,13000
MAN01,MOD023,0.9203584821428573,2.0,1.3147978316326532,0.0,0,0,0,0.0,0.0,0.0,0.0,0.0,Budget,1.0,1.0,0.55,Mangalore,post_successor,EOL_HOLD,EOL HOLD: successor already launched; avoid additional predecessor inventory.,13500
BLR08,MOD029,0.9176825892857143,3.0,1.3109751275510206,0.0,0,0,0,0.0,0.0,0.0,0.0,0.0,Mid-range,1.1,1.0,0.55,Bangalore,post_successor,EOL_HOLD,EOL HOLD: successor already launched; avoid additional predecessor inventory.,29000
KOP01,MOD033,0.9163806818181818,2.0,1.3091152597402598,0.0,0,0,0,0.0,0.0,0.0,0.0,0.0,Mid-range,1.0,1.0,1.0,Koppal,normal,NO_REPLENISHMENT_NEEDED,HOLD: current stock covers the target forecast requirement.,28000
DAV01,MOD006,0.9132227678571428,4.0,1.3046039540816328,0.0,0,0,0,0.0,0.0,0.0,0.0,0.0,Keypad,1.15,1.0,0.55,Davangere,post_successor,EOL_HOLD,EOL HOLD: successor already launched; avoid additional predecessor inventory.,7000
TUM02,MOD033,0.9117556818181818,2.0,1.3025081168831167,0.0,0,0,0,0.0,0.0,0.0,0.0,0.0,Mid-range,1.0,1.0,1.0,Tumkur,normal,NO_REPLENISHMENT_NEEDED,HOLD: current stock covers the target forecast requirement.,28000
CHI01,MOD016,0.9058888392857143,3.0,1.294126913265306,0.0,0,0,0,0.0,0.0,0.0,0.0,0.0,Budget,1.0,1.0,0.55,Chitradurga,post_successor,EOL_HOLD,EOL HOLD: successor already launched; avoid additional predecessor inventory.,14000
MAN01,MOD019,0.9058392857142857,2.0,1.2940561224489797,0.0,0,0,0,0.0,0.0,0.0,0.0,0.0,Budget,1.0,1.0,0.55,Mangalore,post_successor,EOL_HOLD,EOL HOLD: successor already launched; avoid additional predecessor inventory.,11000
TUM02,MOD003,0.9051545454545454,2.0,1.293077922077922,0.0,0,0,0,0.0,0.0,0.0,0.0,0.0,Keypad,1.0,1.0,0.6,Tumkur,post_successor,EOL_HOLD,EOL HOLD: successor already launched; avoid additional predecessor inventory.,7500
BLR04,MOD011,0.9043031250000001,2.0,1.2918616071428572,0.0,0,0,0,0.0,0.0,0.0,0.0,0.0,Keypad,0.85,1.0,0.55,Bangalore,post_successor,EOL_HOLD,EOL HOLD: successor already launched; avoid additional predecessor inventory.,8000
BLR06,MOD005,0.8942933035714286,3.0,1.2775618622448979,0.0,0,0,0,0.0,0.0,0.0,0.0,0.0,Keypad,0.85,1.0,0.55,Bangalore,post_successor,EOL_HOLD,EOL HOLD: successor already launched; avoid additional predecessor inventory.,6500
BLR02,MOD044,0.8932416666666669,3.0,1.276059523809524,0.0,0,0,0,0.0,0.0,0.0,0.0,0.0,Mid-range,1.1,1.0,0.55,Bangalore,post_successor,EOL_HOLD,EOL HOLD: successor already launched; avoid additional predecessor inventory.,36500
BLR04,MOD029,0.8911714285714285,3.0,1.2731020408163265,0.0,0,0,0,0.0,0.0,0.0,0.0,0.0,Mid-range,1.1,1.0,0.55,Bangalore,post_successor,EOL_HOLD,EOL HOLD: successor already launched; avoid additional predecessor inventory.,29000
BLR08,MOD017,0.887207142857143,3.0,1.2674387755102041,0.0,0,0,0,0.0,0.0,0.0,0.0,0.0,Budget,0.95,1.0,0.55,Bangalore,post_successor,EOL_HOLD,EOL HOLD: successor already launched; avoid additional predecessor inventory.,14500
BLR04,MOD015,0.8858376623376623,2.0,1.265482374768089,0.0,0,0,0,0.0,0.0,0.0,0.0,0.0,Budget,0.95,1.0,1.0,Bangalore,normal,NO_REPLENISHMENT_NEEDED,HOLD: current stock covers the target forecast requirement.,13000
BLR01,MOD040,0.8849166666666667,2.0,1.2641666666666667,0.0,0,0,0,0.0,0.0,0.0,0.0,0.0,Mid-range,1.1,1.0,0.55,Bangalore,post_successor,EOL_HOLD,EOL HOLD: successor already launched; avoid additional predecessor inventory.,35000
MAN01,MOD040,0.8783866071428572,2.0,1.254838010204082,0.0,0,0,0,0.0,0.0,0.0,0.0,0.0,Mid-range,1.0,1.0,0.55,Mangalore,post_successor,EOL_HOLD,EOL HOLD: successor already launched; avoid additional predecessor inventory.,35000
UDU01,MOD014,0.8772808823529412,3.0,1.2532584033613448,0.0,0,0,0,0.0,0.0,0.0,0.0,0.0,Budget,1.0,1.0,0.55,Udupi,post_successor,EOL_HOLD,EOL HOLD: successor already launched; avoid additional predecessor inventory.,12500
HUB02,MOD038,0.8747416666666668,2.0,1.2496309523809526,0.0,0,0,0,0.0,0.0,0.0,0.0,0.0,Mid-range,1.0,1.0,0.55,Hubli,post_successor,EOL_HOLD,EOL HOLD: successor already launched; avoid additional predecessor inventory.,33500
HUB02,MOD005,0.8626285714285714,2.0,1.2323265306122448,0.0,0,0,0,0.0,0.0,0.0,0.0,0.0,Keypad,1.0,1.0,0.55,Hubli,post_successor,EOL_HOLD,EOL HOLD: successor already launched; avoid additional predecessor inventory.,6500
BLR08,MOD020,0.86025,2.0,1.2289285714285714,0.0,0,0,0,0.0,0.0,0.0,0.0,0.0,Budget,0.95,1.0,0.55,Bangalore,post_successor,EOL_HOLD,EOL HOLD: successor already launched; avoid additional predecessor inventory.,11500
KOP01,MOD005,0.8552550000000001,3.0,1.2217928571428571,0.0,0,0,0,0.0,0.0,0.0,0.0,0.0,Keypad,1.0,1.0,0.55,Koppal,post_successor,EOL_HOLD,EOL HOLD: successor already launched; avoid additional predecessor inventory.,6500
MYS02,MOD037,0.8550468750000001,3.0,1.2214955357142858,0.0,0,0,0,0.0,0.0,0.0,0.0,0.0,Mid-range,1.0,1.0,0.55,Mysore,post_successor,EOL_HOLD,EOL HOLD: successor already launched; avoid additional predecessor inventory.,32000
KOP01,MOD031,0.8538575892857144,3.0,1.2197965561224493,0.0,0,0,0,0.0,0.0,0.0,0.0,0.0,Mid-range,1.0,1.0,0.55,Koppal,post_successor,EOL_HOLD,EOL HOLD: successor already launched; avoid additional predecessor inventory.,26000
BLR02,MOD023,0.8443433035714285,2.0,1.206204719387755,0.0,0,0,0,0.0,0.0,0.0,0.0,0.0,Budget,0.95,1.0,0.55,Bangalore,post_successor,EOL_HOLD,EOL HOLD: successor already launched; avoid additional predecessor inventory.,13500
KOP01,MOD016,0.8437486607142857,2.0,1.2053552295918366,0.0,0,0,0,0.0,0.0,0.0,0.0,0.0,Budget,1.0,1.0,0.55,Koppal,post_successor,EOL_HOLD,EOL HOLD: successor already launched; avoid additional predecessor inventory.,14000
CHI01,MOD028,0.8433026785714285,3.0,1.2047181122448978,0.0,0,0,0,0.0,0.0,0.0,0.0,0.0,Mid-range,1.0,1.0,0.55,Chitradurga,post_successor,EOL_HOLD,EOL HOLD: successor already launched; avoid additional predecessor inventory.,28000
BLR05,MOD046,0.839536607142857,3.0,1.1993380102040816,0.0,0,0,0,0.0,0.0,0.0,0.0,0.0,Flagship,1.2,1.0,0.55,Bangalore,post_successor,EOL_HOLD,EOL HOLD: successor already launched; avoid additional predecessor inventory.,50000
HUB02,MOD001,0.8362711538461538,2.0,1.194673076923077,0.0,0,0,0,0.0,0.0,0.0,0.0,0.0,Keypad,1.0,1.0,0.55,Hubli,post_successor,EOL_HOLD,EOL HOLD: successor already launched; avoid additional predecessor inventory.,7000
BLR02,MOD011,0.8348290178571429,3.0,1.192612882653061,0.0,0,0,0,0.0,0.0,0.0,0.0,0.0,Keypad,0.85,1.0,0.55,Bangalore,post_successor,EOL_HOLD,EOL HOLD: successor already launched; avoid additional predecessor inventory.,8000
KAL01,MOD023,0.832153125,4.0,1.1887901785714285,0.0,0,0,0,0.0,0.0,0.0,0.0,0.0,Budget,1.0,1.0,0.55,Kalaburagi,post_successor,EOL_HOLD,EOL HOLD: successor already launched; avoid additional predecessor inventory.,13500
BLR07,MOD002,0.8314891071428572,2.0,1.1878415816326533,0.0,0,0,0,0.0,0.0,0.0,0.0,0.0,Keypad,0.85,1.0,0.55,Bangalore,post_successor,EOL_HOLD,EOL HOLD: successor already launched; avoid additional predecessor inventory.,7500
BLR04,MOD044,0.8297745535714286,4.0,1.185392219387755,0.0,0,0,0,0.0,0.0,0.0,0.0,0.0,Mid-range,1.1,1.0,0.55,Bangalore,post_successor,EOL_HOLD,EOL HOLD: successor already launched; avoid additional predecessor inventory.,36500
MYS02,MOD023,0.8272473214285714,2.0,1.181781887755102,0.0,0,0,0,0.0,0.0,0.0,0.0,0.0,Budget,1.0,1.0,0.55,Mysore,post_successor,EOL_HOLD,EOL HOLD: successor already launched; avoid additional predecessor inventory.,13500
BLR06,MOD053,0.8242741071428572,4.0,1.1775344387755102,0.0,0,0,0,0.0,0.0,0.0,0.0,0.0,Premium,1.3,1.0,0.55,Bangalore,post_successor,EOL_HOLD,EOL HOLD: successor already launched; avoid additional predecessor inventory.,88500
DAV02,MOD042,0.8236704545454545,2.0,1.1766720779220778,0.0,0,0,0,0.0,0.0,0.0,0.0,0.0,Mid-range,0.95,1.0,1.0,Davangere,normal,NO_REPLENISHMENT_NEEDED,HOLD: current stock covers the target forecast requirement.,38000
KOP01,MOD043,0.8221234821428571,2.0,1.1744621173469387,0.0,0,0,0,0.0,0.0,0.0,0.0,0.0,Mid-range,1.0,1.0,0.55,Koppal,post_successor,EOL_HOLD,EOL HOLD: successor already launched; avoid additional predecessor inventory.,35000
SHI01,MOD026,0.8215982142857143,2.0,1.1737117346938777,0.0,0,0,0,0.0,0.0,0.0,0.0,0.0,Mid-range,1.0,1.0,0.55,Shivamogga,post_successor,EOL_HOLD,EOL HOLD: successor already launched; avoid additional predecessor inventory.,25000
CHI01,MOD042,0.8162824675324675,2.0,1.1661178107606678,0.0,0,0,0,0.0,0.0,0.0,0.0,0.0,Mid-range,1.0,1.0,1.0,Chitradurga,normal,NO_REPLENISHMENT_NEEDED,HOLD: current stock covers the target forecast requirement.,38000
HOS01,MOD001,0.8150571428571428,2.0,1.1643673469387754,0.0,0,0,0,0.0,0.0,0.0,0.0,0.0,Keypad,1.0,1.0,0.55,Hassan,post_successor,EOL_HOLD,EOL HOLD: successor already launched; avoid additional predecessor inventory.,7000
BLR02,MOD025,0.8134218749999998,2.0,1.1620312499999998,0.0,0,0,0,0.0,0.0,0.0,0.0,0.0,Upper-mid,1.05,1.0,0.55,Bangalore,post_successor,EOL_HOLD,EOL HOLD: successor already launched; avoid additional predecessor inventory.,24000
BLR08,MOD022,0.8127578571428571,2.0,1.1610826530612246,0.0,0,0,0,0.0,0.0,0.0,0.0,0.0,Budget,0.95,1.0,0.55,Bangalore,post_successor,EOL_HOLD,EOL HOLD: successor already launched; avoid additional predecessor inventory.,13000
BLR05,MOD011,0.8077232142857143,3.0,1.1538903061224488,0.0,0,0,0,0.0,0.0,0.0,0.0,0.0,Keypad,0.85,1.0,0.55,Bangalore,post_successor,EOL_HOLD,EOL HOLD: successor already launched; avoid additional predecessor inventory.,8000
BLR07,MOD003,0.8049842532467532,2.0,1.1499775046382188,0.0,0,0,0,0.0,0.0,0.0,0.0,0.0,Keypad,0.85,1.0,0.6,Bangalore,post_successor,EOL_HOLD,EOL HOLD: successor already launched; avoid additional predecessor inventory.,7500
DAV01,MOD016,0.8045517857142859,2.0,1.1493596938775512,0.0,0,0,0,0.0,0.0,0.0,0.0,0.0,Budget,1.3,1.0,0.55,Davangere,post_successor,EOL_HOLD,EOL HOLD: successor already launched; avoid additional predecessor inventory.,14000
BLR05,MOD002,0.7992991071428571,2.0,1.1418558673469388,0.0,0,0,0,0.0,0.0,0.0,0.0,0.0,Keypad,0.85,1.0,0.55,Bangalore,post_successor,EOL_HOLD,EOL HOLD: successor already launched; avoid additional predecessor inventory.,7500
BLR07,MOD040,0.7961772321428571,3.0,1.1373960459183672,0.0,0,0,0,0.0,0.0,0.0,0.0,0.0,Mid-range,1.1,1.0,0.55,Bangalore,post_successor,EOL_HOLD,EOL HOLD: successor already launched; avoid additional predecessor inventory.,35000
SHI01,MOD035,0.78921,2.0,1.127442857142857,0.0,0,0,0,0.0,0.0,0.0,0.0,0.0,Mid-range,1.0,1.0,0.55,Shivamogga,post_successor,EOL_HOLD,EOL HOLD: successor already launched; avoid additional predecessor inventory.,29000
SHI01,MOD025,0.7799291666666668,2.0,1.114184523809524,0.0,0,0,0,0.0,0.0,0.0,0.0,0.0,Upper-mid,1.0,1.0,0.55,Shivamogga,post_successor,EOL_HOLD,EOL HOLD: successor already launched; avoid additional predecessor inventory.,24000
BLR07,MOD017,0.7794776785714286,2.0,1.1135395408163264,0.0,0,0,0,0.0,0.0,0.0,0.0,0.0,Budget,0.95,1.0,0.55,Bangalore,post_successor,EOL_HOLD,EOL HOLD: successor already launched; avoid additional predecessor inventory.,14500
MAN01,MOD014,0.7678821428571428,2.0,1.0969744897959184,0.0,0,0,0,0.0,0.0,0.0,0.0,0.0,Budget,1.0,1.0,0.55,Mangalore,post_successor,EOL_HOLD,EOL HOLD: successor already launched; avoid additional predecessor inventory.,12500
BLR06,MOD044,0.7659495535714287,3.0,1.0942136479591837,0.0,0,0,0,0.0,0.0,0.0,0.0,0.0,Mid-range,1.1,1.0,0.55,Bangalore,post_successor,EOL_HOLD,EOL HOLD: successor already launched; avoid additional predecessor inventory.,36500
BLR03,MOD025,0.7653549107142859,3.0,1.0933641581632654,0.0,0,0,0,0.0,0.0,0.0,0.0,0.0,Upper-mid,1.05,1.0,0.55,Bangalore,post_successor,EOL_HOLD,EOL HOLD: successor already launched; avoid additional predecessor inventory.,24000
BEL01,MOD054,0.7631249999999999,2.0,1.0901785714285714,0.0,0,0,0,0.0,0.0,0.0,0.0,0.0,Premium,1.0,1.0,1.0,Belgaum,normal,NO_REPLENISHMENT_NEEDED,HOLD: current stock covers the target forecast requirement.,92000
MAN01,MOD056,0.7626294642857143,2.0,1.0894706632653062,0.0,0,0,0,0.0,0.0,0.0,0.0,0.0,Premium,1.0,1.0,0.55,Mangalore,post_successor,EOL_HOLD,EOL HOLD: successor already launched; avoid additional predecessor inventory.,125000
BLR07,MOD041,0.7611131250000002,2.0,1.0873044642857146,0.0,0,0,0,0.0,0.0,0.0,0.0,0.0,Mid-range,1.1,1.0,0.55,Bangalore,post_successor,EOL_HOLD,EOL HOLD: successor already launched; avoid additional predecessor inventory.,36500
UDU01,MOD038,0.7533133928571428,2.0,1.0761619897959183,0.0,0,0,0,0.0,0.0,0.0,0.0,0.0,Mid-range,1.0,1.0,0.55,Udupi,post_successor,EOL_HOLD,EOL HOLD: successor already launched; avoid additional predecessor inventory.,33500
BLR08,MOD013,0.7448397321428571,4.0,1.0640567602040816,0.0,0,0,0,0.0,0.0,0.0,0.0,0.0,Budget,0.95,1.0,0.55,Bangalore,post_successor,EOL_HOLD,EOL HOLD: successor already launched; avoid additional predecessor inventory.,12000
UDU01,MOD040,0.7430558035714285,3.0,1.0615082908163265,0.0,0,0,0,0.0,0.0,0.0,0.0,0.0,Mid-range,1.0,1.0,0.55,Udupi,post_successor,EOL_HOLD,EOL HOLD: successor already launched; avoid additional predecessor inventory.,35000
MAN02,MOD006,0.741866517857143,3.0,1.05980931122449,0.0,0,0,0,0.0,0.0,0.0,0.0,0.0,Keypad,1.0,1.0,0.55,Mangalore,post_successor,EOL_HOLD,EOL HOLD: successor already launched; avoid additional predecessor inventory.,7000
BLR04,MOD038,0.7394879464285714,4.0,1.0564113520408163,0.0,0,0,0,0.0,0.0,0.0,0.0,0.0,Mid-range,1.1,1.0,0.55,Bangalore,post_successor,EOL_HOLD,EOL HOLD: successor already launched; avoid additional predecessor inventory.,33500
BLR01,MOD043,0.7387446428571429,2.0,1.0553494897959186,0.0,0,0,0,0.0,0.0,0.0,0.0,0.0,Mid-range,1.1,1.0,0.55,Bangalore,post_successor,EOL_HOLD,EOL HOLD: successor already launched; avoid additional predecessor inventory.,35000
BLR08,MOD035,0.7332441964285714,3.0,1.0474917091836733,0.0,0,0,0,0.0,0.0,0.0,0.0,0.0,Mid-range,1.1,1.0,0.55,Bangalore,post_successor,EOL_HOLD,EOL HOLD: successor already launched; avoid additional predecessor inventory.,29000
BLR03,MOD053,0.7322035714285715,2.0,1.0460051020408163,0.0,0,0,0,0.0,0.0,0.0,0.0,0.0,Premium,1.3,1.0,0.55,Bangalore,post_successor,EOL_HOLD,EOL HOLD: successor already launched; avoid additional predecessor inventory.,88500
MYS02,MOD017,0.7302709821428571,2.0,1.0432442602040817,0.0,0,0,0,0.0,0.0,0.0,0.0,0.0,Budget,1.0,1.0,0.55,Mysore,post_successor,EOL_HOLD,EOL HOLD: successor already launched; avoid additional predecessor inventory.,14500
BLR04,MOD016,0.7281897321428571,3.0,1.0402710459183673,0.0,0,0,0,0.0,0.0,0.0,0.0,0.0,Budget,0.95,1.0,0.55,Bangalore,post_successor,EOL_HOLD,EOL HOLD: successor already launched; avoid additional predecessor inventory.,14000
BLR03,MOD028,0.7278924107142858,2.0,1.0398463010204082,0.0,0,0,0,0.0,0.0,0.0,0.0,0.0,Mid-range,1.1,1.0,0.55,Bangalore,post_successor,EOL_HOLD,EOL HOLD: successor already launched; avoid additional predecessor inventory.,28000
KOP01,MOD010,0.7275950892857144,2.0,1.0394215561224491,0.0,0,0,0,0.0,0.0,0.0,0.0,0.0,Keypad,1.0,1.0,0.55,Koppal,post_successor,EOL_HOLD,EOL HOLD: successor already launched; avoid additional predecessor inventory.,8000
DAV02,MOD010,0.7264058035714285,2.0,1.0377225765306122,0.0,0,0,0,0.0,0.0,0.0,0.0,0.0,Keypad,1.15,1.0,0.55,Davangere,post_successor,EOL_HOLD,EOL HOLD: successor already launched; avoid additional predecessor inventory.,8000
BLR05,MOD037,0.7236583333333334,2.0,1.033797619047619,0.0,0,0,0,0.0,0.0,0.0,0.0,0.0,Mid-range,1.1,1.0,0.55,Bangalore,post_successor,EOL_HOLD,EOL HOLD: successor already launched; avoid additional predecessor inventory.,32000
HUB01,MOD023,0.7231352678571429,3.0,1.0330503826530613,0.0,0,0,0,0.0,0.0,0.0,0.0,0.0,Budget,1.0,1.0,0.55,Hubli,post_successor,EOL_HOLD,EOL HOLD: successor already launched; avoid additional predecessor inventory.,13500
BLR05,MOD010,0.7219459821428572,3.0,1.0313514030612245,0.0,0,0,0,0.0,0.0,0.0,0.0,0.0,Keypad,0.85,1.0,0.55,Bangalore,post_successor,EOL_HOLD,EOL HOLD: successor already launched; avoid additional predecessor inventory.,8000
HOS01,MOD013,0.7130263392857142,2.0,1.018609056122449,0.0,0,0,0,0.0,0.0,0.0,0.0,0.0,Budget,1.0,1.0,0.55,Hassan,post_successor,EOL_HOLD,EOL HOLD: successor already launched; avoid additional predecessor inventory.,12000
CHI01,MOD014,0.7076250000000001,2.0,1.0108928571428573,0.0,0,0,0,0.0,0.0,0.0,0.0,0.0,Budget,1.0,1.0,0.55,Chitradurga,post_successor,EOL_HOLD,EOL HOLD: successor already launched; avoid additional predecessor inventory.,12500
BLR07,MOD052,0.70693125,3.0,1.0099017857142858,0.0,0,0,0,0.0,0.0,0.0,0.0,0.0,Premium,1.3,1.0,0.55,Bangalore,post_successor,EOL_HOLD,EOL HOLD: successor already launched; avoid additional predecessor inventory.,85000
HUB02,MOD020,0.6977142857142857,2.0,0.996734693877551,0.0,0,0,0,0.0,0.0,0.0,0.0,0.0,Budget,1.0,1.0,0.55,Hubli,post_successor,EOL_HOLD,EOL HOLD: successor already launched; avoid additional predecessor inventory.,11500
BLR04,MOD040,0.6975160714285713,2.0,0.9964515306122447,0.0,0,0,0,0.0,0.0,0.0,0.0,0.0,Mid-range,1.1,1.0,0.55,Bangalore,post_successor,EOL_HOLD,EOL HOLD: successor already launched; avoid additional predecessor inventory.,35000
KAL01,MOD016,0.6954843749999999,3.0,0.993549107142857,0.0,0,0,0,0.0,0.0,0.0,0.0,0.0,Budget,1.0,1.0,0.55,Kalaburagi,post_successor,EOL_HOLD,EOL HOLD: successor already launched; avoid additional predecessor inventory.,14000
BLR06,MOD020,0.692015625,1.0,0.9885937499999999,0.0,0,0,0,0.0,0.0,0.0,0.0,0.0,Budget,0.95,1.0,0.55,Bangalore,post_successor,EOL_HOLD,EOL HOLD: successor already launched; avoid additional predecessor inventory.,11500
HUB02,MOD028,0.6862674107142859,2.0,0.9803820153061226,0.0,0,0,0,0.0,0.0,0.0,0.0,0.0,Mid-range,1.0,1.0,0.55,Hubli,post_successor,EOL_HOLD,EOL HOLD: successor already launched; avoid additional predecessor inventory.,28000
BLR01,MOD034,0.685325892857143,2.0,0.9790369897959186,0.0,0,0,0,0.0,0.0,0.0,0.0,0.0,Mid-range,1.1,1.0,0.55,Bangalore,post_successor,EOL_HOLD,EOL HOLD: successor already launched; avoid additional predecessor inventory.,28000
BLR03,MOD006,0.6843149999999999,1.0,0.9775928571428569,0.0,0,0,0,0.0,0.0,0.0,0.0,0.0,Keypad,0.85,1.0,0.55,Bangalore,post_successor,EOL_HOLD,EOL HOLD: successor already launched; avoid additional predecessor inventory.,7000
KAL01,MOD037,0.6841696428571429,2.0,0.9773852040816327,0.0,0,0,0,0.0,0.0,0.0,0.0,0.0,Mid-range,1.0,1.0,0.55,Kalaburagi,post_successor,EOL_HOLD,EOL HOLD: successor already launched; avoid additional predecessor inventory.,32000
MYS02,MOD048,0.6829202922077923,1.0,0.9756004174397033,0.0,0,0,0,0.0,0.0,0.0,0.0,0.0,Flagship,1.0,1.0,1.0,Mysore,normal,NO_REPLENISHMENT_NEEDED,HOLD: current stock covers the target forecast requirement.,54000
HUB01,MOD028,0.6806017857142858,1.0,0.9722882653061226,0.0,0,0,0,0.0,0.0,0.0,0.0,0.0,Mid-range,1.0,1.0,0.55,Hubli,post_successor,EOL_HOLD,EOL HOLD: successor already launched; avoid additional predecessor inventory.,28000
BLR04,MOD032,0.6802714285714285,2.0,0.9718163265306121,0.0,0,0,0,0.0,0.0,0.0,0.0,0.0,Mid-range,1.1,1.0,0.55,Bangalore,post_successor,EOL_HOLD,EOL HOLD: successor already launched; avoid additional predecessor inventory.,27000
BLR05,MOD052,0.6802119642857144,1.0,0.9717313775510206,0.0,0,0,0,0.0,0.0,0.0,0.0,0.0,Premium,1.3,1.0,0.55,Bangalore,post_successor,EOL_HOLD,EOL HOLD: successor already launched; avoid additional predecessor inventory.,85000
BEL01,MOD037,0.6790160714285715,3.0,0.9700229591836734,0.0,0,0,0,0.0,0.0,0.0,0.0,0.0,Mid-range,1.0,1.0,0.55,Belgaum,post_successor,EOL_HOLD,EOL HOLD: successor already launched; avoid additional predecessor inventory.,32000
KOP01,MOD014,0.6786361607142857,2.0,0.9694802295918367,0.0,0,0,0,0.0,0.0,0.0,0.0,0.0,Budget,1.0,1.0,0.55,Koppal,post_successor,EOL_HOLD,EOL HOLD: successor already launched; avoid additional predecessor inventory.,12500
MYS02,MOD018,0.6768116883116884,1.0,0.9668738404452691,0.0,0,0,0,0.0,0.0,0.0,0.0,0.0,Upper-mid,1.0,1.0,1.0,Mysore,normal,NO_REPLENISHMENT_NEEDED,HOLD: current stock covers the target forecast requirement.,15000
BLR08,MOD026,0.6753953571428573,2.0,0.9648505102040819,0.0,0,0,0,0.0,0.0,0.0,0.0,0.0,Mid-range,1.1,1.0,0.55,Bangalore,post_successor,EOL_HOLD,EOL HOLD: successor already launched; avoid additional predecessor inventory.,25000
BLR02,MOD056,0.6753821428571429,2.0,0.9648316326530614,0.0,0,0,0,0.0,0.0,0.0,0.0,0.0,Premium,1.3,1.0,0.55,Bangalore,post_successor,EOL_HOLD,EOL HOLD: successor already launched; avoid additional predecessor inventory.,125000
MYS02,MOD034,0.6750517857142857,1.0,0.9643596938775509,0.0,0,0,0,0.0,0.0,0.0,0.0,0.0,Mid-range,1.0,1.0,0.55,Mysore,post_successor,EOL_HOLD,EOL HOLD: successor already launched; avoid additional predecessor inventory.,28000
BLR07,MOD005,0.6740276785714285,1.0,0.9628966836734694,0.0,0,0,0,0.0,0.0,0.0,0.0,0.0,Keypad,0.85,1.0,0.55,Bangalore,post_successor,EOL_HOLD,EOL HOLD: successor already launched; avoid additional predecessor inventory.,6500
BLR03,MOD059,0.6698982142857144,1.0,0.9569974489795919,0.0,0,0,0,0.0,0.0,0.0,0.0,0.0,Premium,1.3,1.0,0.55,Bangalore,post_successor,EOL_HOLD,EOL HOLD: successor already launched; avoid additional predecessor inventory.,99000
KOP01,MOD002,0.6600535714285715,2.0,0.9429336734693878,0.0,0,0,0,0.0,0.0,0.0,0.0,0.0,Keypad,1.0,1.0,0.55,Koppal,post_successor,EOL_HOLD,EOL HOLD: successor already launched; avoid additional predecessor inventory.,7500
BLR02,MOD035,0.650390625,2.0,0.9291294642857143,0.0,0,0,0,0.0,0.0,0.0,0.0,0.0,Mid-range,1.1,1.0,0.55,Bangalore,post_successor,EOL_HOLD,EOL HOLD: successor already launched; avoid additional predecessor inventory.,29000
MAN01,MOD049,0.6492013392857143,2.0,0.9274304846938776,0.0,0,0,0,0.0,0.0,0.0,0.0,0.0,Mid-range,1.0,1.0,0.55,Mangalore,post_successor,EOL_HOLD,EOL HOLD: successor already launched; avoid additional predecessor inventory.,42000
BLR04,MOD006,0.648755357142857,2.0,0.9267933673469386,0.0,0,0,0,0.0,0.0,0.0,0.0,0.0,Keypad,0.85,1.0,0.55,Bangalore,post_successor,EOL_HOLD,EOL HOLD: successor already launched; avoid additional predecessor inventory.,7000
HOS01,MOD010,0.6478083333333334,1.0,0.9254404761904763,0.0,0,0,0,0.0,0.0,0.0,0.0,0.0,Keypad,1.0,1.0,0.55,Hassan,post_successor,EOL_HOLD,EOL HOLD: successor already launched; avoid additional predecessor inventory.,8000
BEL01,MOD009,0.6459583333333333,1.0,0.9227976190476189,0.0,0,0,0,0.0,0.0,0.0,0.0,0.0,Keypad,1.0,1.0,0.55,Belgaum,post_successor,EOL_HOLD,EOL HOLD: successor already launched; avoid additional predecessor inventory.,7500
HUB01,MOD046,0.6454958333333333,2.0,0.9221369047619047,0.0,0,0,0,0.0,0.0,0.0,0.0,0.0,Flagship,1.0,1.0,0.55,Hubli,post_successor,EOL_HOLD,EOL HOLD: successor already launched; avoid additional predecessor inventory.,50000
HUB02,MOD022,0.6438495535714286,3.0,0.9197850765306123,0.0,0,0,0,0.0,0.0,0.0,0.0,0.0,Budget,1.0,1.0,0.55,Hubli,post_successor,EOL_HOLD,EOL HOLD: successor already launched; avoid additional predecessor inventory.,13000
HOS01,MOD025,0.6430291666666667,1.0,0.9186130952380952,0.0,0,0,0,0.0,0.0,0.0,0.0,0.0,Upper-mid,1.0,1.0,0.55,Hassan,post_successor,EOL_HOLD,EOL HOLD: successor already launched; avoid additional predecessor inventory.,24000
MAN01,MOD050,0.6425116071428572,1.0,0.917873724489796,0.0,0,0,0,0.0,0.0,0.0,0.0,0.0,Mid-range,1.0,1.0,0.55,Mangalore,post_successor,EOL_HOLD,EOL HOLD: successor already launched; avoid additional predecessor inventory.,43500
KOP01,MOD026,0.6413223214285714,1.0,0.9161747448979591,0.0,0,0,0,0.0,0.0,0.0,0.0,0.0,Mid-range,1.0,1.0,0.55,Koppal,post_successor,EOL_HOLD,EOL HOLD: successor already launched; avoid additional predecessor inventory.,25000
HUB01,MOD029,0.6402541666666666,1.0,0.9146488095238094,0.0,0,0,0,0.0,0.0,0.0,0.0,0.0,Mid-range,1.0,1.0,0.55,Hubli,post_successor,EOL_HOLD,EOL HOLD: successor already launched; avoid additional predecessor inventory.,29000
DAV01,MOD019,0.6387125,2.0,0.9124464285714285,0.0,0,0,0,0.0,0.0,0.0,0.0,0.0,Budget,1.3,1.0,0.55,Davangere,post_successor,EOL_HOLD,EOL HOLD: successor already launched; avoid additional predecessor inventory.,11000
BLR02,MOD001,0.6373976785714287,1.0,0.9105681122448982,0.0,0,0,0,0.0,0.0,0.0,0.0,0.0,Keypad,0.85,1.0,0.55,Bangalore,post_successor,EOL_HOLD,EOL HOLD: successor already launched; avoid additional predecessor inventory.,7000
MYS01,MOD041,0.6371708333333335,1.0,0.9102440476190478,0.0,0,0,0,0.0,0.0,0.0,0.0,0.0,Mid-range,1.0,1.0,0.55,Mysore,post_successor,EOL_HOLD,EOL HOLD: successor already launched; avoid additional predecessor inventory.,36500
DAV02,MOD060,0.6367003246753247,1.0,0.9095718923933209,0.0,0,0,0,0.0,0.0,0.0,0.0,0.0,Premium,0.75,1.0,1.0,Davangere,normal,NO_REPLENISHMENT_NEEDED,HOLD: current stock covers the target forecast requirement.,102500
BLR01,MOD020,0.6353208333333333,2.0,0.9076011904761904,0.0,0,0,0,0.0,0.0,0.0,0.0,0.0,Budget,0.95,1.0,0.55,Bangalore,post_successor,EOL_HOLD,EOL HOLD: successor already launched; avoid additional predecessor inventory.,11500
MYS02,MOD035,0.6349299107142857,2.0,0.9070427295918367,0.0,0,0,0,0.0,0.0,0.0,0.0,0.0,Mid-range,1.0,1.0,0.55,Mysore,post_successor,EOL_HOLD,EOL HOLD: successor already launched; avoid additional predecessor inventory.,29000
BLR08,MOD056,0.6348583333333333,1.0,0.9069404761904761,0.0,0,0,0,0.0,0.0,0.0,0.0,0.0,Premium,1.3,1.0,0.55,Bangalore,post_successor,EOL_HOLD,EOL HOLD: successor already launched; avoid additional predecessor inventory.,125000
HUB02,MOD040,0.6335919642857143,1.0,0.9051313775510205,0.0,0,0,0,0.0,0.0,0.0,0.0,0.0,Mid-range,1.0,1.0,0.55,Hubli,post_successor,EOL_HOLD,EOL HOLD: successor already launched; avoid additional predecessor inventory.,35000
DAV02,MOD017,0.6325458333333333,3.0,0.9036369047619047,0.0,0,0,0,0.0,0.0,0.0,0.0,0.0,Budget,1.3,1.0,0.55,Davangere,post_successor,EOL_HOLD,EOL HOLD: successor already launched; avoid additional predecessor inventory.,14500
SHI01,MOD017,0.6312133928571428,3.0,0.901733418367347,0.0,0,0,0,0.0,0.0,0.0,0.0,0.0,Budget,1.0,1.0,0.55,Shivamogga,post_successor,EOL_HOLD,EOL HOLD: successor already launched; avoid additional predecessor inventory.,14500
BLR04,MOD014,0.6296375892857142,1.0,0.8994822704081632,0.0,0,0,0,0.0,0.0,0.0,0.0,0.0,Budget,0.95,1.0,0.55,Bangalore,post_successor,EOL_HOLD,EOL HOLD: successor already launched; avoid additional predecessor inventory.,12500
BLR05,MOD022,0.62645625,3.0,0.8949375,0.0,0,0,0,0.0,0.0,0.0,0.0,0.0,Budget,0.95,1.0,0.55,Bangalore,post_successor,EOL_HOLD,EOL HOLD: successor already launched; avoid additional predecessor inventory.,13000
BLR01,MOD022,0.6260708333333332,2.0,0.8943869047619046,0.0,0,0,0,0.0,0.0,0.0,0.0,0.0,Budget,0.95,1.0,0.55,Bangalore,post_successor,EOL_HOLD,EOL HOLD: successor already launched; avoid additional predecessor inventory.,13000
MYS02,MOD040,0.6236041666666665,3.0,0.890863095238095,0.0,0,0,0,0.0,0.0,0.0,0.0,0.0,Mid-range,1.0,1.0,0.55,Mysore,post_successor,EOL_HOLD,EOL HOLD: successor already launched; avoid additional predecessor inventory.,35000
DAV01,MOD020,0.6221450892857143,2.0,0.8887786989795919,0.0,0,0,0,0.0,0.0,0.0,0.0,0.0,Budget,1.3,1.0,0.55,Davangere,post_successor,EOL_HOLD,EOL HOLD: successor already launched; avoid additional predecessor inventory.,11500
BLR05,MOD059,0.6193205357142858,2.0,0.8847436224489797,0.0,0,0,0,0.0,0.0,0.0,0.0,0.0,Premium,1.3,1.0,0.55,Bangalore,post_successor,EOL_HOLD,EOL HOLD: successor already launched; avoid additional predecessor inventory.,99000
BLR07,MOD050,0.618940625,3.0,0.8842008928571429,0.0,0,0,0,0.0,0.0,0.0,0.0,0.0,Mid-range,1.1,1.0,0.55,Bangalore,post_successor,EOL_HOLD,EOL HOLD: successor already launched; avoid additional predecessor inventory.,43500
UDU01,MOD035,0.6186664285714286,1.0,0.8838091836734695,0.0,0,0,0,0.0,0.0,0.0,0.0,0.0,Mid-range,1.0,1.0,0.55,Udupi,post_successor,EOL_HOLD,EOL HOLD: successor already launched; avoid additional predecessor inventory.,29000
BLR06,MOD058,0.6174374999999999,2.0,0.8820535714285712,0.0,0,0,0,0.0,0.0,0.0,0.0,0.0,Premium,1.3,1.0,0.55,Bangalore,post_successor,EOL_HOLD,EOL HOLD: successor already launched; avoid additional predecessor inventory.,95000
BLR06,MOD025,0.615257142857143,1.0,0.8789387755102042,0.0,0,0,0,0.0,0.0,0.0,0.0,0.0,Upper-mid,1.05,1.0,0.55,Bangalore,post_successor,EOL_HOLD,EOL HOLD: successor already launched; avoid additional predecessor inventory.,24000
DAV01,MOD026,0.615125,2.0,0.87875,0.0,0,0,0,0.0,0.0,0.0,0.0,0.0,Mid-range,0.95,1.0,0.55,Davangere,post_successor,EOL_HOLD,EOL HOLD: successor already launched; avoid additional predecessor inventory.,25000
DAV01,MOD023,0.61396875,2.0,0.8770982142857141,0.0,0,0,0,0.0,0.0,0.0,0.0,0.0,Budget,1.3,1.0,0.55,Davangere,post_successor,EOL_HOLD,EOL HOLD: successor already launched; avoid additional predecessor inventory.,13500
TUM01,MOD019,0.6137375,1.0,0.8767678571428572,0.0,0,0,0,0.0,0.0,0.0,0.0,0.0,Budget,1.0,1.0,0.55,Tumkur,post_successor,EOL_HOLD,EOL HOLD: successor already launched; avoid additional predecessor inventory.,11000
BLR06,MOD043,0.6135822321428572,2.0,0.8765460459183674,0.0,0,0,0,0.0,0.0,0.0,0.0,0.0,Mid-range,1.1,1.0,0.55,Bangalore,post_successor,EOL_HOLD,EOL HOLD: successor already launched; avoid additional predecessor inventory.,35000
BLR03,MOD041,0.61026875,2.0,0.8718125,0.0,0,0,0,0.0,0.0,0.0,0.0,0.0,Mid-range,1.1,1.0,0.55,Bangalore,post_successor,EOL_HOLD,EOL HOLD: successor already launched; avoid additional predecessor inventory.,36500
BLR04,MOD009,0.61026875,2.0,0.8718125,0.0,0,0,0,0.0,0.0,0.0,0.0,0.0,Keypad,0.85,1.0,0.55,Bangalore,post_successor,EOL_HOLD,EOL HOLD: successor already launched; avoid additional predecessor inventory.,7500
MYS02,MOD013,0.6096575892857143,2.0,0.8709394132653062,0.0,0,0,0,0.0,0.0,0.0,0.0,0.0,Budget,1.0,1.0,0.55,Mysore,post_successor,EOL_HOLD,EOL HOLD: successor already launched; avoid additional predecessor inventory.,12000
BLR02,MOD049,0.6092116071428572,2.0,0.8703022959183674,0.0,0,0,0,0.0,0.0,0.0,0.0,0.0,Mid-range,1.1,1.0,0.55,Bangalore,post_successor,EOL_HOLD,EOL HOLD: successor already launched; avoid additional predecessor inventory.,42000
TUM02,MOD019,0.6081875000000001,2.0,0.8688392857142858,0.0,0,0,0,0.0,0.0,0.0,0.0,0.0,Budget,1.0,1.0,0.55,Tumkur,post_successor,EOL_HOLD,EOL HOLD: successor already launched; avoid additional predecessor inventory.,11000
DAV01,MOD038,0.6074276785714287,2.0,0.8677538265306124,0.0,0,0,0,0.0,0.0,0.0,0.0,0.0,Mid-range,0.95,1.0,0.55,Davangere,post_successor,EOL_HOLD,EOL HOLD: successor already launched; avoid additional predecessor inventory.,33500
UDU01,MOD055,0.6071468750000001,2.0,0.8673526785714287,0.0,0,0,0,0.0,0.0,0.0,0.0,0.0,Premium,1.0,1.0,0.55,Udupi,post_successor,EOL_HOLD,EOL HOLD: successor already launched; avoid additional predecessor inventory.,120000
DAV01,MOD039,0.6068060064935066,1.0,0.8668657235621523,0.0,0,0,0,0.0,0.0,0.0,0.0,0.0,Mid-range,0.95,1.0,1.0,Davangere,normal,NO_REPLENISHMENT_NEEDED,HOLD: current stock covers the target forecast requirement.,34500
MAN02,MOD030,0.6035625,1.0,0.8622321428571428,0.0,0,0,0,0.0,0.0,0.0,0.0,0.0,Mid-range,1.0,1.0,1.0,Mangalore,normal,NO_REPLENISHMENT_NEEDED,HOLD: current stock covers the target forecast requirement.,30000
KAL01,MOD002,0.6023732142857143,2.0,0.8605331632653063,0.0,0,0,0,0.0,0.0,0.0,0.0,0.0,Keypad,1.0,1.0,0.55,Kalaburagi,post_successor,EOL_HOLD,EOL HOLD: successor already launched; avoid additional predecessor inventory.,7500
TUM01,MOD006,0.5993504464285714,2.0,0.8562149234693877,0.0,0,0,0,0.0,0.0,0.0,0.0,0.0,Keypad,1.0,1.0,0.55,Tumkur,post_successor,EOL_HOLD,EOL HOLD: successor already launched; avoid additional predecessor inventory.,7000
KOP01,MOD035,0.5992513392857143,1.0,0.8560733418367347,0.0,0,0,0,0.0,0.0,0.0,0.0,0.0,Mid-range,1.0,1.0,0.55,Koppal,post_successor,EOL_HOLD,EOL HOLD: successor already launched; avoid additional predecessor inventory.,29000
BLR06,MOD001,0.5987558035714285,2.0,0.8553654336734694,0.0,0,0,0,0.0,0.0,0.0,0.0,0.0,Keypad,0.85,1.0,0.55,Bangalore,post_successor,EOL_HOLD,EOL HOLD: successor already launched; avoid additional predecessor inventory.,7000
MAN01,MOD002,0.5984750000000001,1.0,0.8549642857142858,0.0,0,0,0,0.0,0.0,0.0,0.0,0.0,Keypad,1.0,1.0,0.55,Mangalore,post_successor,EOL_HOLD,EOL HOLD: successor already launched; avoid additional predecessor inventory.,7500
HOS01,MOD040,0.5977944642857143,2.0,0.8539920918367346,0.0,0,0,0,0.0,0.0,0.0,0.0,0.0,Mid-range,1.0,1.0,0.55,Hassan,post_successor,EOL_HOLD,EOL HOLD: successor already launched; avoid additional predecessor inventory.,35000
KOP01,MOD041,0.5959213392857142,1.0,0.8513161989795918,0.0,0,0,0,0.0,0.0,0.0,0.0,0.0,Mid-range,1.0,1.0,0.55,Koppal,post_successor,EOL_HOLD,EOL HOLD: successor already launched; avoid additional predecessor inventory.,36500
DAV02,MOD045,0.595724025974026,1.0,0.8510343228200371,0.0,0,0,0,0.0,0.0,0.0,0.0,0.0,Mid-range,0.95,1.0,1.0,Davangere,normal,NO_REPLENISHMENT_NEEDED,HOLD: current stock covers the target forecast requirement.,38000
BLR02,MOD058,0.5955348214285715,1.0,0.850764030612245,0.0,0,0,0,0.0,0.0,0.0,0.0,0.0,Premium,1.3,1.0,0.55,Bangalore,post_successor,EOL_HOLD,EOL HOLD: successor already launched; avoid additional predecessor inventory.,95000
MAN02,MOD020,0.593271875,1.0,0.8475312500000001,0.0,0,0,0,0.0,0.0,0.0,0.0,0.0,Budget,1.0,1.0,0.55,Mangalore,post_successor,EOL_HOLD,EOL HOLD: successor already launched; avoid additional predecessor inventory.,11500
BLR07,MOD022,0.5870908928571429,1.0,0.8387012755102041,0.0,0,0,0,0.0,0.0,0.0,0.0,0.0,Budget,0.95,1.0,0.55,Bangalore,post_successor,EOL_HOLD,EOL HOLD: successor already launched; avoid additional predecessor inventory.,13000
MAN01,MOD044,0.5861691964285715,2.0,0.8373845663265307,0.0,0,0,0,0.0,0.0,0.0,0.0,0.0,Mid-range,1.0,1.0,0.55,Mangalore,post_successor,EOL_HOLD,EOL HOLD: successor already launched; avoid additional predecessor inventory.,36500
HUB02,MOD057,0.5854529220779221,1.0,0.8363613172541744,0.0,0,0,0,0.0,0.0,0.0,0.0,0.0,Premium,1.0,1.0,1.0,Hubli,normal,NO_REPLENISHMENT_NEEDED,HOLD: current stock covers the target forecast requirement.,129500
KOP01,MOD009,0.5843357142857144,1.0,0.8347653061224491,0.0,0,0,0,0.0,0.0,0.0,0.0,0.0,Keypad,1.0,1.0,0.55,Koppal,post_successor,EOL_HOLD,EOL HOLD: successor already launched; avoid additional predecessor inventory.,7500
BLR06,MOD032,0.5835924107142858,3.0,0.8337034438775512,0.0,0,0,0,0.0,0.0,0.0,0.0,0.0,Mid-range,1.1,1.0,0.55,Bangalore,post_successor,EOL_HOLD,EOL HOLD: successor already launched; avoid additional predecessor inventory.,27000
BEL01,MOD025,0.5811147321428571,1.0,0.8301639030612245,0.0,0,0,0,0.0,0.0,0.0,0.0,0.0,Upper-mid,1.0,1.0,0.55,Belgaum,post_successor,EOL_HOLD,EOL HOLD: successor already launched; avoid additional predecessor inventory.,24000
HUB02,MOD029,0.5804011607142858,2.0,0.8291445153061225,0.0,0,0,0,0.0,0.0,0.0,0.0,0.0,Mid-range,1.0,1.0,0.55,Hubli,post_successor,EOL_HOLD,EOL HOLD: successor already launched; avoid additional predecessor inventory.,29000
BLR02,MOD043,0.5786866071428571,1.0,0.8266951530612244,0.0,0,0,0,0.0,0.0,0.0,0.0,0.0,Mid-range,1.1,1.0,0.55,Bangalore,post_successor,EOL_HOLD,EOL HOLD: successor already launched; avoid additional predecessor inventory.,35000
MYS01,MOD007,0.5783892857142857,2.0,0.8262704081632652,0.0,0,0,0,0.0,0.0,0.0,0.0,0.0,Keypad,1.0,1.0,0.55,Mysore,post_successor,EOL_HOLD,EOL HOLD: successor already launched; avoid additional predecessor inventory.,7000
BEL01,MOD005,0.575049375,1.0,0.8214991071428571,0.0,0,0,0,0.0,0.0,0.0,0.0,0.0,Keypad,1.0,1.0,0.55,Belgaum,post_successor,EOL_HOLD,EOL HOLD: successor already launched; avoid additional predecessor inventory.,6500
MYS02,MOD022,0.5697669642857143,1.0,0.813952806122449,0.0,0,0,0,0.0,0.0,0.0,0.0,0.0,Budget,1.0,1.0,0.55,Mysore,post_successor,EOL_HOLD,EOL HOLD: successor already launched; avoid additional predecessor inventory.,13000
HOS01,MOD035,0.568875,3.0,0.8126785714285715,0.0,0,0,0,0.0,0.0,0.0,0.0,0.0,Mid-range,1.0,1.0,0.55,Hassan,post_successor,EOL_HOLD,EOL HOLD: successor already launched; avoid additional predecessor inventory.,29000
MYS02,MOD019,0.568544642857143,1.0,0.8122066326530614,0.0,0,0,0,0.0,0.0,0.0,0.0,0.0,Budget,1.0,1.0,0.55,Mysore,post_successor,EOL_HOLD,EOL HOLD: successor already launched; avoid additional predecessor inventory.,11000
BLR05,MOD006,0.5669424107142859,2.0,0.8099177295918369,0.0,0,0,0,0.0,0.0,0.0,0.0,0.0,Keypad,0.85,1.0,0.55,Bangalore,post_successor,EOL_HOLD,EOL HOLD: successor already launched; avoid additional predecessor inventory.,7000
MAN02,MOD037,0.5664964285714287,1.0,0.8092806122448982,0.0,0,0,0,0.0,0.0,0.0,0.0,0.0,Mid-range,1.0,1.0,0.55,Mangalore,post_successor,EOL_HOLD,EOL HOLD: successor already launched; avoid additional predecessor inventory.,32000
HUB02,MOD011,0.5659017857142857,2.0,0.8084311224489796,0.0,0,0,0,0.0,0.0,0.0,0.0,0.0,Keypad,1.0,1.0,0.55,Hubli,post_successor,EOL_HOLD,EOL HOLD: successor already launched; avoid additional predecessor inventory.,8000
SHI01,MOD019,0.5654558035714286,2.0,0.8077940051020408,0.0,0,0,0,0.0,0.0,0.0,0.0,0.0,Budget,1.0,1.0,0.55,Shivamogga,post_successor,EOL_HOLD,EOL HOLD: successor already launched; avoid additional predecessor inventory.,11000
BLR01,MOD041,0.5635430357142859,1.0,0.8050614795918369,0.0,0,0,0,0.0,0.0,0.0,0.0,0.0,Mid-range,1.1,1.0,0.55,Bangalore,post_successor,EOL_HOLD,EOL HOLD: successor already launched; avoid additional predecessor inventory.,36500
CHI01,MOD009,0.5629946428571428,2.0,0.8042780612244897,0.0,0,0,0,0.0,0.0,0.0,0.0,0.0,Keypad,1.0,1.0,0.55,Chitradurga,post_successor,EOL_HOLD,EOL HOLD: successor already launched; avoid additional predecessor inventory.,7500
BLR01,MOD053,0.5622017857142857,2.0,0.8031454081632653,0.0,0,0,0,0.0,0.0,0.0,0.0,0.0,Premium,1.3,1.0,0.55,Bangalore,post_successor,EOL_HOLD,EOL HOLD: successor already launched; avoid additional predecessor inventory.,88500
MYS02,MOD043,0.5605995535714285,1.0,0.8008565051020408,0.0,0,0,0,0.0,0.0,0.0,0.0,0.0,Mid-range,1.0,1.0,0.55,Mysore,post_successor,EOL_HOLD,EOL HOLD: successor already launched; avoid additional predecessor inventory.,35000
KAL01,MOD043,0.5592616071428572,1.0,0.7989451530612246,0.0,0,0,0,0.0,0.0,0.0,0.0,0.0,Mid-range,1.0,1.0,0.55,Kalaburagi,post_successor,EOL_HOLD,EOL HOLD: successor already launched; avoid additional predecessor inventory.,35000
BLR07,MOD029,0.5586339285714286,1.0,0.7980484693877551,0.0,0,0,0,0.0,0.0,0.0,0.0,0.0,Mid-range,1.1,1.0,0.55,Bangalore,post_successor,EOL_HOLD,EOL HOLD: successor already launched; avoid additional predecessor inventory.,29000
BLR02,MOD059,0.5574152777777777,1.0,0.7963075396825394,0.0,0,0,0,0.0,0.0,0.0,0.0,0.0,Premium,1.3,1.0,0.55,Bangalore,post_successor,EOL_HOLD,EOL HOLD: successor already launched; avoid additional predecessor inventory.,99000
UDU01,MOD043,0.553374642857143,1.0,0.7905352040816328,0.0,0,0,0,0.0,0.0,0.0,0.0,0.0,Mid-range,1.0,1.0,0.55,Udupi,post_successor,EOL_HOLD,EOL HOLD: successor already launched; avoid additional predecessor inventory.,35000
HUB02,MOD034,0.5522250000000001,2.0,0.7888928571428572,0.0,0,0,0,0.0,0.0,0.0,0.0,0.0,Mid-range,1.0,1.0,0.55,Hubli,post_successor,EOL_HOLD,EOL HOLD: successor already launched; avoid additional predecessor inventory.,28000
BLR07,MOD044,0.5520366964285714,1.0,0.7886238520408163,0.0,0,0,0,0.0,0.0,0.0,0.0,0.0,Mid-range,1.1,1.0,0.55,Bangalore,post_successor,EOL_HOLD,EOL HOLD: successor already launched; avoid additional predecessor inventory.,36500
BLR07,MOD025,0.5500152777777778,2.0,0.7857361111111112,0.0,0,0,0,0.0,0.0,0.0,0.0,0.0,Upper-mid,1.05,1.0,0.55,Bangalore,post_successor,EOL_HOLD,EOL HOLD: successor already launched; avoid additional predecessor inventory.,24000
KOP01,MOD044,0.5483598214285714,1.0,0.7833711734693878,0.0,0,0,0,0.0,0.0,0.0,0.0,0.0,Mid-range,1.0,1.0,0.55,Koppal,post_successor,EOL_HOLD,EOL HOLD: successor already launched; avoid additional predecessor inventory.,36500
DAV02,MOD023,0.5482111607142858,1.0,0.7831588010204082,0.0,0,0,0,0.0,0.0,0.0,0.0,0.0,Budget,1.3,1.0,0.55,Davangere,post_successor,EOL_HOLD,EOL HOLD: successor already launched; avoid additional predecessor inventory.,13500
BLR01,MOD044,0.5480228571428573,1.0,0.7828897959183675,0.0,0,0,0,0.0,0.0,0.0,0.0,0.0,Mid-range,1.1,1.0,0.55,Bangalore,post_successor,EOL_HOLD,EOL HOLD: successor already launched; avoid additional predecessor inventory.,36500
HUB01,MOD019,0.547021875,3.0,0.7814598214285714,0.0,0,0,0,0.0,0.0,0.0,0.0,0.0,Budget,1.0,1.0,0.55,Hubli,post_successor,EOL_HOLD,EOL HOLD: successor already launched; avoid additional predecessor inventory.,11000
SHI01,MOD013,0.5469525000000001,1.0,0.7813607142857144,0.0,0,0,0,0.0,0.0,0.0,0.0,0.0,Budget,1.0,1.0,0.55,Shivamogga,post_successor,EOL_HOLD,EOL HOLD: successor already launched; avoid additional predecessor inventory.,12000
HOS01,MOD006,0.5464272321428572,1.0,0.7806103316326531,0.0,0,0,0,0.0,0.0,0.0,0.0,0.0,Keypad,1.0,1.0,0.55,Hassan,post_successor,EOL_HOLD,EOL HOLD: successor already launched; avoid additional predecessor inventory.,7000
BLR06,MOD038,0.5456839285714286,3.0,0.7795484693877551,0.0,0,0,0,0.0,0.0,0.0,0.0,0.0,Mid-range,1.1,1.0,0.55,Bangalore,post_successor,EOL_HOLD,EOL HOLD: successor already launched; avoid additional predecessor inventory.,33500
MYS01,MOD035,0.5456839285714286,2.0,0.7795484693877551,0.0,0,0,0,0.0,0.0,0.0,0.0,0.0,Mid-range,1.0,1.0,0.55,Mysore,post_successor,EOL_HOLD,EOL HOLD: successor already launched; avoid additional predecessor inventory.,29000
BLR03,MOD047,0.5450892857142857,2.0,0.7786989795918368,0.0,0,0,0,0.0,0.0,0.0,0.0,0.0,Flagship,1.2,1.0,0.55,Bangalore,post_successor,EOL_HOLD,EOL HOLD: successor already launched; avoid additional predecessor inventory.,52000
MAN01,MOD043,0.5450892857142857,2.0,0.7786989795918368,0.0,0,0,0,0.0,0.0,0.0,0.0,0.0,Mid-range,1.0,1.0,0.55,Mangalore,post_successor,EOL_HOLD,EOL HOLD: successor already launched; avoid additional predecessor inventory.,35000
HUB02,MOD010,0.5430080357142858,1.0,0.7757257653061226,0.0,0,0,0,0.0,0.0,0.0,0.0,0.0,Keypad,1.0,1.0,0.55,Hubli,post_successor,EOL_HOLD,EOL HOLD: successor already launched; avoid additional predecessor inventory.,8000
BLR05,MOD016,0.5416007142857144,2.0,0.7737153061224492,0.0,0,0,0,0.0,0.0,0.0,0.0,0.0,Budget,0.95,1.0,0.55,Bangalore,post_successor,EOL_HOLD,EOL HOLD: successor already launched; avoid additional predecessor inventory.,14000
BLR07,MOD053,0.5409267857142858,1.0,0.7727525510204083,0.0,0,0,0,0.0,0.0,0.0,0.0,0.0,Premium,1.3,1.0,0.55,Bangalore,post_successor,EOL_HOLD,EOL HOLD: successor already launched; avoid additional predecessor inventory.,88500
HUB01,MOD005,0.5403321428571428,2.0,0.7719030612244897,0.0,0,0,0,0.0,0.0,0.0,0.0,0.0,Keypad,1.0,1.0,0.55,Hubli,post_successor,EOL_HOLD,EOL HOLD: successor already launched; avoid additional predecessor inventory.,6500
BLR01,MOD024,0.540224025974026,1.0,0.7717486085343228,0.0,0,0,0,0.0,0.0,0.0,0.0,0.0,Budget,0.95,1.0,1.0,Bangalore,normal,NO_REPLENISHMENT_NEEDED,HOLD: current stock covers the target forecast requirement.,14000
BEL01,MOD019,0.53946,2.0,0.7706571428571429,0.0,0,0,0,0.0,0.0,0.0,0.0,0.0,Budget,1.0,1.0,0.55,Belgaum,post_successor,EOL_HOLD,EOL HOLD: successor already launched; avoid additional predecessor inventory.,11000
UDU01,MOD028,0.5383995535714287,1.0,0.7691422193877553,0.0,0,0,0,0.0,0.0,0.0,0.0,0.0,Mid-range,1.0,1.0,0.55,Udupi,post_successor,EOL_HOLD,EOL HOLD: successor already launched; avoid additional predecessor inventory.,28000
BEL01,MOD003,0.5368003246753246,1.0,0.766857606679035,0.0,0,0,0,0.0,0.0,0.0,0.0,0.0,Keypad,1.0,1.0,0.6,Belgaum,post_successor,EOL_HOLD,EOL HOLD: successor already launched; avoid additional predecessor inventory.,7500
MYS01,MOD037,0.5351785714285715,2.0,0.7645408163265307,0.0,0,0,0,0.0,0.0,0.0,0.0,0.0,Mid-range,1.0,1.0,0.55,Mysore,post_successor,EOL_HOLD,EOL HOLD: successor already launched; avoid additional predecessor inventory.,32000
BLR03,MOD009,0.5338406250000001,2.0,0.7626294642857143,0.0,0,0,0,0.0,0.0,0.0,0.0,0.0,Keypad,0.85,1.0,0.55,Bangalore,post_successor,EOL_HOLD,EOL HOLD: successor already launched; avoid additional predecessor inventory.,7500
CHI01,MOD035,0.5324531250000001,2.0,0.7606473214285715,0.0,0,0,0,0.0,0.0,0.0,0.0,0.0,Mid-range,1.0,1.0,0.55,Chitradurga,post_successor,EOL_HOLD,EOL HOLD: successor already launched; avoid additional predecessor inventory.,29000
BLR08,MOD016,0.5323044642857143,3.0,0.7604349489795919,0.0,0,0,0,0.0,0.0,0.0,0.0,0.0,Budget,0.95,1.0,0.55,Bangalore,post_successor,EOL_HOLD,EOL HOLD: successor already launched; avoid additional predecessor inventory.,14000
SHI01,MOD041,0.5296285714285714,1.0,0.7566122448979592,0.0,0,0,0,0.0,0.0,0.0,0.0,0.0,Mid-range,1.0,1.0,0.55,Shivamogga,post_successor,EOL_HOLD,EOL HOLD: successor already launched; avoid additional predecessor inventory.,36500
HUB01,MOD017,0.5290339285714286,2.0,0.7557627551020409,0.0,0,0,0,0.0,0.0,0.0,0.0,0.0,Budget,1.0,1.0,0.55,Hubli,post_successor,EOL_HOLD,EOL HOLD: successor already launched; avoid additional predecessor inventory.,14500
MYS02,MOD026,0.5282212500000001,1.0,0.7546017857142858,0.0,0,0,0,0.0,0.0,0.0,0.0,0.0,Mid-range,1.0,1.0,0.55,Mysore,post_successor,EOL_HOLD,EOL HOLD: successor already launched; avoid additional predecessor inventory.,25000
CHI01,MOD022,0.526209375,2.0,0.7517276785714285,0.0,0,0,0,0.0,0.0,0.0,0.0,0.0,Budget,1.0,1.0,0.55,Chitradurga,post_successor,EOL_HOLD,EOL HOLD: successor already launched; avoid additional predecessor inventory.,13000
UDU01,MOD031,0.5249375000000001,1.0,0.7499107142857143,0.0,0,0,0,0.0,0.0,0.0,0.0,0.0,Mid-range,1.0,1.0,0.55,Udupi,post_successor,EOL_HOLD,EOL HOLD: successor already launched; avoid additional predecessor inventory.,26000
BLR08,MOD034,0.5240125000000001,1.0,0.7485892857142858,0.0,0,0,0,0.0,0.0,0.0,0.0,0.0,Mid-range,1.1,1.0,0.55,Bangalore,post_successor,EOL_HOLD,EOL HOLD: successor already launched; avoid additional predecessor inventory.,28000
SHI01,MOD054,0.5230154220779221,1.0,0.7471648886827458,0.0,0,0,0,0.0,0.0,0.0,0.0,0.0,Premium,1.0,1.0,1.0,Shivamogga,normal,NO_REPLENISHMENT_NEEDED,HOLD: current stock covers the target forecast requirement.,92000
BLR02,MOD022,0.5201142857142858,1.0,0.7430204081632653,0.0,0,0,0,0.0,0.0,0.0,0.0,0.0,Budget,0.95,1.0,0.55,Bangalore,post_successor,EOL_HOLD,EOL HOLD: successor already launched; avoid additional predecessor inventory.,13000
BLR03,MOD044,0.5201142857142858,2.0,0.7430204081632653,0.0,0,0,0,0.0,0.0,0.0,0.0,0.0,Mid-range,1.1,1.0,0.55,Bangalore,post_successor,EOL_HOLD,EOL HOLD: successor already launched; avoid additional predecessor inventory.,36500
HUB01,MOD031,0.516358125,1.0,0.7376544642857142,0.0,0,0,0,0.0,0.0,0.0,0.0,0.0,Mid-range,1.0,1.0,0.55,Hubli,post_successor,EOL_HOLD,EOL HOLD: successor already launched; avoid additional predecessor inventory.,26000
BLR07,MOD059,0.5161797321428572,1.0,0.7373996173469388,0.0,0,0,0,0.0,0.0,0.0,0.0,0.0,Premium,1.3,1.0,0.55,Bangalore,post_successor,EOL_HOLD,EOL HOLD: successor already launched; avoid additional predecessor inventory.,99000
DAV02,MOD018,0.5158977272727272,1.0,0.7369967532467532,0.0,0,0,0,0.0,0.0,0.0,0.0,0.0,Upper-mid,1.1,1.0,1.0,Davangere,normal,NO_REPLENISHMENT_NEEDED,HOLD: current stock covers the target forecast requirement.,15000
BLR04,MOD013,0.5118091071428572,1.0,0.7311558673469388,0.0,0,0,0,0.0,0.0,0.0,0.0,0.0,Budget,0.95,1.0,0.55,Bangalore,post_successor,EOL_HOLD,EOL HOLD: successor already launched; avoid additional predecessor inventory.,12000
KOP01,MOD028,0.5108973214285714,1.0,0.7298533163265305,0.0,0,0,0,0.0,0.0,0.0,0.0,0.0,Mid-range,1.0,1.0,0.55,Koppal,post_successor,EOL_HOLD,EOL HOLD: successor already launched; avoid additional predecessor inventory.,28000
MAN02,MOD016,0.5104513392857143,2.0,0.7292161989795919,0.0,0,0,0,0.0,0.0,0.0,0.0,0.0,Budget,1.0,1.0,0.55,Mangalore,post_successor,EOL_HOLD,EOL HOLD: successor already launched; avoid additional predecessor inventory.,14000
BLR01,MOD038,0.5101375,1.0,0.7287678571428572,0.0,0,0,0,0.0,0.0,0.0,0.0,0.0,Mid-range,1.1,1.0,0.55,Bangalore,post_successor,EOL_HOLD,EOL HOLD: successor already launched; avoid additional predecessor inventory.,33500
KOP01,MOD032,0.5096750000000001,1.0,0.728107142857143,0.0,0,0,0,0.0,0.0,0.0,0.0,0.0,Mid-range,1.0,1.0,0.55,Koppal,post_successor,EOL_HOLD,EOL HOLD: successor already launched; avoid additional predecessor inventory.,27000
KAL01,MOD031,0.50875,1.0,0.7267857142857144,0.0,0,0,0,0.0,0.0,0.0,0.0,0.0,Mid-range,1.0,1.0,0.55,Kalaburagi,post_successor,EOL_HOLD,EOL HOLD: successor already launched; avoid additional predecessor inventory.,26000
UDU01,MOD022,0.504240625,2.0,0.72034375,0.0,0,0,0,0.0,0.0,0.0,0.0,0.0,Budget,1.0,1.0,0.55,Udupi,post_successor,EOL_HOLD,EOL HOLD: successor already launched; avoid additional predecessor inventory.,13000
MYS01,MOD057,0.5042030844155844,1.0,0.7202901205936919,0.0,0,0,0,0.0,0.0,0.0,0.0,0.0,Premium,1.0,1.0,1.0,Mysore,normal,NO_REPLENISHMENT_NEEDED,HOLD: current stock covers the target forecast requirement.,129500
BLR04,MOD059,0.5035138392857142,1.0,0.7193054846938775,0.0,0,0,0,0.0,0.0,0.0,0.0,0.0,Premium,1.3,1.0,0.55,Bangalore,post_successor,EOL_HOLD,EOL HOLD: successor already launched; avoid additional predecessor inventory.,99000
HUB01,MOD050,0.5032000000000001,1.0,0.718857142857143,0.0,0,0,0,0.0,0.0,0.0,0.0,0.0,Mid-range,1.0,1.0,0.55,Hubli,post_successor,EOL_HOLD,EOL HOLD: successor already launched; avoid additional predecessor inventory.,43500
DAV02,MOD014,0.5028696428571429,2.0,0.7183852040816328,0.0,0,0,0,0.0,0.0,0.0,0.0,0.0,Budget,1.3,1.0,0.55,Davangere,post_successor,EOL_HOLD,EOL HOLD: successor already launched; avoid additional predecessor inventory.,12500
BLR06,MOD006,0.5017794642857142,1.0,0.7168278061224489,0.0,0,0,0,0.0,0.0,0.0,0.0,0.0,Keypad,0.85,1.0,0.55,Bangalore,post_successor,EOL_HOLD,EOL HOLD: successor already launched; avoid additional predecessor inventory.,7000
BLR06,MOD047,0.4997312499999999,1.0,0.7139017857142855,0.0,0,0,0,0.0,0.0,0.0,0.0,0.0,Flagship,1.2,1.0,0.55,Bangalore,post_successor,EOL_HOLD,EOL HOLD: successor already launched; avoid additional predecessor inventory.,52000
BLR07,MOD001,0.4990375000000001,2.0,0.7129107142857144,0.0,0,0,0,0.0,0.0,0.0,0.0,0.0,Keypad,0.85,1.0,0.55,Bangalore,post_successor,EOL_HOLD,EOL HOLD: successor already launched; avoid additional predecessor inventory.,7000
BLR07,MOD037,0.4975178571428571,1.0,0.7107397959183673,0.0,0,0,0,0.0,0.0,0.0,0.0,0.0,Mid-range,1.1,1.0,0.55,Bangalore,post_successor,EOL_HOLD,EOL HOLD: successor already launched; avoid additional predecessor inventory.,32000
BLR01,MOD007,0.49626249999999994,1.0,0.7089464285714284,0.0,0,0,0,0.0,0.0,0.0,0.0,0.0,Keypad,0.85,1.0,0.55,Bangalore,post_successor,EOL_HOLD,EOL HOLD: successor already launched; avoid additional predecessor inventory.,7000
BEL01,MOD011,0.49617991071428574,2.0,0.7088284438775511,0.0,0,0,0,0.0,0.0,0.0,0.0,0.0,Keypad,1.0,1.0,0.55,Belgaum,post_successor,EOL_HOLD,EOL HOLD: successor already launched; avoid additional predecessor inventory.,8000
TUM02,MOD029,0.4958,1.0,0.7082857142857143,0.0,0,0,0,0.0,0.0,0.0,0.0,0.0,Mid-range,1.0,1.0,0.55,Tumkur,post_successor,EOL_HOLD,EOL HOLD: successor already launched; avoid additional predecessor inventory.,29000
HUB01,MOD020,0.4954366071428572,1.0,0.7077665816326532,0.0,0,0,0,0.0,0.0,0.0,0.0,0.0,Budget,1.0,1.0,0.55,Hubli,post_successor,EOL_HOLD,EOL HOLD: successor already launched; avoid additional predecessor inventory.,11500
UDU01,MOD029,0.49395,1.0,0.7056428571428571,0.0,0,0,0,0.0,0.0,0.0,0.0,0.0,Mid-range,1.0,1.0,0.55,Udupi,post_successor,EOL_HOLD,EOL HOLD: successor already launched; avoid additional predecessor inventory.,29000
HOS01,MOD026,0.4921,1.0,0.703,0.0,0,0,0,0.0,0.0,0.0,0.0,0.0,Mid-range,1.0,1.0,0.55,Hassan,post_successor,EOL_HOLD,EOL HOLD: successor already launched; avoid additional predecessor inventory.,25000
MYS01,MOD017,0.49082812500000006,1.0,0.7011830357142859,0.0,0,0,0,0.0,0.0,0.0,0.0,0.0,Budget,1.0,1.0,0.55,Mysore,post_successor,EOL_HOLD,EOL HOLD: successor already launched; avoid additional predecessor inventory.,14500
HUB02,MOD045,0.48211120129870133,1.0,0.6887302875695733,0.0,0,0,0,0.0,0.0,0.0,0.0,0.0,Mid-range,1.0,1.0,1.0,Hubli,normal,NO_REPLENISHMENT_NEEDED,HOLD: current stock covers the target forecast requirement.,38000
KOP01,MOD040,0.4815616071428571,2.0,0.6879451530612244,0.0,0,0,0,0.0,0.0,0.0,0.0,0.0,Mid-range,1.0,1.0,0.55,Koppal,post_successor,EOL_HOLD,EOL HOLD: successor already launched; avoid additional predecessor inventory.,35000
MAN01,MOD031,0.4724933035714286,1.0,0.6749904336734694,0.0,0,0,0,0.0,0.0,0.0,0.0,0.0,Mid-range,1.0,1.0,0.55,Mangalore,post_successor,EOL_HOLD,EOL HOLD: successor already launched; avoid additional predecessor inventory.,26000
MAN01,MOD046,0.47149305555555554,1.0,0.6735615079365079,0.0,0,0,0,0.0,0.0,0.0,0.0,0.0,Flagship,1.0,1.0,0.55,Mangalore,post_successor,EOL_HOLD,EOL HOLD: successor already launched; avoid additional predecessor inventory.,50000
BLR06,MOD026,0.4713040178571428,1.0,0.6732914540816326,0.0,0,0,0,0.0,0.0,0.0,0.0,0.0,Mid-range,1.1,1.0,0.55,Bangalore,post_successor,EOL_HOLD,EOL HOLD: successor already launched; avoid additional predecessor inventory.,25000
BLR02,MOD053,0.46922276785714284,2.0,0.6703182397959183,0.0,0,0,0,0.0,0.0,0.0,0.0,0.0,Premium,1.3,1.0,0.55,Bangalore,post_successor,EOL_HOLD,EOL HOLD: successor already launched; avoid additional predecessor inventory.,88500
MYS02,MOD028,0.4669928571428571,2.0,0.6671326530612244,0.0,0,0,0,0.0,0.0,0.0,0.0,0.0,Mid-range,1.0,1.0,0.55,Mysore,post_successor,EOL_HOLD,EOL HOLD: successor already launched; avoid additional predecessor inventory.,28000
BLR01,MOD037,0.46635416666666674,1.0,0.6662202380952381,0.0,0,0,0,0.0,0.0,0.0,0.0,0.0,Mid-range,1.1,1.0,0.55,Bangalore,post_successor,EOL_HOLD,EOL HOLD: successor already launched; avoid additional predecessor inventory.,32000
MYS02,MOD020,0.4650602678571429,2.0,0.6643718112244897,0.0,0,0,0,0.0,0.0,0.0,0.0,0.0,Budget,1.0,1.0,0.55,Mysore,post_successor,EOL_HOLD,EOL HOLD: successor already launched; avoid additional predecessor inventory.,11500
MYS02,MOD009,0.4650180555555555,1.0,0.6643115079365078,0.0,0,0,0,0.0,0.0,0.0,0.0,0.0,Keypad,1.0,1.0,0.55,Mysore,post_successor,EOL_HOLD,EOL HOLD: successor already launched; avoid additional predecessor inventory.,7500
BLR02,MOD020,0.4625513888888889,1.0,0.6607876984126985,0.0,0,0,0,0.0,0.0,0.0,0.0,0.0,Budget,0.95,1.0,0.55,Bangalore,post_successor,EOL_HOLD,EOL HOLD: successor already launched; avoid additional predecessor inventory.,11500
HUB01,MOD009,0.4604517857142857,1.0,0.6577882653061223,0.0,0,0,0,0.0,0.0,0.0,0.0,0.0,Keypad,1.0,1.0,0.55,Hubli,post_successor,EOL_HOLD,EOL HOLD: successor already launched; avoid additional predecessor inventory.,7500
HOS01,MOD011,0.4580732142857143,1.0,0.6543903061224491,0.0,0,0,0,0.0,0.0,0.0,0.0,0.0,Keypad,1.0,1.0,0.55,Hassan,post_successor,EOL_HOLD,EOL HOLD: successor already launched; avoid additional predecessor inventory.,8000
TUM01,MOD034,0.45450535714285717,1.0,0.6492933673469388,0.0,0,0,0,0.0,0.0,0.0,0.0,0.0,Mid-range,1.0,1.0,0.55,Tumkur,post_successor,EOL_HOLD,EOL HOLD: successor already launched; avoid additional predecessor inventory.,28000
MYS01,MOD005,0.4541089285714286,2.0,0.6487270408163265,0.0,0,0,0,0.0,0.0,0.0,0.0,0.0,Keypad,1.0,1.0,0.55,Mysore,post_successor,EOL_HOLD,EOL HOLD: successor already launched; avoid additional predecessor inventory.,6500
TUM01,MOD044,0.45361339285714286,1.0,0.6480191326530613,0.0,0,0,0,0.0,0.0,0.0,0.0,0.0,Mid-range,1.0,1.0,0.55,Tumkur,post_successor,EOL_HOLD,EOL HOLD: successor already launched; avoid additional predecessor inventory.,36500
BLR02,MOD037,0.4527214285714286,2.0,0.6467448979591837,0.0,0,0,0,0.0,0.0,0.0,0.0,0.0,Mid-range,1.1,1.0,0.55,Bangalore,post_successor,EOL_HOLD,EOL HOLD: successor already launched; avoid additional predecessor inventory.,32000
DAV02,MOD038,0.45268472222222217,2.0,0.6466924603174603,0.0,0,0,0,0.0,0.0,0.0,0.0,0.0,Mid-range,0.95,1.0,0.55,Davangere,post_successor,EOL_HOLD,EOL HOLD: successor already launched; avoid additional predecessor inventory.,33500
HOS01,MOD022,0.45108616071428576,1.0,0.6444088010204082,0.0,0,0,0,0.0,0.0,0.0,0.0,0.0,Budget,1.0,1.0,0.55,Hassan,post_successor,EOL_HOLD,EOL HOLD: successor already launched; avoid additional predecessor inventory.,13000
HUB01,MOD014,0.44974821428571427,1.0,0.6424974489795918,0.0,0,0,0,0.0,0.0,0.0,0.0,0.0,Budget,1.0,1.0,0.55,Hubli,post_successor,EOL_HOLD,EOL HOLD: successor already launched; avoid additional predecessor inventory.,12500
MAN02,MOD057,0.4475137987012987,1.0,0.639305426716141,0.0,0,0,0,0.0,0.0,0.0,0.0,0.0,Premium,1.0,1.0,1.0,Mangalore,normal,NO_REPLENISHMENT_NEEDED,HOLD: current stock covers the target forecast requirement.,129500
UDU01,MOD034,0.4470525000000001,1.0,0.6386464285714286,0.0,0,0,0,0.0,0.0,0.0,0.0,0.0,Mid-range,1.0,1.0,0.55,Udupi,post_successor,EOL_HOLD,EOL HOLD: successor already launched; avoid additional predecessor inventory.,28000
MAN02,MOD019,0.4451397321428571,1.0,0.6359139030612244,0.0,0,0,0,0.0,0.0,0.0,0.0,0.0,Budget,1.0,1.0,0.55,Mangalore,post_successor,EOL_HOLD,EOL HOLD: successor already launched; avoid additional predecessor inventory.,11000
BLR04,MOD005,0.4424638392857143,1.0,0.6320911989795919,0.0,0,0,0,0.0,0.0,0.0,0.0,0.0,Keypad,0.85,1.0,0.55,Bangalore,post_successor,EOL_HOLD,EOL HOLD: successor already launched; avoid additional predecessor inventory.,6500
UDU01,MOD017,0.4424638392857143,2.0,0.6320911989795919,0.0,0,0,0,0.0,0.0,0.0,0.0,0.0,Budget,1.0,1.0,0.55,Udupi,post_successor,EOL_HOLD,EOL HOLD: successor already launched; avoid additional predecessor inventory.,14500
HUB02,MOD051,0.4346298701298701,1.0,0.620899814471243,0.0,0,0,0,0.0,0.0,0.0,0.0,0.0,Flagship,1.0,1.0,1.0,Hubli,normal,NO_REPLENISHMENT_NEEDED,HOLD: current stock covers the target forecast requirement.,45500
MYS02,MOD038,0.43458482142857147,2.0,0.6208354591836736,0.0,0,0,0,0.0,0.0,0.0,0.0,0.0,Mid-range,1.0,1.0,0.55,Mysore,post_successor,EOL_HOLD,EOL HOLD: successor already launched; avoid additional predecessor inventory.,33500
HUB02,MOD032,0.43369285714285716,1.0,0.6195612244897959,0.0,0,0,0,0.0,0.0,0.0,0.0,0.0,Mid-range,1.0,1.0,0.55,Hubli,post_successor,EOL_HOLD,EOL HOLD: successor already launched; avoid additional predecessor inventory.,27000
HUB01,MOD022,0.43313785714285724,1.0,0.618768367346939,0.0,0,0,0,0.0,0.0,0.0,0.0,0.0,Budget,1.0,1.0,0.55,Hubli,post_successor,EOL_HOLD,EOL HOLD: successor already launched; avoid additional predecessor inventory.,13000
MAN01,MOD059,0.42834107142857136,1.0,0.6119158163265305,0.0,0,0,0,0.0,0.0,0.0,0.0,0.0,Premium,1.0,1.0,0.55,Mangalore,post_successor,EOL_HOLD,EOL HOLD: successor already launched; avoid additional predecessor inventory.,99000
BEL01,MOD013,0.42700312500000004,2.0,0.6100044642857144,0.0,0,0,0,0.0,0.0,0.0,0.0,0.0,Budget,1.0,1.0,0.55,Belgaum,post_successor,EOL_HOLD,EOL HOLD: successor already launched; avoid additional predecessor inventory.,12000
KAL01,MOD001,0.4259625,2.0,0.6085178571428571,0.0,0,0,0,0.0,0.0,0.0,0.0,0.0,Keypad,1.0,1.0,0.55,Kalaburagi,post_successor,EOL_HOLD,EOL HOLD: successor already launched; avoid additional predecessor inventory.,7000
MYS01,MOD028,0.42521919642857137,1.0,0.6074559948979591,0.0,0,0,0,0.0,0.0,0.0,0.0,0.0,Mid-range,1.0,1.0,0.55,Mysore,post_successor,EOL_HOLD,EOL HOLD: successor already launched; avoid additional predecessor inventory.,28000
HOS01,MOD016,0.424921875,1.0,0.60703125,0.0,0,0,0,0.0,0.0,0.0,0.0,0.0,Budget,1.0,1.0,0.55,Hassan,post_successor,EOL_HOLD,EOL HOLD: successor already launched; avoid additional predecessor inventory.,14000
BLR05,MOD029,0.42135401785714277,1.0,0.6019343112244897,0.0,0,0,0,0.0,0.0,0.0,0.0,0.0,Mid-range,1.1,1.0,0.55,Bangalore,post_successor,EOL_HOLD,EOL HOLD: successor already launched; avoid additional predecessor inventory.,29000
MAN01,MOD060,0.4212954545454545,1.0,0.6018506493506492,0.0,0,0,0,0.0,0.0,0.0,0.0,0.0,Premium,1.0,1.0,1.0,Mangalore,normal,NO_REPLENISHMENT_NEEDED,HOLD: current stock covers the target forecast requirement.,102500
MAN01,MOD058,0.4201647321428571,1.0,0.6002353316326531,0.0,0,0,0,0.0,0.0,0.0,0.0,0.0,Premium,1.0,1.0,0.55,Mangalore,post_successor,EOL_HOLD,EOL HOLD: successor already launched; avoid additional predecessor inventory.,95000
BLR04,MOD020,0.41949080357142865,1.0,0.5992725765306124,0.0,0,0,0,0.0,0.0,0.0,0.0,0.0,Budget,0.95,1.0,0.55,Bangalore,post_successor,EOL_HOLD,EOL HOLD: successor already launched; avoid additional predecessor inventory.,11500
KAL01,MOD035,0.41674553571428574,2.0,0.5953507653061225,0.0,0,0,0,0.0,0.0,0.0,0.0,0.0,Mid-range,1.0,1.0,0.55,Kalaburagi,post_successor,EOL_HOLD,EOL HOLD: successor already launched; avoid additional predecessor inventory.,29000
BLR08,MOD023,0.41555624999999996,1.0,0.5936517857142857,0.0,0,0,0,0.0,0.0,0.0,0.0,0.0,Budget,0.95,1.0,0.55,Bangalore,post_successor,EOL_HOLD,EOL HOLD: successor already launched; avoid additional predecessor inventory.,13500
MAN02,MOD025,0.41347500000000004,1.0,0.5906785714285715,0.0,0,0,0,0.0,0.0,0.0,0.0,0.0,Upper-mid,1.0,1.0,0.55,Mangalore,post_successor,EOL_HOLD,EOL HOLD: successor already launched; avoid additional predecessor inventory.,24000
BLR08,MOD031,0.413475,2.0,0.5906785714285714,0.0,0,0,0,0.0,0.0,0.0,0.0,0.0,Mid-range,1.1,1.0,0.55,Bangalore,post_successor,EOL_HOLD,EOL HOLD: successor already launched; avoid additional predecessor inventory.,26000
CHI01,MOD029,0.413128125,1.0,0.5901830357142857,0.0,0,0,0,0.0,0.0,0.0,0.0,0.0,Mid-range,1.0,1.0,0.55,Chitradurga,post_successor,EOL_HOLD,EOL HOLD: successor already launched; avoid additional predecessor inventory.,29000
MAN02,MOD011,0.41146312500000004,1.0,0.5878044642857143,0.0,0,0,0,0.0,0.0,0.0,0.0,0.0,Keypad,1.0,1.0,0.55,Mangalore,post_successor,EOL_HOLD,EOL HOLD: successor already launched; avoid additional predecessor inventory.,8000
BLR03,MOD040,0.41092794642857144,1.0,0.5870399234693878,0.0,0,0,0,0.0,0.0,0.0,0.0,0.0,Mid-range,1.1,1.0,0.55,Bangalore,post_successor,EOL_HOLD,EOL HOLD: successor already launched; avoid additional predecessor inventory.,35000
BLR03,MOD002,0.40878723214285717,1.0,0.5839817602040817,0.0,0,0,0,0.0,0.0,0.0,0.0,0.0,Keypad,0.85,1.0,0.55,Bangalore,post_successor,EOL_HOLD,EOL HOLD: successor already launched; avoid additional predecessor inventory.,7500
CHI01,MOD040,0.4066366071428571,2.0,0.5809094387755102,0.0,0,0,0,0.0,0.0,0.0,0.0,0.0,Mid-range,1.0,1.0,0.55,Chitradurga,post_successor,EOL_HOLD,EOL HOLD: successor already launched; avoid additional predecessor inventory.,35000
UDU01,MOD006,0.40584375000000006,1.0,0.5797767857142857,0.0,0,0,0,0.0,0.0,0.0,0.0,0.0,Keypad,1.0,1.0,0.55,Udupi,post_successor,EOL_HOLD,EOL HOLD: successor already launched; avoid additional predecessor inventory.,7000
MAN02,MOD009,0.4050013392857143,1.0,0.5785733418367347,0.0,0,0,0,0.0,0.0,0.0,0.0,0.0,Keypad,1.0,1.0,0.55,Mangalore,post_successor,EOL_HOLD,EOL HOLD: successor already launched; avoid additional predecessor inventory.,7500
BLR04,MOD050,0.40306875,1.0,0.5758125,0.0,0,0,0,0.0,0.0,0.0,0.0,0.0,Mid-range,1.1,1.0,0.55,Bangalore,post_successor,EOL_HOLD,EOL HOLD: successor already launched; avoid additional predecessor inventory.,43500
MAN01,MOD038,0.40263267857142865,1.0,0.5751895408163267,0.0,0,0,0,0.0,0.0,0.0,0.0,0.0,Mid-range,1.0,1.0,0.55,Mangalore,post_successor,EOL_HOLD,EOL HOLD: successor already launched; avoid additional predecessor inventory.,33500
TUM02,MOD013,0.4011361607142857,1.0,0.5730516581632653,0.0,0,0,0,0.0,0.0,0.0,0.0,0.0,Budget,1.0,1.0,0.55,Tumkur,post_successor,EOL_HOLD,EOL HOLD: successor already launched; avoid additional predecessor inventory.,12000
MYS01,MOD006,0.39964955357142856,1.0,0.5709279336734694,0.0,0,0,0,0.0,0.0,0.0,0.0,0.0,Keypad,1.0,1.0,0.55,Mysore,post_successor,EOL_HOLD,EOL HOLD: successor already launched; avoid additional predecessor inventory.,7000
KAL01,MOD040,0.39920357142857144,1.0,0.5702908163265307,0.0,0,0,0,0.0,0.0,0.0,0.0,0.0,Mid-range,1.0,1.0,0.55,Kalaburagi,post_successor,EOL_HOLD,EOL HOLD: successor already launched; avoid additional predecessor inventory.,35000
HUB01,MOD006,0.39855937500000005,1.0,0.5693705357142858,0.0,0,0,0,0.0,0.0,0.0,0.0,0.0,Keypad,1.0,1.0,0.55,Hubli,post_successor,EOL_HOLD,EOL HOLD: successor already launched; avoid additional predecessor inventory.,7000
BLR05,MOD019,0.39835125000000005,1.0,0.5690732142857143,0.0,0,0,0,0.0,0.0,0.0,0.0,0.0,Budget,0.95,1.0,0.55,Bangalore,post_successor,EOL_HOLD,EOL HOLD: successor already launched; avoid additional predecessor inventory.,11000
HUB02,MOD014,0.3942482142857144,1.0,0.5632117346938778,0.0,0,0,0,0.0,0.0,0.0,0.0,0.0,Budget,1.0,1.0,0.55,Hubli,post_successor,EOL_HOLD,EOL HOLD: successor already launched; avoid additional predecessor inventory.,12500
BLR06,MOD048,0.39333522727272724,1.0,0.5619074675324675,0.0,0,0,0,0.0,0.0,0.0,0.0,0.0,Flagship,1.2,1.0,1.0,Bangalore,normal,NO_REPLENISHMENT_NEEDED,HOLD: current stock covers the target forecast requirement.,54000
HOS01,MOD028,0.39206785714285713,2.0,0.5600969387755101,0.0,0,0,0,0.0,0.0,0.0,0.0,0.0,Mid-range,1.0,1.0,0.55,Hassan,post_successor,EOL_HOLD,EOL HOLD: successor already launched; avoid additional predecessor inventory.,28000
CHI01,MOD032,0.391621875,1.0,0.5594598214285714,0.0,0,0,0,0.0,0.0,0.0,0.0,0.0,Mid-range,1.0,1.0,0.55,Chitradurga,post_successor,EOL_HOLD,EOL HOLD: successor already launched; avoid additional predecessor inventory.,27000
MYS02,MOD051,0.39132905844155846,1.0,0.5590415120593692,0.0,0,0,0,0.0,0.0,0.0,0.0,0.0,Flagship,1.0,1.0,1.0,Mysore,normal,NO_REPLENISHMENT_NEEDED,HOLD: current stock covers the target forecast requirement.,45500
BLR08,MOD060,0.3907824675324675,1.0,0.558260667903525,0.0,0,0,0,0.0,0.0,0.0,0.0,0.0,Premium,1.3,1.0,1.0,Bangalore,normal,NO_REPLENISHMENT_NEEDED,HOLD: current stock covers the target forecast requirement.,102500
DAV02,MOD005,0.3897883928571429,2.0,0.5568405612244899,0.0,0,0,0,0.0,0.0,0.0,0.0,0.0,Keypad,1.15,1.0,0.55,Davangere,post_successor,EOL_HOLD,EOL HOLD: successor already launched; avoid additional predecessor inventory.,6500
DAV01,MOD022,0.38978839285714284,1.0,0.5568405612244898,0.0,0,0,0,0.0,0.0,0.0,0.0,0.0,Budget,1.3,1.0,0.55,Davangere,post_successor,EOL_HOLD,EOL HOLD: successor already launched; avoid additional predecessor inventory.,13000
SHI01,MOD040,0.3872666666666667,1.0,0.5532380952380953,0.0,0,0,0,0.0,0.0,0.0,0.0,0.0,Mid-range,1.0,1.0,0.55,Shivamogga,post_successor,EOL_HOLD,EOL HOLD: successor already launched; avoid additional predecessor inventory.,35000
BLR08,MOD028,0.3865674107142858,1.0,0.5522391581632654,0.0,0,0,0,0.0,0.0,0.0,0.0,0.0,Mid-range,1.1,1.0,0.55,Bangalore,post_successor,EOL_HOLD,EOL HOLD: successor already launched; avoid additional predecessor inventory.,28000
MAN01,MOD022,0.38463482142857147,2.0,0.5494783163265307,0.0,0,0,0,0.0,0.0,0.0,0.0,0.0,Budget,1.0,1.0,0.55,Mangalore,post_successor,EOL_HOLD,EOL HOLD: successor already launched; avoid additional predecessor inventory.,13000
BLR07,MOD055,0.38390142857142856,1.0,0.548430612244898,0.0,0,0,0,0.0,0.0,0.0,0.0,0.0,Premium,1.3,1.0,0.55,Bangalore,post_successor,EOL_HOLD,EOL HOLD: successor already launched; avoid additional predecessor inventory.,120000
TUM02,MOD023,0.38344553571428563,2.0,0.5477793367346938,0.0,0,0,0,0.0,0.0,0.0,0.0,0.0,Budget,1.0,1.0,0.55,Tumkur,post_successor,EOL_HOLD,EOL HOLD: successor already launched; avoid additional predecessor inventory.,13500
CHI01,MOD037,0.38086875000000003,1.0,0.5440982142857144,0.0,0,0,0,0.0,0.0,0.0,0.0,0.0,Mid-range,1.0,1.0,0.55,Chitradurga,post_successor,EOL_HOLD,EOL HOLD: successor already launched; avoid additional predecessor inventory.,32000
TUM01,MOD029,0.3807200892857142,1.0,0.5438858418367346,0.0,0,0,0,0.0,0.0,0.0,0.0,0.0,Mid-range,1.0,1.0,0.55,Tumkur,post_successor,EOL_HOLD,EOL HOLD: successor already launched; avoid additional predecessor inventory.,29000
BLR06,MOD031,0.37700357142857144,2.0,0.5385765306122449,0.0,0,0,0,0.0,0.0,0.0,0.0,0.0,Mid-range,1.1,1.0,0.55,Bangalore,post_successor,EOL_HOLD,EOL HOLD: successor already launched; avoid additional predecessor inventory.,26000
DAV02,MOD057,0.376426948051948,1.0,0.5377527829313543,0.0,0,0,0,0.0,0.0,0.0,0.0,0.0,Premium,0.75,1.0,1.0,Davangere,normal,NO_REPLENISHMENT_NEEDED,HOLD: current stock covers the target forecast requirement.,129500
BLR08,MOD049,0.3753958333333333,1.0,0.5362797619047619,0.0,0,0,0,0.0,0.0,0.0,0.0,0.0,Mid-range,1.1,1.0,0.55,Bangalore,post_successor,EOL_HOLD,EOL HOLD: successor already launched; avoid additional predecessor inventory.,42000
KAL01,MOD022,0.37061116071428574,1.0,0.5294445153061225,0.0,0,0,0,0.0,0.0,0.0,0.0,0.0,Budget,1.0,1.0,0.55,Kalaburagi,post_successor,EOL_HOLD,EOL HOLD: successor already launched; avoid additional predecessor inventory.,13000
DAV02,MOD031,0.3700165178571429,2.0,0.5285950255102041,0.0,0,0,0,0.0,0.0,0.0,0.0,0.0,Mid-range,0.95,1.0,0.55,Davangere,post_successor,EOL_HOLD,EOL HOLD: successor already launched; avoid additional predecessor inventory.,26000
CHI01,MOD056,0.3695617857142858,1.0,0.5279454081632654,0.0,0,0,0,0.0,0.0,0.0,0.0,0.0,Premium,1.0,1.0,0.55,Chitradurga,post_successor,EOL_HOLD,EOL HOLD: successor already launched; avoid additional predecessor inventory.,125000
BLR05,MOD009,0.36834678571428575,1.0,0.526209693877551,0.0,0,0,0,0.0,0.0,0.0,0.0,0.0,Keypad,0.85,1.0,0.55,Bangalore,post_successor,EOL_HOLD,EOL HOLD: successor already launched; avoid additional predecessor inventory.,7500
BEL01,MOD038,0.36706428571428573,1.0,0.5243775510204082,0.0,0,0,0,0.0,0.0,0.0,0.0,0.0,Mid-range,1.0,1.0,0.55,Belgaum,post_successor,EOL_HOLD,EOL HOLD: successor already launched; avoid additional predecessor inventory.,33500
BLR07,MOD049,0.3657142857142857,1.0,0.5224489795918367,0.0,0,0,0,0.0,0.0,0.0,0.0,0.0,Mid-range,1.1,1.0,0.55,Bangalore,post_successor,EOL_HOLD,EOL HOLD: successor already launched; avoid additional predecessor inventory.,42000
TUM01,MOD057,0.3647207792207792,1.0,0.5210296846011132,0.0,0,0,0,0.0,0.0,0.0,0.0,0.0,Premium,1.0,1.0,1.0,Tumkur,normal,NO_REPLENISHMENT_NEEDED,HOLD: current stock covers the target forecast requirement.,129500
HUB01,MOD058,0.3639207142857143,1.0,0.5198867346938776,0.0,0,0,0,0.0,0.0,0.0,0.0,0.0,Premium,1.0,1.0,0.55,Hubli,post_successor,EOL_HOLD,EOL HOLD: successor already launched; avoid additional predecessor inventory.,95000
KAL01,MOD038,0.3617607142857143,1.0,0.5168010204081633,0.0,0,0,0,0.0,0.0,0.0,0.0,0.0,Mid-range,1.0,1.0,0.55,Kalaburagi,post_successor,EOL_HOLD,EOL HOLD: successor already launched; avoid additional predecessor inventory.,33500
BLR06,MOD056,0.3615785714285714,1.0,0.5165408163265306,0.0,0,0,0,0.0,0.0,0.0,0.0,0.0,Premium,1.3,1.0,0.55,Bangalore,post_successor,EOL_HOLD,EOL HOLD: successor already launched; avoid additional predecessor inventory.,125000
MYS02,MOD053,0.36149071428571433,1.0,0.5164153061224491,0.0,0,0,0,0.0,0.0,0.0,0.0,0.0,Premium,1.0,1.0,0.55,Mysore,post_successor,EOL_HOLD,EOL HOLD: successor already launched; avoid additional predecessor inventory.,88500
MAN02,MOD034,0.3597839285714286,1.0,0.5139770408163266,0.0,0,0,0,0.0,0.0,0.0,0.0,0.0,Mid-range,1.0,1.0,0.55,Mangalore,post_successor,EOL_HOLD,EOL HOLD: successor already launched; avoid additional predecessor inventory.,28000
HUB02,MOD035,0.35949464285714283,1.0,0.513563775510204,0.0,0,0,0,0.0,0.0,0.0,0.0,0.0,Mid-range,1.0,1.0,0.55,Hubli,post_successor,EOL_HOLD,EOL HOLD: successor already launched; avoid additional predecessor inventory.,29000
MYS01,MOD050,0.35940785714285717,1.0,0.5134397959183674,0.0,0,0,0,0.0,0.0,0.0,0.0,0.0,Mid-range,1.0,1.0,0.55,Mysore,post_successor,EOL_HOLD,EOL HOLD: successor already launched; avoid additional predecessor inventory.,43500
BLR01,MOD002,0.3593982142857143,1.0,0.5134260204081632,0.0,0,0,0,0.0,0.0,0.0,0.0,0.0,Keypad,0.85,1.0,0.55,Bangalore,post_successor,EOL_HOLD,EOL HOLD: successor already launched; avoid additional predecessor inventory.,7500
MYS01,MOD026,0.3593017857142857,2.0,0.5132882653061225,0.0,0,0,0,0.0,0.0,0.0,0.0,0.0,Mid-range,1.0,1.0,0.55,Mysore,post_successor,EOL_HOLD,EOL HOLD: successor already launched; avoid additional predecessor inventory.,25000
BEL01,MOD017,0.35915714285714284,1.0,0.5130816326530612,0.0,0,0,0,0.0,0.0,0.0,0.0,0.0,Budget,1.0,1.0,0.55,Belgaum,post_successor,EOL_HOLD,EOL HOLD: successor already launched; avoid additional predecessor inventory.,14500
HOS01,MOD020,0.35828928571428575,1.0,0.5118418367346939,0.0,0,0,0,0.0,0.0,0.0,0.0,0.0,Budget,1.0,1.0,0.55,Hassan,post_successor,EOL_HOLD,EOL HOLD: successor already launched; avoid additional predecessor inventory.,11500
BLR08,MOD009,0.3567464285714286,2.0,0.5096377551020408,0.0,0,0,0,0.0,0.0,0.0,0.0,0.0,Keypad,0.85,1.0,0.55,Bangalore,post_successor,EOL_HOLD,EOL HOLD: successor already launched; avoid additional predecessor inventory.,7500
BLR01,MOD013,0.35587857142857143,1.0,0.5083979591836735,0.0,0,0,0,0.0,0.0,0.0,0.0,0.0,Budget,0.95,1.0,0.55,Bangalore,post_successor,EOL_HOLD,EOL HOLD: successor already launched; avoid additional predecessor inventory.,12000
TUM02,MOD016,0.35539642857142856,1.0,0.5077091836734694,0.0,0,0,0,0.0,0.0,0.0,0.0,0.0,Budget,1.0,1.0,0.55,Tumkur,post_successor,EOL_HOLD,EOL HOLD: successor already launched; avoid additional predecessor inventory.,14000
BLR01,MOD005,0.35520357142857145,1.0,0.5074336734693878,0.0,0,0,0,0.0,0.0,0.0,0.0,0.0,Keypad,0.85,1.0,0.55,Bangalore,post_successor,EOL_HOLD,EOL HOLD: successor already launched; avoid additional predecessor inventory.,6500
BLR01,MOD009,0.3551071428571429,2.0,0.507295918367347,0.0,0,0,0,0.0,0.0,0.0,0.0,0.0,Keypad,0.85,1.0,0.55,Bangalore,post_successor,EOL_HOLD,EOL HOLD: successor already launched; avoid additional predecessor inventory.,7500
MYS02,MOD002,0.354625,1.0,0.5066071428571429,0.0,0,0,0,0.0,0.0,0.0,0.0,0.0,Keypad,1.0,1.0,0.55,Mysore,post_successor,EOL_HOLD,EOL HOLD: successor already launched; avoid additional predecessor inventory.,7500
HUB01,MOD037,0.35409464285714287,2.0,0.5058494897959184,0.0,0,0,0,0.0,0.0,0.0,0.0,0.0,Mid-range,1.0,1.0,0.55,Hubli,post_successor,EOL_HOLD,EOL HOLD: successor already launched; avoid additional predecessor inventory.,32000
UDU01,MOD044,0.35409464285714287,1.0,0.5058494897959184,0.0,0,0,0,0.0,0.0,0.0,0.0,0.0,Mid-range,1.0,1.0,0.55,Udupi,post_successor,EOL_HOLD,EOL HOLD: successor already launched; avoid additional predecessor inventory.,36500
HOS01,MOD023,0.3535642857142857,2.0,0.5050918367346939,0.0,0,0,0,0.0,0.0,0.0,0.0,0.0,Budget,1.0,1.0,0.55,Hassan,post_successor,EOL_HOLD,EOL HOLD: successor already launched; avoid additional predecessor inventory.,13500
KAL01,MOD013,0.3528732142857143,1.0,0.5041045918367347,0.0,0,0,0,0.0,0.0,0.0,0.0,0.0,Budget,1.0,1.0,0.55,Kalaburagi,post_successor,EOL_HOLD,EOL HOLD: successor already launched; avoid additional predecessor inventory.,12000
MAN02,MOD001,0.3526482142857143,1.0,0.5037831632653061,0.0,0,0,0,0.0,0.0,0.0,0.0,0.0,Keypad,1.0,1.0,0.55,Mangalore,post_successor,EOL_HOLD,EOL HOLD: successor already launched; avoid additional predecessor inventory.,7000
BLR03,MOD019,0.3525517857142857,1.0,0.5036454081632653,0.0,0,0,0,0.0,0.0,0.0,0.0,0.0,Budget,0.95,1.0,0.55,Bangalore,post_successor,EOL_HOLD,EOL HOLD: successor already launched; avoid additional predecessor inventory.,11000
TUM01,MOD043,0.35226250000000003,1.0,0.5032321428571429,0.0,0,0,0,0.0,0.0,0.0,0.0,0.0,Mid-range,1.0,1.0,0.55,Tumkur,post_successor,EOL_HOLD,EOL HOLD: successor already launched; avoid additional predecessor inventory.,35000
TUM02,MOD025,0.35226250000000003,2.0,0.5032321428571429,0.0,0,0,0,0.0,0.0,0.0,0.0,0.0,Upper-mid,1.0,1.0,0.55,Tumkur,post_successor,EOL_HOLD,EOL HOLD: successor already launched; avoid additional predecessor inventory.,24000
SHI01,MOD016,0.3521875,1.0,0.5031249999999999,0.0,0,0,0,0.0,0.0,0.0,0.0,0.0,Budget,1.0,1.0,0.55,Shivamogga,post_successor,EOL_HOLD,EOL HOLD: successor already launched; avoid additional predecessor inventory.,14000
BEL01,MOD047,0.3515875,1.0,0.5022678571428572,0.0,0,0,0,0.0,0.0,0.0,0.0,0.0,Flagship,1.0,1.0,0.55,Belgaum,post_successor,EOL_HOLD,EOL HOLD: successor already launched; avoid additional predecessor inventory.,52000
BLR07,MOD043,0.3511053571428572,1.0,0.5015790816326531,0.0,0,0,0,0.0,0.0,0.0,0.0,0.0,Mid-range,1.1,1.0,0.55,Bangalore,post_successor,EOL_HOLD,EOL HOLD: successor already launched; avoid additional predecessor inventory.,35000
BLR06,MOD050,0.350575,2.0,0.5008214285714286,0.0,0,0,0,0.0,0.0,0.0,0.0,0.0,Mid-range,1.1,1.0,0.55,Bangalore,post_successor,EOL_HOLD,EOL HOLD: successor already launched; avoid additional predecessor inventory.,43500
BEL01,MOD032,0.35000000000000003,1.0,0.5000000000000001,0.0,0,0,0,0.0,0.0,0.0,0.0,0.0,Mid-range,1.0,1.0,0.55,Belgaum,post_successor,EOL_HOLD,EOL HOLD: successor already launched; avoid additional predecessor inventory.,27000
BEL01,MOD040,0.35000000000000003,1.0,0.5000000000000001,0.0,0,0,0,0.0,0.0,0.0,0.0,0.0,Mid-range,1.0,1.0,0.55,Belgaum,post_successor,EOL_HOLD,EOL HOLD: successor already launched; avoid additional predecessor inventory.,35000
BLR01,MOD001,0.35000000000000003,1.0,0.5000000000000001,0.0,0,0,0,0.0,0.0,0.0,0.0,0.0,Keypad,0.85,1.0,0.55,Bangalore,post_successor,EOL_HOLD,EOL HOLD: successor already launched; avoid additional predecessor inventory.,7000
BLR01,MOD016,0.35000000000000003,1.0,0.5000000000000001,0.0,0,0,0,0.0,0.0,0.0,0.0,0.0,Budget,0.95,1.0,0.55,Bangalore,post_successor,EOL_HOLD,EOL HOLD: successor already launched; avoid additional predecessor inventory.,14000
BLR01,MOD023,0.35000000000000003,1.0,0.5000000000000001,0.0,0,0,0,0.0,0.0,0.0,0.0,0.0,Budget,0.95,1.0,0.55,Bangalore,post_successor,EOL_HOLD,EOL HOLD: successor already launched; avoid additional predecessor inventory.,13500
BLR03,MOD014,0.35000000000000003,1.0,0.5000000000000001,0.0,0,0,0,0.0,0.0,0.0,0.0,0.0,Budget,0.95,1.0,0.55,Bangalore,post_successor,EOL_HOLD,EOL HOLD: successor already launched; avoid additional predecessor inventory.,12500
BLR03,MOD020,0.35000000000000003,1.0,0.5000000000000001,0.0,0,0,0,0.0,0.0,0.0,0.0,0.0,Budget,0.95,1.0,0.55,Bangalore,post_successor,EOL_HOLD,EOL HOLD: successor already launched; avoid additional predecessor inventory.,11500
BLR03,MOD022,0.35000000000000003,1.0,0.5000000000000001,0.0,0,0,0,0.0,0.0,0.0,0.0,0.0,Budget,0.95,1.0,0.55,Bangalore,post_successor,EOL_HOLD,EOL HOLD: successor already launched; avoid additional predecessor inventory.,13000
BLR03,MOD023,0.35000000000000003,1.0,0.5000000000000001,0.0,0,0,0,0.0,0.0,0.0,0.0,0.0,Budget,0.95,1.0,0.55,Bangalore,post_successor,EOL_HOLD,EOL HOLD: successor already launched; avoid additional predecessor inventory.,13500
BLR03,MOD058,0.35000000000000003,1.0,0.5000000000000001,0.0,0,0,0,0.0,0.0,0.0,0.0,0.0,Premium,1.3,1.0,0.55,Bangalore,post_successor,EOL_HOLD,EOL HOLD: successor already launched; avoid additional predecessor inventory.,95000
BLR04,MOD002,0.35000000000000003,1.0,0.5000000000000001,0.0,0,0,0,0.0,0.0,0.0,0.0,0.0,Keypad,0.85,1.0,0.55,Bangalore,post_successor,EOL_HOLD,EOL HOLD: successor already launched; avoid additional predecessor inventory.,7500
BLR04,MOD022,0.35000000000000003,1.0,0.5000000000000001,0.0,0,0,0,0.0,0.0,0.0,0.0,0.0,Budget,0.95,1.0,0.55,Bangalore,post_successor,EOL_HOLD,EOL HOLD: successor already launched; avoid additional predecessor inventory.,13000
BLR04,MOD041,0.35000000000000003,1.0,0.5000000000000001,0.0,0,0,0,0.0,0.0,0.0,0.0,0.0,Mid-range,1.1,1.0,0.55,Bangalore,post_successor,EOL_HOLD,EOL HOLD: successor already launched; avoid additional predecessor inventory.,36500
BLR05,MOD001,0.35000000000000003,1.0,0.5000000000000001,0.0,0,0,0,0.0,0.0,0.0,0.0,0.0,Keypad,0.85,1.0,0.55,Bangalore,post_successor,EOL_HOLD,EOL HOLD: successor already launched; avoid additional predecessor inventory.,7000
BLR06,MOD049,0.35000000000000003,1.0,0.5000000000000001,0.0,0,0,0,0.0,0.0,0.0,0.0,0.0,Mid-range,1.1,1.0,0.55,Bangalore,post_successor,EOL_HOLD,EOL HOLD: successor already launched; avoid additional predecessor inventory.,42000
BLR07,MOD010,0.35000000000000003,1.0,0.5000000000000001,0.0,0,0,0,0.0,0.0,0.0,0.0,0.0,Keypad,0.85,1.0,0.55,Bangalore,post_successor,EOL_HOLD,EOL HOLD: successor already launched; avoid additional predecessor inventory.,8000
BLR07,MOD023,0.35000000000000003,1.0,0.5000000000000001,0.0,0,0,0,0.0,0.0,0.0,0.0,0.0,Budget,0.95,1.0,0.55,Bangalore,post_successor,EOL_HOLD,EOL HOLD: successor already launched; avoid additional predecessor inventory.,13500
BLR07,MOD047,0.35000000000000003,1.0,0.5000000000000001,0.0,0,0,0,0.0,0.0,0.0,0.0,0.0,Flagship,1.2,1.0,0.55,Bangalore,post_successor,EOL_HOLD,EOL HOLD: successor already launched; avoid additional predecessor inventory.,52000
BLR08,MOD010,0.35000000000000003,1.0,0.5000000000000001,0.0,0,0,0,0.0,0.0,0.0,0.0,0.0,Keypad,0.85,1.0,0.55,Bangalore,post_successor,EOL_HOLD,EOL HOLD: successor already launched; avoid additional predecessor inventory.,8000
BLR08,MOD046,0.35000000000000003,1.0,0.5000000000000001,0.0,0,0,0,0.0,0.0,0.0,0.0,0.0,Flagship,1.2,1.0,0.55,Bangalore,post_successor,EOL_HOLD,EOL HOLD: successor already launched; avoid additional predecessor inventory.,50000
CHI01,MOD010,0.35000000000000003,2.0,0.5000000000000001,0.0,0,0,0,0.0,0.0,0.0,0.0,0.0,Keypad,1.0,1.0,0.55,Chitradurga,post_successor,EOL_HOLD,EOL HOLD: successor already launched; avoid additional predecessor inventory.,8000
CHI01,MOD041,0.35000000000000003,1.0,0.5000000000000001,0.0,0,0,0,0.0,0.0,0.0,0.0,0.0,Mid-range,1.0,1.0,0.55,Chitradurga,post_successor,EOL_HOLD,EOL HOLD: successor already launched; avoid additional predecessor inventory.,36500
CHI01,MOD053,0.35000000000000003,1.0,0.5000000000000001,0.0,0,0,0,0.0,0.0,0.0,0.0,0.0,Premium,1.0,1.0,0.55,Chitradurga,post_successor,EOL_HOLD,EOL HOLD: successor already launched; avoid additional predecessor inventory.,88500
CHI01,MOD054,0.35000000000000003,1.0,0.5000000000000001,0.0,0,0,0,0.0,0.0,0.0,0.0,0.0,Premium,1.0,1.0,1.0,Chitradurga,normal,NO_REPLENISHMENT_NEEDED,HOLD: current stock covers the target forecast requirement.,92000
CHI01,MOD057,0.35000000000000003,1.0,0.5000000000000001,0.0,0,0,0,0.0,0.0,0.0,0.0,0.0,Premium,1.0,1.0,1.0,Chitradurga,normal,NO_REPLENISHMENT_NEEDED,HOLD: current stock covers the target forecast requirement.,129500
CHI01,MOD060,0.35000000000000003,1.0,0.5000000000000001,0.0,0,0,0,0.0,0.0,0.0,0.0,0.0,Premium,1.0,1.0,1.0,Chitradurga,normal,NO_REPLENISHMENT_NEEDED,HOLD: current stock covers the target forecast requirement.,102500
DAV01,MOD031,0.35000000000000003,1.0,0.5000000000000001,0.0,0,0,0,0.0,0.0,0.0,0.0,0.0,Mid-range,0.95,1.0,0.55,Davangere,post_successor,EOL_HOLD,EOL HOLD: successor already launched; avoid additional predecessor inventory.,26000
DAV01,MOD037,0.35000000000000003,1.0,0.5000000000000001,0.0,0,0,0,0.0,0.0,0.0,0.0,0.0,Mid-range,0.95,1.0,0.55,Davangere,post_successor,EOL_HOLD,EOL HOLD: successor already launched; avoid additional predecessor inventory.,32000
DAV01,MOD054,0.35000000000000003,1.0,0.5000000000000001,0.0,0,0,0,0.0,0.0,0.0,0.0,0.0,Premium,0.75,1.0,1.0,Davangere,normal,NO_REPLENISHMENT_NEEDED,HOLD: current stock covers the target forecast requirement.,92000
DAV02,MOD002,0.35000000000000003,1.0,0.5000000000000001,0.0,0,0,0,0.0,0.0,0.0,0.0,0.0,Keypad,1.15,1.0,0.55,Davangere,post_successor,EOL_HOLD,EOL HOLD: successor already launched; avoid additional predecessor inventory.,7500
DAV02,MOD022,0.35000000000000003,1.0,0.5000000000000001,0.0,0,0,0,0.0,0.0,0.0,0.0,0.0,Budget,1.3,1.0,0.55,Davangere,post_successor,EOL_HOLD,EOL HOLD: successor already launched; avoid additional predecessor inventory.,13000
DAV02,MOD043,0.35000000000000003,1.0,0.5000000000000001,0.0,0,0,0,0.0,0.0,0.0,0.0,0.0,Mid-range,0.95,1.0,0.55,Davangere,post_successor,EOL_HOLD,EOL HOLD: successor already launched; avoid additional predecessor inventory.,35000
DAV02,MOD059,0.35000000000000003,1.0,0.5000000000000001,0.0,0,0,0,0.0,0.0,0.0,0.0,0.0,Premium,0.75,1.0,0.55,Davangere,post_successor,EOL_HOLD,EOL HOLD: successor already launched; avoid additional predecessor inventory.,99000
HOS01,MOD031,0.35000000000000003,1.0,0.5000000000000001,0.0,0,0,0,0.0,0.0,0.0,0.0,0.0,Mid-range,1.0,1.0,0.55,Hassan,post_successor,EOL_HOLD,EOL HOLD: successor already launched; avoid additional predecessor inventory.,26000
HOS01,MOD032,0.35000000000000003,1.0,0.5000000000000001,0.0,0,0,0,0.0,0.0,0.0,0.0,0.0,Mid-range,1.0,1.0,0.55,Hassan,post_successor,EOL_HOLD,EOL HOLD: successor already launched; avoid additional predecessor inventory.,27000
HOS01,MOD043,0.35000000000000003,1.0,0.5000000000000001,0.0,0,0,0,0.0,0.0,0.0,0.0,0.0,Mid-range,1.0,1.0,0.55,Hassan,post_successor,EOL_HOLD,EOL HOLD: successor already launched; avoid additional predecessor inventory.,35000
HOS01,MOD054,0.35000000000000003,1.0,0.5000000000000001,0.0,0,0,0,0.0,0.0,0.0,0.0,0.0,Premium,1.0,1.0,1.0,Hassan,normal,NO_REPLENISHMENT_NEEDED,HOLD: current stock covers the target forecast requirement.,92000
HUB01,MOD010,0.35000000000000003,1.0,0.5000000000000001,0.0,0,0,0,0.0,0.0,0.0,0.0,0.0,Keypad,1.0,1.0,0.55,Hubli,post_successor,EOL_HOLD,EOL HOLD: successor already launched; avoid additional predecessor inventory.,8000
HUB01,MOD032,0.35000000000000003,1.0,0.5000000000000001,0.0,0,0,0,0.0,0.0,0.0,0.0,0.0,Mid-range,1.0,1.0,0.55,Hubli,post_successor,EOL_HOLD,EOL HOLD: successor already launched; avoid additional predecessor inventory.,27000
HUB01,MOD034,0.35000000000000003,1.0,0.5000000000000001,0.0,0,0,0,0.0,0.0,0.0,0.0,0.0,Mid-range,1.0,1.0,0.55,Hubli,post_successor,EOL_HOLD,EOL HOLD: successor already launched; avoid additional predecessor inventory.,28000
HUB01,MOD049,0.35000000000000003,1.0,0.5000000000000001,0.0,0,0,0,0.0,0.0,0.0,0.0,0.0,Mid-range,1.0,1.0,0.55,Hubli,post_successor,EOL_HOLD,EOL HOLD: successor already launched; avoid additional predecessor inventory.,42000
HUB02,MOD043,0.35000000000000003,1.0,0.5000000000000001,0.0,0,0,0,0.0,0.0,0.0,0.0,0.0,Mid-range,1.0,1.0,0.55,Hubli,post_successor,EOL_HOLD,EOL HOLD: successor already launched; avoid additional predecessor inventory.,35000
HUB02,MOD048,0.35000000000000003,1.0,0.5000000000000001,0.0,0,0,0,0.0,0.0,0.0,0.0,0.0,Flagship,1.0,1.0,1.0,Hubli,normal,NO_REPLENISHMENT_NEEDED,HOLD: current stock covers the target forecast requirement.,54000
HUB02,MOD050,0.35000000000000003,1.0,0.5000000000000001,0.0,0,0,0,0.0,0.0,0.0,0.0,0.0,Mid-range,1.0,1.0,0.55,Hubli,post_successor,EOL_HOLD,EOL HOLD: successor already launched; avoid additional predecessor inventory.,43500
HUB02,MOD053,0.35000000000000003,1.0,0.5000000000000001,0.0,0,0,0,0.0,0.0,0.0,0.0,0.0,Premium,1.0,1.0,0.55,Hubli,post_successor,EOL_HOLD,EOL HOLD: successor already launched; avoid additional predecessor inventory.,88500
HUB02,MOD054,0.35000000000000003,1.0,0.5000000000000001,0.0,0,0,0,0.0,0.0,0.0,0.0,0.0,Premium,1.0,1.0,1.0,Hubli,normal,NO_REPLENISHMENT_NEEDED,HOLD: current stock covers the target forecast requirement.,92000
KAL01,MOD026,0.35000000000000003,1.0,0.5000000000000001,0.0,0,0,0,0.0,0.0,0.0,0.0,0.0,Mid-range,1.0,1.0,0.55,Kalaburagi,post_successor,EOL_HOLD,EOL HOLD: successor already launched; avoid additional predecessor inventory.,25000
KAL01,MOD053,0.35000000000000003,1.0,0.5000000000000001,0.0,0,0,0,0.0,0.0,0.0,0.0,0.0,Premium,1.0,1.0,0.55,Kalaburagi,post_successor,EOL_HOLD,EOL HOLD: successor already launched; avoid additional predecessor inventory.,88500
KOP01,MOD029,0.35000000000000003,1.0,0.5000000000000001,0.0,0,0,0,0.0,0.0,0.0,0.0,0.0,Mid-range,1.0,1.0,0.55,Koppal,post_successor,EOL_HOLD,EOL HOLD: successor already launched; avoid additional predecessor inventory.,29000
KOP01,MOD051,0.35000000000000003,1.0,0.5000000000000001,0.0,0,0,0,0.0,0.0,0.0,0.0,0.0,Flagship,1.0,1.0,1.0,Koppal,normal,NO_REPLENISHMENT_NEEDED,HOLD: current stock covers the target forecast requirement.,45500
MAN01,MOD001,0.35000000000000003,1.0,0.5000000000000001,0.0,0,0,0,0.0,0.0,0.0,0.0,0.0,Keypad,1.0,1.0,0.55,Mangalore,post_successor,EOL_HOLD,EOL HOLD: successor already launched; avoid additional predecessor inventory.,7000
MAN01,MOD035,0.35000000000000003,1.0,0.5000000000000001,0.0,0,0,0,0.0,0.0,0.0,0.0,0.0,Mid-range,1.0,1.0,0.55,Mangalore,post_successor,EOL_HOLD,EOL HOLD: successor already launched; avoid additional predecessor inventory.,29000
MAN01,MOD055,0.35000000000000003,2.0,0.5000000000000001,0.0,0,0,0,0.0,0.0,0.0,0.0,0.0,Premium,1.0,1.0,0.55,Mangalore,post_successor,EOL_HOLD,EOL HOLD: successor already launched; avoid additional predecessor inventory.,120000
MAN02,MOD003,0.35000000000000003,1.0,0.5000000000000001,0.0,0,0,0,0.0,0.0,0.0,0.0,0.0,Keypad,1.0,1.0,0.6,Mangalore,post_successor,EOL_HOLD,EOL HOLD: successor already launched; avoid additional predecessor inventory.,7500
MAN02,MOD005,0.35000000000000003,1.0,0.5000000000000001,0.0,0,0,0,0.0,0.0,0.0,0.0,0.0,Keypad,1.0,1.0,0.55,Mangalore,post_successor,EOL_HOLD,EOL HOLD: successor already launched; avoid additional predecessor inventory.,6500
MAN02,MOD017,0.35000000000000003,1.0,0.5000000000000001,0.0,0,0,0,0.0,0.0,0.0,0.0,0.0,Budget,1.0,1.0,0.55,Mangalore,post_successor,EOL_HOLD,EOL HOLD: successor already launched; avoid additional predecessor inventory.,14500
MAN02,MOD022,0.35000000000000003,1.0,0.5000000000000001,0.0,0,0,0,0.0,0.0,0.0,0.0,0.0,Budget,1.0,1.0,0.55,Mangalore,post_successor,EOL_HOLD,EOL HOLD: successor already launched; avoid additional predecessor inventory.,13000
MAN02,MOD032,0.35000000000000003,1.0,0.5000000000000001,0.0,0,0,0,0.0,0.0,0.0,0.0,0.0,Mid-range,1.0,1.0,0.55,Mangalore,post_successor,EOL_HOLD,EOL HOLD: successor already launched; avoid additional predecessor inventory.,27000
MAN02,MOD035,0.35000000000000003,1.0,0.5000000000000001,0.0,0,0,0,0.0,0.0,0.0,0.0,0.0,Mid-range,1.0,1.0,0.55,Mangalore,post_successor,EOL_HOLD,EOL HOLD: successor already launched; avoid additional predecessor inventory.,29000
MAN02,MOD040,0.35000000000000003,1.0,0.5000000000000001,0.0,0,0,0,0.0,0.0,0.0,0.0,0.0,Mid-range,1.0,1.0,0.55,Mangalore,post_successor,EOL_HOLD,EOL HOLD: successor already launched; avoid additional predecessor inventory.,35000
MAN02,MOD041,0.35000000000000003,1.0,0.5000000000000001,0.0,0,0,0,0.0,0.0,0.0,0.0,0.0,Mid-range,1.0,1.0,0.55,Mangalore,post_successor,EOL_HOLD,EOL HOLD: successor already launched; avoid additional predecessor inventory.,36500
MAN02,MOD049,0.35000000000000003,1.0,0.5000000000000001,0.0,0,0,0,0.0,0.0,0.0,0.0,0.0,Mid-range,1.0,1.0,0.55,Mangalore,post_successor,EOL_HOLD,EOL HOLD: successor already launched; avoid additional predecessor inventory.,42000
MYS01,MOD002,0.35000000000000003,1.0,0.5000000000000001,0.0,0,0,0,0.0,0.0,0.0,0.0,0.0,Keypad,1.0,1.0,0.55,Mysore,post_successor,EOL_HOLD,EOL HOLD: successor already launched; avoid additional predecessor inventory.,7500
MYS01,MOD023,0.35000000000000003,1.0,0.5000000000000001,0.0,0,0,0,0.0,0.0,0.0,0.0,0.0,Budget,1.0,1.0,0.55,Mysore,post_successor,EOL_HOLD,EOL HOLD: successor already launched; avoid additional predecessor inventory.,13500
MYS01,MOD049,0.35000000000000003,1.0,0.5000000000000001,0.0,0,0,0,0.0,0.0,0.0,0.0,0.0,Mid-range,1.0,1.0,0.55,Mysore,post_successor,EOL_HOLD,EOL HOLD: successor already launched; avoid additional predecessor inventory.,42000
MYS01,MOD052,0.35000000000000003,1.0,0.5000000000000001,0.0,0,0,0,0.0,0.0,0.0,0.0,0.0,Premium,1.0,1.0,0.55,Mysore,post_successor,EOL_HOLD,EOL HOLD: successor already launched; avoid additional predecessor inventory.,85000
MYS02,MOD029,0.35000000000000003,1.0,0.5000000000000001,0.0,0,0,0,0.0,0.0,0.0,0.0,0.0,Mid-range,1.0,1.0,0.55,Mysore,post_successor,EOL_HOLD,EOL HOLD: successor already launched; avoid additional predecessor inventory.,29000
MYS02,MOD044,0.35000000000000003,1.0,0.5000000000000001,0.0,0,0,0,0.0,0.0,0.0,0.0,0.0,Mid-range,1.0,1.0,0.55,Mysore,post_successor,EOL_HOLD,EOL HOLD: successor already launched; avoid additional predecessor inventory.,36500
MYS02,MOD052,0.35000000000000003,1.0,0.5000000000000001,0.0,0,0,0,0.0,0.0,0.0,0.0,0.0,Premium,1.0,1.0,0.55,Mysore,post_successor,EOL_HOLD,EOL HOLD: successor already launched; avoid additional predecessor inventory.,85000
MYS02,MOD059,0.35000000000000003,1.0,0.5000000000000001,0.0,0,0,0,0.0,0.0,0.0,0.0,0.0,Premium,1.0,1.0,0.55,Mysore,post_successor,EOL_HOLD,EOL HOLD: successor already launched; avoid additional predecessor inventory.,99000
MYS02,MOD060,0.35000000000000003,1.0,0.5000000000000001,0.0,0,0,0,0.0,0.0,0.0,0.0,0.0,Premium,1.0,1.0,1.0,Mysore,normal,NO_REPLENISHMENT_NEEDED,HOLD: current stock covers the target forecast requirement.,102500
SHI01,MOD032,0.35000000000000003,1.0,0.5000000000000001,0.0,0,0,0,0.0,0.0,0.0,0.0,0.0,Mid-range,1.0,1.0,0.55,Shivamogga,post_successor,EOL_HOLD,EOL HOLD: successor already launched; avoid additional predecessor inventory.,27000
SHI01,MOD043,0.35000000000000003,1.0,0.5000000000000001,0.0,0,0,0,0.0,0.0,0.0,0.0,0.0,Mid-range,1.0,1.0,0.55,Shivamogga,post_successor,EOL_HOLD,EOL HOLD: successor already launched; avoid additional predecessor inventory.,35000
SHI01,MOD053,0.35000000000000003,1.0,0.5000000000000001,0.0,0,0,0,0.0,0.0,0.0,0.0,0.0,Premium,1.0,1.0,0.55,Shivamogga,post_successor,EOL_HOLD,EOL HOLD: successor already launched; avoid additional predecessor inventory.,88500
SHI01,MOD056,0.35000000000000003,1.0,0.5000000000000001,0.0,0,0,0,0.0,0.0,0.0,0.0,0.0,Premium,1.0,1.0,0.55,Shivamogga,post_successor,EOL_HOLD,EOL HOLD: successor already launched; avoid additional predecessor inventory.,125000
TUM01,MOD038,0.35000000000000003,1.0,0.5000000000000001,0.0,0,0,0,0.0,0.0,0.0,0.0,0.0,Mid-range,1.0,1.0,0.55,Tumkur,post_successor,EOL_HOLD,EOL HOLD: successor already launched; avoid additional predecessor inventory.,33500
TUM01,MOD052,0.35000000000000003,1.0,0.5000000000000001,0.0,0,0,0,0.0,0.0,0.0,0.0,0.0,Premium,1.0,1.0,0.55,Tumkur,post_successor,EOL_HOLD,EOL HOLD: successor already launched; avoid additional predecessor inventory.,85000
TUM01,MOD054,0.35000000000000003,1.0,0.5000000000000001,0.0,0,0,0,0.0,0.0,0.0,0.0,0.0,Premium,1.0,1.0,1.0,Tumkur,normal,NO_REPLENISHMENT_NEEDED,HOLD: current stock covers the target forecast requirement.,92000
TUM01,MOD055,0.35000000000000003,1.0,0.5000000000000001,0.0,0,0,0,0.0,0.0,0.0,0.0,0.0,Premium,1.0,1.0,0.55,Tumkur,post_successor,EOL_HOLD,EOL HOLD: successor already launched; avoid additional predecessor inventory.,120000
TUM01,MOD060,0.35000000000000003,1.0,0.5000000000000001,0.0,0,0,0,0.0,0.0,0.0,0.0,0.0,Premium,1.0,1.0,1.0,Tumkur,normal,NO_REPLENISHMENT_NEEDED,HOLD: current stock covers the target forecast requirement.,102500
TUM02,MOD005,0.35000000000000003,1.0,0.5000000000000001,0.0,0,0,0,0.0,0.0,0.0,0.0,0.0,Keypad,1.0,1.0,0.55,Tumkur,post_successor,EOL_HOLD,EOL HOLD: successor already launched; avoid additional predecessor inventory.,6500
TUM02,MOD036,0.35000000000000003,1.0,0.5000000000000001,0.0,0,0,0,0.0,0.0,0.0,0.0,0.0,Mid-range,1.0,1.0,1.0,Tumkur,normal,NO_REPLENISHMENT_NEEDED,HOLD: current stock covers the target forecast requirement.,30000
TUM02,MOD052,0.35000000000000003,1.0,0.5000000000000001,0.0,0,0,0,0.0,0.0,0.0,0.0,0.0,Premium,1.0,1.0,0.55,Tumkur,post_successor,EOL_HOLD,EOL HOLD: successor already launched; avoid additional predecessor inventory.,85000
UDU01,MOD052,0.35000000000000003,1.0,0.5000000000000001,0.0,0,0,0,0.0,0.0,0.0,0.0,0.0,Premium,1.0,1.0,0.55,Udupi,post_successor,EOL_HOLD,EOL HOLD: successor already launched; avoid additional predecessor inventory.,85000
UDU01,MOD053,0.35000000000000003,1.0,0.5000000000000001,0.0,0,0,0,0.0,0.0,0.0,0.0,0.0,Premium,1.0,1.0,0.55,Udupi,post_successor,EOL_HOLD,EOL HOLD: successor already launched; avoid additional predecessor inventory.,88500
